05-03 21:12:07.401 E/BLASTBufferQueue( 7566): [SurfaceView[com.solodevlab.solara/com.solodevlab.solara.MainActivity]#1](f:0,a:2) Faking releaseBufferCallback from transactionCompleteCallback 11034
05-03 21:12:07.447 E/BLASTBufferQueue( 7566): [SurfaceView[com.solodevlab.solara/com.solodevlab.solara.MainActivity]#1](f:0,a:2) ERROR: releaseBufferCallback without corresponding submitted buffer bufferId:32495722561539 framenumber:11034
05-03 21:12:07.447 E/BLASTBufferQueue( 7566): [SurfaceView[com.solodevlab.solara/com.solodevlab.solara.MainActivity]#1](f:0,a:2) Faking releaseBufferCallback from transactionCompleteCallback 11035
05-03 21:12:08.200 E/BLASTBufferQueue( 7566): [SurfaceView[com.solodevlab.solara/com.solodevlab.solara.MainActivity]#1](f:0,a:2) Faking releaseBufferCallback from transactionCompleteCallback 11070
05-03 21:12:08.232 E/BLASTBufferQueue( 7566): [SurfaceView[com.solodevlab.solara/com.solodevlab.solara.MainActivity]#1](f:0,a:2) ERROR: releaseBufferCallback without corresponding submitted buffer bufferId:32495722561539 framenumber:11070
05-03 21:12:08.232 E/BLASTBufferQueue( 7566): [SurfaceView[com.solodevlab.solara/com.solodevlab.solara.MainActivity]#1](f:0,a:2) Faking releaseBufferCallback from transactionCompleteCallback 11071
05-03 21:12:08.249 E/BLASTBufferQueue( 7566): [SurfaceView[com.solodevlab.solara/com.solodevlab.solara.MainActivity]#1](f:0,a:1) ERROR: releaseBufferCallback without corresponding submitted buffer bufferId:32495722561540 framenumber:11071
05-03 21:12:08.332 E/BLASTBufferQueue( 7566): [SurfaceView[com.solodevlab.solara/com.solodevlab.solara.MainActivity]#1](f:0,a:2) Faking releaseBufferCallback from transactionCompleteCallback 11077
05-03 21:12:08.350 E/BLASTBufferQueue( 7566): [SurfaceView[com.solodevlab.solara/com.solodevlab.solara.MainActivity]#1](f:0,a:1) ERROR: releaseBufferCallback without corresponding submitted buffer bufferId:32495722561540 framenumber:11077
05-03 21:12:08.382 E/BLASTBufferQueue( 7566): [SurfaceView[com.solodevlab.solara/com.solodevlab.solara.MainActivity]#1](f:0,a:2) Faking releaseBufferCallback from transactionCompleteCallback 11080
05-03 21:12:08.401 E/BLASTBufferQueue( 7566): [SurfaceView[com.solodevlab.solara/com.solodevlab.solara.MainActivity]#1](f:0,a:1) ERROR: releaseBufferCallback without corresponding submitted buffer bufferId:32495722561540 framenumber:11080
05-03 21:12:08.415 E/BLASTBufferQueue( 7566): [SurfaceView[com.solodevlab.solara/com.solodevlab.solara.MainActivity]#1](f:0,a:2) Faking releaseBufferCallback from transactionCompleteCallback 11082
05-03 21:12:08.434 E/BLASTBufferQueue( 7566): [SurfaceView[com.solodevlab.solara/com.solodevlab.solara.MainActivity]#1](f:0,a:1) ERROR: releaseBufferCallback without corresponding submitted buffer bufferId:32495722561539 framenumber:11082
05-03 21:12:08.450 E/BLASTBufferQueue( 7566): [SurfaceView[com.solodevlab.solara/com.solodevlab.solara.MainActivity]#1](f:0,a:2) Faking releaseBufferCallback from transactionCompleteCallback 11084
05-03 21:12:08.467 E/BLASTBufferQueue( 7566): [SurfaceView[com.solodevlab.solara/com.solodevlab.solara.MainActivity]#1](f:0,a:1) ERROR: releaseBufferCallback without corresponding submitted buffer bufferId:32495722561542 framenumber:11084
05-03 21:12:08.482 E/BLASTBufferQueue( 7566): [SurfaceView[com.solodevlab.solara/com.solodevlab.solara.MainActivity]#1](f:0,a:2) Faking releaseBufferCallback from transactionCompleteCallback 11086
05-03 21:12:08.501 E/BLASTBufferQueue( 7566): [SurfaceView[com.solodevlab.solara/com.solodevlab.solara.MainActivity]#1](f:0,a:1) ERROR: releaseBufferCallback without corresponding submitted buffer bufferId:32495722561540 framenumber:11086
05-03 21:12:08.516 E/BLASTBufferQueue( 7566): [SurfaceView[com.solodevlab.solara/com.solodevlab.solara.MainActivity]#1](f:0,a:2) Faking releaseBufferCallback from transactionCompleteCallback 11088
05-03 21:12:08.533 E/BLASTBufferQueue( 7566): [SurfaceView[com.solodevlab.solara/com.solodevlab.solara.MainActivity]#1](f:0,a:1) ERROR: releaseBufferCallback without corresponding submitted buffer bufferId:32495722561539 framenumber:11088
05-03 21:12:08.600 E/BLASTBufferQueue( 7566): [SurfaceView[com.solodevlab.solara/com.solodevlab.solara.MainActivity]#1](f:0,a:2) Faking releaseBufferCallback from transactionCompleteCallback 11093
05-03 21:12:08.634 E/BLASTBufferQueue( 7566): [SurfaceView[com.solodevlab.solara/com.solodevlab.solara.MainActivity]#1](f:0,a:1) ERROR: releaseBufferCallback without corresponding submitted buffer bufferId:32495722561542 framenumber:11093
05-03 21:12:08.800 E/BLASTBufferQueue( 7566): [SurfaceView[com.solodevlab.solara/com.solodevlab.solara.MainActivity]#1](f:0,a:2) Faking releaseBufferCallback from transactionCompleteCallback 11105
05-03 21:12:08.818 E/BLASTBufferQueue( 7566): [SurfaceView[com.solodevlab.solara/com.solodevlab.solara.MainActivity]#1](f:0,a:1) ERROR: releaseBufferCallback without corresponding submitted buffer bufferId:32495722561542 framenumber:11105
05-03 21:12:08.850 E/BLASTBufferQueue( 7566): [SurfaceView[com.solodevlab.solara/com.solodevlab.solara.MainActivity]#1](f:0,a:2) Faking releaseBufferCallback from transactionCompleteCallback 11108
05-03 21:12:08.867 E/BLASTBufferQueue( 7566): [SurfaceView[com.solodevlab.solara/com.solodevlab.solara.MainActivity]#1](f:0,a:1) ERROR: releaseBufferCallback without corresponding submitted buffer bufferId:32495722561542 framenumber:11108
05-03 21:12:09.114 W/WindowOnBackDispatcher( 7566): OnBackInvokedCallback is not enabled for the application.
05-03 21:12:09.114 W/WindowOnBackDispatcher( 7566): Set 'android:enableOnBackInvokedCallback="true"' in the application manifest.
05-03 21:12:09.189 E/BLASTBufferQueue( 7566): [SurfaceView[com.solodevlab.solara/com.solodevlab.solara.MainActivity]#1](f:0,a:2) Faking releaseBufferCallback from transactionCompleteCallback 11118
05-03 21:12:09.251 E/BLASTBufferQueue( 7566): [SurfaceView[com.solodevlab.solara/com.solodevlab.solara.MainActivity]#1](f:0,a:2) ERROR: releaseBufferCallback without corresponding submitted buffer bufferId:32495722561539 framenumber:11118
05-03 21:12:09.251 E/BLASTBufferQueue( 7566): [SurfaceView[com.solodevlab.solara/com.solodevlab.solara.MainActivity]#1](f:0,a:2) Faking releaseBufferCallback from transactionCompleteCallback 11119
05-03 21:12:09.351 E/BLASTBufferQueue( 7566): [SurfaceView[com.solodevlab.solara/com.solodevlab.solara.MainActivity]#1](f:0,a:2) Faking releaseBufferCallback from transactionCompleteCallback 11121
05-03 21:12:09.387 E/BLASTBufferQueue( 7566): [SurfaceView[com.solodevlab.solara/com.solodevlab.solara.MainActivity]#1](f:0,a:2) ERROR: releaseBufferCallback without corresponding submitted buffer bufferId:32495722561539 framenumber:11121
05-03 21:12:09.452 E/BLASTBufferQueue( 7566): [SurfaceView[com.solodevlab.solara/com.solodevlab.solara.MainActivity]#1](f:0,a:2) Faking releaseBufferCallback from transactionCompleteCallback 11127
05-03 21:12:09.486 E/BLASTBufferQueue( 7566): [SurfaceView[com.solodevlab.solara/com.solodevlab.solara.MainActivity]#1](f:0,a:2) ERROR: releaseBufferCallback without corresponding submitted buffer bufferId:32495722561539 framenumber:11127
05-03 21:12:09.486 E/BLASTBufferQueue( 7566): [SurfaceView[com.solodevlab.solara/com.solodevlab.solara.MainActivity]#1](f:0,a:2) Faking releaseBufferCallback from transactionCompleteCallback 11128
05-03 21:12:09.502 E/BLASTBufferQueue( 7566): [SurfaceView[com.solodevlab.solara/com.solodevlab.solara.MainActivity]#1](f:0,a:1) ERROR: releaseBufferCallback without corresponding submitted buffer bufferId:32495722561540 framenumber:11128
05-03 21:12:09.568 E/BLASTBufferQueue( 7566): [SurfaceView[com.solodevlab.solara/com.solodevlab.solara.MainActivity]#1](f:0,a:2) Faking releaseBufferCallback from transactionCompleteCallback 11132
05-03 21:12:09.587 E/BLASTBufferQueue( 7566): [SurfaceView[com.solodevlab.solara/com.solodevlab.solara.MainActivity]#1](f:0,a:1) ERROR: releaseBufferCallback without corresponding submitted buffer bufferId:32495722561542 framenumber:11132
05-03 21:12:09.602 E/BLASTBufferQueue( 7566): [SurfaceView[com.solodevlab.solara/com.solodevlab.solara.MainActivity]#1](f:0,a:2) Faking releaseBufferCallback from transactionCompleteCallback 11134
05-03 21:12:10.141 E/BLASTBufferQueue( 7566): [SurfaceView[com.solodevlab.solara/com.solodevlab.solara.MainActivity]#1](f:0,a:2) Faking releaseBufferCallback from transactionCompleteCallback 11153
05-03 21:12:10.187 E/BLASTBufferQueue( 7566): [SurfaceView[com.solodevlab.solara/com.solodevlab.solara.MainActivity]#1](f:0,a:2) ERROR: releaseBufferCallback without corresponding submitted buffer bufferId:32495722561542 framenumber:11153
05-03 21:12:10.187 E/BLASTBufferQueue( 7566): [SurfaceView[com.solodevlab.solara/com.solodevlab.solara.MainActivity]#1](f:0,a:2) Faking releaseBufferCallback from transactionCompleteCallback 11154
05-03 21:12:10.303 E/BLASTBufferQueue( 7566): [SurfaceView[com.solodevlab.solara/com.solodevlab.solara.MainActivity]#1](f:0,a:2) Faking releaseBufferCallback from transactionCompleteCallback 11158
05-03 21:12:10.321 E/BLASTBufferQueue( 7566): [SurfaceView[com.solodevlab.solara/com.solodevlab.solara.MainActivity]#1](f:0,a:1) ERROR: releaseBufferCallback without corresponding submitted buffer bufferId:32495722561540 framenumber:11158
05-03 21:12:10.387 E/BLASTBufferQueue( 7566): [SurfaceView[com.solodevlab.solara/com.solodevlab.solara.MainActivity]#1](f:0,a:2) Faking releaseBufferCallback from transactionCompleteCallback 11163
05-03 21:12:10.404 E/BLASTBufferQueue( 7566): [SurfaceView[com.solodevlab.solara/com.solodevlab.solara.MainActivity]#1](f:0,a:1) ERROR: releaseBufferCallback without corresponding submitted buffer bufferId:32495722561539 framenumber:11163
05-03 21:12:11.453 W/WindowOnBackDispatcher( 7566): OnBackInvokedCallback is not enabled for the application.
05-03 21:12:11.453 W/WindowOnBackDispatcher( 7566): Set 'android:enableOnBackInvokedCallback="true"' in the application manifest.
05-03 21:12:11.557 E/BLASTBufferQueue( 7566): [SurfaceView[com.solodevlab.solara/com.solodevlab.solara.MainActivity]#1](f:0,a:2) Faking releaseBufferCallback from transactionCompleteCallback 11223
05-03 21:12:11.607 E/BLASTBufferQueue( 7566): [SurfaceView[com.solodevlab.solara/com.solodevlab.solara.MainActivity]#1](f:0,a:2) ERROR: releaseBufferCallback without corresponding submitted buffer bufferId:32495722561539 framenumber:11223
05-03 21:12:11.607 E/BLASTBufferQueue( 7566): [SurfaceView[com.solodevlab.solara/com.solodevlab.solara.MainActivity]#1](f:0,a:2) Faking releaseBufferCallback from transactionCompleteCallback 11224
05-03 21:12:11.675 E/BLASTBufferQueue( 7566): [SurfaceView[com.solodevlab.solara/com.solodevlab.solara.MainActivity]#1](f:0,a:2) ERROR: releaseBufferCallback without corresponding submitted buffer bufferId:32495722561540 framenumber:11224
05-03 21:12:11.675 E/BLASTBufferQueue( 7566): [SurfaceView[com.solodevlab.solara/com.solodevlab.solara.MainActivity]#1](f:0,a:2) Faking releaseBufferCallback from transactionCompleteCallback 11225
05-03 21:12:11.728 E/BLASTBufferQueue( 7566): [SurfaceView[com.solodevlab.solara/com.solodevlab.solara.MainActivity]#1](f:0,a:2) ERROR: releaseBufferCallback without corresponding submitted buffer bufferId:32495722561542 framenumber:11225
05-03 21:12:13.328 E/BLASTBufferQueue( 7566): [SurfaceView[com.solodevlab.solara/com.solodevlab.solara.MainActivity]#1](f:0,a:2) Faking releaseBufferCallback from transactionCompleteCallback 11320
05-03 21:12:13.379 E/BLASTBufferQueue( 7566): [SurfaceView[com.solodevlab.solara/com.solodevlab.solara.MainActivity]#1](f:0,a:2) ERROR: releaseBufferCallback without corresponding submitted buffer bufferId:32495722561540 framenumber:11320
05-03 21:12:13.379 E/BLASTBufferQueue( 7566): [SurfaceView[com.solodevlab.solara/com.solodevlab.solara.MainActivity]#1](f:0,a:2) Faking releaseBufferCallback from transactionCompleteCallback 11321
05-03 21:12:13.445 E/BLASTBufferQueue( 7566): [SurfaceView[com.solodevlab.solara/com.solodevlab.solara.MainActivity]#1](f:0,a:2) ERROR: releaseBufferCallback without corresponding submitted buffer bufferId:32495722561542 framenumber:11321
05-03 21:12:13.445 E/BLASTBufferQueue( 7566): [SurfaceView[com.solodevlab.solara/com.solodevlab.solara.MainActivity]#1](f:0,a:2) Faking releaseBufferCallback from transactionCompleteCallback 11322
05-03 21:12:13.478 E/BLASTBufferQueue( 7566): [SurfaceView[com.solodevlab.solara/com.solodevlab.solara.MainActivity]#1](f:0,a:2) ERROR: releaseBufferCallback without corresponding submitted buffer bufferId:32495722561539 framenumber:11322
05-03 21:12:14.418 W/WindowOnBackDispatcher( 7566): OnBackInvokedCallback is not enabled for the application.
05-03 21:12:14.418 W/WindowOnBackDispatcher( 7566): Set 'android:enableOnBackInvokedCallback="true"' in the application manifest.
05-03 21:12:14.536 E/BLASTBufferQueue( 7566): [SurfaceView[com.solodevlab.solara/com.solodevlab.solara.MainActivity]#1](f:0,a:2) Faking releaseBufferCallback from transactionCompleteCallback 11382
05-03 21:12:14.581 E/BLASTBufferQueue( 7566): [SurfaceView[com.solodevlab.solara/com.solodevlab.solara.MainActivity]#1](f:0,a:2) ERROR: releaseBufferCallback without corresponding submitted buffer bufferId:32495722561539 framenumber:11382
05-03 21:12:14.582 E/BLASTBufferQueue( 7566): [SurfaceView[com.solodevlab.solara/com.solodevlab.solara.MainActivity]#1](f:0,a:2) Faking releaseBufferCallback from transactionCompleteCallback 11383
05-03 21:12:14.664 E/BLASTBufferQueue( 7566): [SurfaceView[com.solodevlab.solara/com.solodevlab.solara.MainActivity]#1](f:0,a:3) Faking releaseBufferCallback from transactionCompleteCallback 11385
05-03 21:12:14.681 E/BLASTBufferQueue( 7566): [SurfaceView[com.solodevlab.solara/com.solodevlab.solara.MainActivity]#1](f:0,a:2) ERROR: releaseBufferCallback without corresponding submitted buffer bufferId:32495722561539 framenumber:11385
05-03 21:12:15.734 E/BLASTBufferQueue( 7566): [SurfaceView[com.solodevlab.solara/com.solodevlab.solara.MainActivity]#1](f:0,a:2) Faking releaseBufferCallback from transactionCompleteCallback 11446
05-03 21:12:15.801 E/BLASTBufferQueue( 7566): [SurfaceView[com.solodevlab.solara/com.solodevlab.solara.MainActivity]#1](f:0,a:2) ERROR: releaseBufferCallback without corresponding submitted buffer bufferId:32495722561540 framenumber:11446
05-03 21:12:15.801 E/BLASTBufferQueue( 7566): [SurfaceView[com.solodevlab.solara/com.solodevlab.solara.MainActivity]#1](f:0,a:2) Faking releaseBufferCallback from transactionCompleteCallback 11447
05-03 21:12:15.851 E/BLASTBufferQueue( 7566): [SurfaceView[com.solodevlab.solara/com.solodevlab.solara.MainActivity]#1](f:0,a:2) ERROR: releaseBufferCallback without corresponding submitted buffer bufferId:32495722561542 framenumber:11447
05-03 21:12:15.851 E/BLASTBufferQueue( 7566): [SurfaceView[com.solodevlab.solara/com.solodevlab.solara.MainActivity]#1](f:0,a:2) Faking releaseBufferCallback from transactionCompleteCallback 11448
05-03 21:12:15.885 E/BLASTBufferQueue( 7566): [SurfaceView[com.solodevlab.solara/com.solodevlab.solara.MainActivity]#1](f:0,a:2) ERROR: releaseBufferCallback without corresponding submitted buffer bufferId:32495722561539 framenumber:11448
05-03 21:12:16.405 W/WindowOnBackDispatcher( 7566): OnBackInvokedCallback is not enabled for the application.
05-03 21:12:16.405 W/WindowOnBackDispatcher( 7566): Set 'android:enableOnBackInvokedCallback="true"' in the application manifest.
05-03 21:12:16.574 E/BLASTBufferQueue( 7566): [SurfaceView[com.solodevlab.solara/com.solodevlab.solara.MainActivity]#1](f:0,a:2) Faking releaseBufferCallback from transactionCompleteCallback 11483
05-03 21:12:16.619 E/BLASTBufferQueue( 7566): [SurfaceView[com.solodevlab.solara/com.solodevlab.solara.MainActivity]#1](f:0,a:2) ERROR: releaseBufferCallback without corresponding submitted buffer bufferId:32495722561542 framenumber:11483
05-03 21:12:16.619 E/BLASTBufferQueue( 7566): [SurfaceView[com.solodevlab.solara/com.solodevlab.solara.MainActivity]#1](f:0,a:2) Faking releaseBufferCallback from transactionCompleteCallback 11484
05-03 21:12:16.654 E/BLASTBufferQueue( 7566): [SurfaceView[com.solodevlab.solara/com.solodevlab.solara.MainActivity]#1](f:0,a:1) ERROR: releaseBufferCallback without corresponding submitted buffer bufferId:32495722561539 framenumber:11484
05-03 21:12:16.669 E/BLASTBufferQueue( 7566): [SurfaceView[com.solodevlab.solara/com.solodevlab.solara.MainActivity]#1](f:0,a:2) Faking releaseBufferCallback from transactionCompleteCallback 11487
05-03 21:12:16.721 E/BLASTBufferQueue( 7566): [SurfaceView[com.solodevlab.solara/com.solodevlab.solara.MainActivity]#1](f:0,a:1) ERROR: releaseBufferCallback without corresponding submitted buffer bufferId:32495722561539 framenumber:11487
05-03 21:12:16.736 E/BLASTBufferQueue( 7566): [SurfaceView[com.solodevlab.solara/com.solodevlab.solara.MainActivity]#1](f:0,a:2) Faking releaseBufferCallback from transactionCompleteCallback 11491
05-03 21:12:16.753 E/BLASTBufferQueue( 7566): [SurfaceView[com.solodevlab.solara/com.solodevlab.solara.MainActivity]#1](f:0,a:1) ERROR: releaseBufferCallback without corresponding submitted buffer bufferId:32495722561540 framenumber:11491
05-03 21:12:16.821 E/BLASTBufferQueue( 7566): [SurfaceView[com.solodevlab.solara/com.solodevlab.solara.MainActivity]#1](f:0,a:2) Faking releaseBufferCallback from transactionCompleteCallback 11496
05-03 21:12:16.854 E/BLASTBufferQueue( 7566): [SurfaceView[com.solodevlab.solara/com.solodevlab.solara.MainActivity]#1](f:0,a:1) ERROR: releaseBufferCallback without corresponding submitted buffer bufferId:32495722561539 framenumber:11496
05-03 21:12:16.903 E/BLASTBufferQueue( 7566): [SurfaceView[com.solodevlab.solara/com.solodevlab.solara.MainActivity]#1](f:0,a:2) Faking releaseBufferCallback from transactionCompleteCallback 11501
05-03 21:12:16.921 E/BLASTBufferQueue( 7566): [SurfaceView[com.solodevlab.solara/com.solodevlab.solara.MainActivity]#1](f:0,a:1) ERROR: releaseBufferCallback without corresponding submitted buffer bufferId:32495722561542 framenumber:11501
05-03 21:12:16.970 E/BLASTBufferQueue( 7566): [SurfaceView[com.solodevlab.solara/com.solodevlab.solara.MainActivity]#1](f:0,a:2) Faking releaseBufferCallback from transactionCompleteCallback 11505
05-03 21:12:17.039 E/BLASTBufferQueue( 7566): [SurfaceView[com.solodevlab.solara/com.solodevlab.solara.MainActivity]#1](f:0,a:1) ERROR: releaseBufferCallback without corresponding submitted buffer bufferId:32495722561539 framenumber:11505
05-03 21:12:17.054 E/BLASTBufferQueue( 7566): [SurfaceView[com.solodevlab.solara/com.solodevlab.solara.MainActivity]#1](f:0,a:2) Faking releaseBufferCallback from transactionCompleteCallback 11510
05-03 21:12:17.071 E/BLASTBufferQueue( 7566): [SurfaceView[com.solodevlab.solara/com.solodevlab.solara.MainActivity]#1](f:0,a:1) ERROR: releaseBufferCallback without corresponding submitted buffer bufferId:32495722561542 framenumber:11510
05-03 21:12:17.103 E/BLASTBufferQueue( 7566): [SurfaceView[com.solodevlab.solara/com.solodevlab.solara.MainActivity]#1](f:0,a:2) Faking releaseBufferCallback from transactionCompleteCallback 11513
05-03 21:12:17.121 E/BLASTBufferQueue( 7566): [SurfaceView[com.solodevlab.solara/com.solodevlab.solara.MainActivity]#1](f:0,a:1) ERROR: releaseBufferCallback without corresponding submitted buffer bufferId:32495722561542 framenumber:11513
05-03 21:12:17.137 E/BLASTBufferQueue( 7566): [SurfaceView[com.solodevlab.solara/com.solodevlab.solara.MainActivity]#1](f:0,a:2) Faking releaseBufferCallback from transactionCompleteCallback 11515
05-03 21:12:17.154 E/BLASTBufferQueue( 7566): [SurfaceView[com.solodevlab.solara/com.solodevlab.solara.MainActivity]#1](f:0,a:1) ERROR: releaseBufferCallback without corresponding submitted buffer bufferId:32495722561540 framenumber:11515
05-03 21:12:17.170 E/BLASTBufferQueue( 7566): [SurfaceView[com.solodevlab.solara/com.solodevlab.solara.MainActivity]#1](f:0,a:2) Faking releaseBufferCallback from transactionCompleteCallback 11517
05-03 21:12:17.325 E/BLASTBufferQueue( 7566): [SurfaceView[com.solodevlab.solara/com.solodevlab.solara.MainActivity]#1](f:0,a:1) ERROR: releaseBufferCallback without corresponding submitted buffer bufferId:32495722561539 framenumber:11517
05-03 21:12:17.337 E/BLASTBufferQueue( 7566): [SurfaceView[com.solodevlab.solara/com.solodevlab.solara.MainActivity]#1](f:0,a:2) Faking releaseBufferCallback from transactionCompleteCallback 11527
05-03 21:12:18.510 E/BLASTBufferQueue( 7566): [SurfaceView[com.solodevlab.solara/com.solodevlab.solara.MainActivity]#1](f:0,a:2) Faking releaseBufferCallback from transactionCompleteCallback 11590
05-03 21:12:18.557 E/BLASTBufferQueue( 7566): [SurfaceView[com.solodevlab.solara/com.solodevlab.solara.MainActivity]#1](f:0,a:2) ERROR: releaseBufferCallback without corresponding submitted buffer bufferId:32495722561540 framenumber:11590
05-03 21:12:18.557 E/BLASTBufferQueue( 7566): [SurfaceView[com.solodevlab.solara/com.solodevlab.solara.MainActivity]#1](f:0,a:2) Faking releaseBufferCallback from transactionCompleteCallback 11591
05-03 21:12:18.608 E/BLASTBufferQueue( 7566): [SurfaceView[com.solodevlab.solara/com.solodevlab.solara.MainActivity]#1](f:0,a:2) ERROR: releaseBufferCallback without corresponding submitted buffer bufferId:32495722561542 framenumber:11591
05-03 21:12:19.243 E/BLASTBufferQueue( 7566): [SurfaceView[com.solodevlab.solara/com.solodevlab.solara.MainActivity]#1](f:0,a:2) Faking releaseBufferCallback from transactionCompleteCallback 11630
05-03 21:12:19.277 E/BLASTBufferQueue( 7566): [SurfaceView[com.solodevlab.solara/com.solodevlab.solara.MainActivity]#1](f:0,a:2) ERROR: releaseBufferCallback without corresponding submitted buffer bufferId:32495722561542 framenumber:11630
05-03 21:12:19.277 E/BLASTBufferQueue( 7566): [SurfaceView[com.solodevlab.solara/com.solodevlab.solara.MainActivity]#1](f:0,a:2) Faking releaseBufferCallback from transactionCompleteCallback 11631
05-03 21:12:19.293 E/BLASTBufferQueue( 7566): [SurfaceView[com.solodevlab.solara/com.solodevlab.solara.MainActivity]#1](f:0,a:2) ERROR: releaseBufferCallback without corresponding submitted buffer bufferId:32495722561539 framenumber:11631
05-03 21:12:19.898 E/BLASTBufferQueue( 7566): [SurfaceView[com.solodevlab.solara/com.solodevlab.solara.MainActivity]#1](f:0,a:2) Faking releaseBufferCallback from transactionCompleteCallback 11659
05-03 21:12:19.995 E/BLASTBufferQueue( 7566): [SurfaceView[com.solodevlab.solara/com.solodevlab.solara.MainActivity]#1](f:0,a:2) Faking releaseBufferCallback from transactionCompleteCallback 11661
05-03 21:12:20.028 E/BLASTBufferQueue( 7566): [SurfaceView[com.solodevlab.solara/com.solodevlab.solara.MainActivity]#1](f:0,a:2) ERROR: releaseBufferCallback without corresponding submitted buffer bufferId:32495722561539 framenumber:11661
05-03 21:12:22.056 E/BLASTBufferQueue( 7566): [SurfaceView[com.solodevlab.solara/com.solodevlab.solara.MainActivity]#1](f:0,a:2) Faking releaseBufferCallback from transactionCompleteCallback 11773
05-03 21:12:22.117 E/BLASTBufferQueue( 7566): [SurfaceView[com.solodevlab.solara/com.solodevlab.solara.MainActivity]#1](f:0,a:2) ERROR: releaseBufferCallback without corresponding submitted buffer bufferId:32495722561540 framenumber:11773
05-03 21:12:22.117 E/BLASTBufferQueue( 7566): [SurfaceView[com.solodevlab.solara/com.solodevlab.solara.MainActivity]#1](f:0,a:2) Faking releaseBufferCallback from transactionCompleteCallback 11774
05-03 21:12:22.166 E/BLASTBufferQueue( 7566): [SurfaceView[com.solodevlab.solara/com.solodevlab.solara.MainActivity]#1](f:0,a:2) ERROR: releaseBufferCallback without corresponding submitted buffer bufferId:32495722561542 framenumber:11774
05-03 21:12:22.166 E/BLASTBufferQueue( 7566): [SurfaceView[com.solodevlab.solara/com.solodevlab.solara.MainActivity]#1](f:0,a:2) Faking releaseBufferCallback from transactionCompleteCallback 11775
05-03 21:12:22.201 E/BLASTBufferQueue( 7566): [SurfaceView[com.solodevlab.solara/com.solodevlab.solara.MainActivity]#1](f:0,a:2) ERROR: releaseBufferCallback without corresponding submitted buffer bufferId:32495722561539 framenumber:11775
05-03 21:12:23.008 E/BLASTBufferQueue( 7566): [SurfaceView[com.solodevlab.solara/com.solodevlab.solara.MainActivity]#1](f:0,a:2) Faking releaseBufferCallback from transactionCompleteCallback 11819
05-03 21:12:23.052 E/BLASTBufferQueue( 7566): [SurfaceView[com.solodevlab.solara/com.solodevlab.solara.MainActivity]#1](f:0,a:2) ERROR: releaseBufferCallback without corresponding submitted buffer bufferId:32495722561542 framenumber:11819
05-03 21:12:23.053 E/BLASTBufferQueue( 7566): [SurfaceView[com.solodevlab.solara/com.solodevlab.solara.MainActivity]#1](f:0,a:2) Faking releaseBufferCallback from transactionCompleteCallback 11820
05-03 21:12:23.758 E/BLASTBufferQueue( 7566): [SurfaceView[com.solodevlab.solara/com.solodevlab.solara.MainActivity]#1](f:0,a:2) Faking releaseBufferCallback from transactionCompleteCallback 11853
05-03 21:12:23.837 E/BLASTBufferQueue( 7566): [SurfaceView[com.solodevlab.solara/com.solodevlab.solara.MainActivity]#1](f:0,a:2) Faking releaseBufferCallback from transactionCompleteCallback 11855
05-03 21:12:23.872 E/BLASTBufferQueue( 7566): [SurfaceView[com.solodevlab.solara/com.solodevlab.solara.MainActivity]#1](f:0,a:2) ERROR: releaseBufferCallback without corresponding submitted buffer bufferId:32495722561542 framenumber:11855
05-03 21:12:24.144 E/BLASTBufferQueue( 7566): [SurfaceView[com.solodevlab.solara/com.solodevlab.solara.MainActivity]#1](f:0,a:2) Faking releaseBufferCallback from transactionCompleteCallback 11868
05-03 21:12:24.207 E/BLASTBufferQueue( 7566): [SurfaceView[com.solodevlab.solara/com.solodevlab.solara.MainActivity]#1](f:0,a:2) ERROR: releaseBufferCallback without corresponding submitted buffer bufferId:32495722561539 framenumber:11868
05-03 21:12:24.207 E/BLASTBufferQueue( 7566): [SurfaceView[com.solodevlab.solara/com.solodevlab.solara.MainActivity]#1](f:0,a:2) Faking releaseBufferCallback from transactionCompleteCallback 11869
05-03 21:12:24.779 E/BLASTBufferQueue( 7566): [SurfaceView[com.solodevlab.solara/com.solodevlab.solara.MainActivity]#1](f:0,a:2) Faking releaseBufferCallback from transactionCompleteCallback 11895
05-03 21:12:24.823 E/BLASTBufferQueue( 7566): [SurfaceView[com.solodevlab.solara/com.solodevlab.solara.MainActivity]#1](f:0,a:2) ERROR: releaseBufferCallback without corresponding submitted buffer bufferId:32495722561539 framenumber:11895
05-03 21:12:24.823 E/BLASTBufferQueue( 7566): [SurfaceView[com.solodevlab.solara/com.solodevlab.solara.MainActivity]#1](f:0,a:2) Faking releaseBufferCallback from transactionCompleteCallback 11896
05-03 21:12:24.977 E/BLASTBufferQueue( 7566): [SurfaceView[com.solodevlab.solara/com.solodevlab.solara.MainActivity]#1](f:0,a:2) Faking releaseBufferCallback from transactionCompleteCallback 11898
05-03 21:12:25.124 E/BLASTBufferQueue( 7566): [SurfaceView[com.solodevlab.solara/com.solodevlab.solara.MainActivity]#1](f:0,a:2) Faking releaseBufferCallback from transactionCompleteCallback 11901
05-03 21:12:25.258 E/BLASTBufferQueue( 7566): [SurfaceView[com.solodevlab.solara/com.solodevlab.solara.MainActivity]#1](f:0,a:2) Faking releaseBufferCallback from transactionCompleteCallback 11903
05-03 21:12:25.308 E/BLASTBufferQueue( 7566): [SurfaceView[com.solodevlab.solara/com.solodevlab.solara.MainActivity]#1](f:0,a:2) ERROR: releaseBufferCallback without corresponding submitted buffer bufferId:32495722561542 framenumber:11903
05-03 21:12:25.308 E/BLASTBufferQueue( 7566): [SurfaceView[com.solodevlab.solara/com.solodevlab.solara.MainActivity]#1](f:0,a:2) Faking releaseBufferCallback from transactionCompleteCallback 11904
05-03 21:12:25.360 E/BLASTBufferQueue( 7566): [SurfaceView[com.solodevlab.solara/com.solodevlab.solara.MainActivity]#1](f:0,a:2) ERROR: releaseBufferCallback without corresponding submitted buffer bufferId:32495722561539 framenumber:11904
05-03 21:12:25.361 E/BLASTBufferQueue( 7566): [SurfaceView[com.solodevlab.solara/com.solodevlab.solara.MainActivity]#1](f:0,a:2) Faking releaseBufferCallback from transactionCompleteCallback 11905
05-03 21:12:25.476 E/BLASTBufferQueue( 7566): [SurfaceView[com.solodevlab.solara/com.solodevlab.solara.MainActivity]#1](f:0,a:2) Faking releaseBufferCallback from transactionCompleteCallback 11907
05-03 21:12:25.626 E/BLASTBufferQueue( 7566): [SurfaceView[com.solodevlab.solara/com.solodevlab.solara.MainActivity]#1](f:0,a:2) Faking releaseBufferCallback from transactionCompleteCallback 11909
05-03 21:12:25.776 E/BLASTBufferQueue( 7566): [SurfaceView[com.solodevlab.solara/com.solodevlab.solara.MainActivity]#1](f:0,a:2) Faking releaseBufferCallback from transactionCompleteCallback 11911
05-03 21:12:25.860 E/BLASTBufferQueue( 7566): [SurfaceView[com.solodevlab.solara/com.solodevlab.solara.MainActivity]#1](f:0,a:2) ERROR: releaseBufferCallback without corresponding submitted buffer bufferId:32495722561540 framenumber:11911
05-03 21:12:25.860 E/BLASTBufferQueue( 7566): [SurfaceView[com.solodevlab.solara/com.solodevlab.solara.MainActivity]#1](f:0,a:2) Faking releaseBufferCallback from transactionCompleteCallback 11912
05-03 21:12:25.928 E/BLASTBufferQueue( 7566): [SurfaceView[com.solodevlab.solara/com.solodevlab.solara.MainActivity]#1](f:0,a:2) ERROR: releaseBufferCallback without corresponding submitted buffer bufferId:32495722561542 framenumber:11912
05-03 21:12:25.928 E/BLASTBufferQueue( 7566): [SurfaceView[com.solodevlab.solara/com.solodevlab.solara.MainActivity]#1](f:0,a:2) Faking releaseBufferCallback from transactionCompleteCallback 11913
05-03 21:12:26.009 E/BLASTBufferQueue( 7566): [SurfaceView[com.solodevlab.solara/com.solodevlab.solara.MainActivity]#1](f:0,a:2) ERROR: releaseBufferCallback without corresponding submitted buffer bufferId:32495722561539 framenumber:11913
05-03 21:12:26.009 E/BLASTBufferQueue( 7566): [SurfaceView[com.solodevlab.solara/com.solodevlab.solara.MainActivity]#1](f:0,a:2) Faking releaseBufferCallback from transactionCompleteCallback 11914
05-03 21:12:26.044 E/BLASTBufferQueue( 7566): [SurfaceView[com.solodevlab.solara/com.solodevlab.solara.MainActivity]#1](f:0,a:2) ERROR: releaseBufferCallback without corresponding submitted buffer bufferId:32495722561540 framenumber:11914
05-03 21:12:26.528 E/BLASTBufferQueue( 7566): [SurfaceView[com.solodevlab.solara/com.solodevlab.solara.MainActivity]#1](f:0,a:2) Faking releaseBufferCallback from transactionCompleteCallback 11931
05-03 21:12:26.595 E/BLASTBufferQueue( 7566): [SurfaceView[com.solodevlab.solara/com.solodevlab.solara.MainActivity]#1](f:0,a:2) ERROR: releaseBufferCallback without corresponding submitted buffer bufferId:32495722561539 framenumber:11931
05-03 21:12:26.595 E/BLASTBufferQueue( 7566): [SurfaceView[com.solodevlab.solara/com.solodevlab.solara.MainActivity]#1](f:0,a:2) Faking releaseBufferCallback from transactionCompleteCallback 11932
05-03 21:12:26.662 E/BLASTBufferQueue( 7566): [SurfaceView[com.solodevlab.solara/com.solodevlab.solara.MainActivity]#1](f:0,a:2) ERROR: releaseBufferCallback without corresponding submitted buffer bufferId:32495722561540 framenumber:11932
05-03 21:12:26.662 E/BLASTBufferQueue( 7566): [SurfaceView[com.solodevlab.solara/com.solodevlab.solara.MainActivity]#1](f:0,a:2) Faking releaseBufferCallback from transactionCompleteCallback 11933
05-03 21:12:28.036 E/BLASTBufferQueue( 7566): [SurfaceView[com.solodevlab.solara/com.solodevlab.solara.MainActivity]#1](f:0,a:2) Faking releaseBufferCallback from transactionCompleteCallback 12002
05-03 21:12:28.098 E/BLASTBufferQueue( 7566): [SurfaceView[com.solodevlab.solara/com.solodevlab.solara.MainActivity]#1](f:0,a:2) ERROR: releaseBufferCallback without corresponding submitted buffer bufferId:32495722561542 framenumber:12002
05-03 21:12:28.098 E/BLASTBufferQueue( 7566): [SurfaceView[com.solodevlab.solara/com.solodevlab.solara.MainActivity]#1](f:0,a:2) Faking releaseBufferCallback from transactionCompleteCallback 12003
05-03 21:12:28.181 E/BLASTBufferQueue( 7566): [SurfaceView[com.solodevlab.solara/com.solodevlab.solara.MainActivity]#1](f:0,a:2) ERROR: releaseBufferCallback without corresponding submitted buffer bufferId:32495722561539 framenumber:12003
05-03 21:12:28.181 E/BLASTBufferQueue( 7566): [SurfaceView[com.solodevlab.solara/com.solodevlab.solara.MainActivity]#1](f:0,a:2) Faking releaseBufferCallback from transactionCompleteCallback 12004
05-03 21:12:28.199 E/BLASTBufferQueue( 7566): [SurfaceView[com.solodevlab.solara/com.solodevlab.solara.MainActivity]#1](f:0,a:2) ERROR: releaseBufferCallback without corresponding submitted buffer bufferId:32495722561540 framenumber:12004
05-03 21:12:29.406 E/BLASTBufferQueue( 7566): [SurfaceView[com.solodevlab.solara/com.solodevlab.solara.MainActivity]#1](f:0,a:2) Faking releaseBufferCallback from transactionCompleteCallback 12069
05-03 21:12:29.468 E/BLASTBufferQueue( 7566): [SurfaceView[com.solodevlab.solara/com.solodevlab.solara.MainActivity]#1](f:0,a:2) Faking releaseBufferCallback from transactionCompleteCallback 12071
05-03 21:12:31.691 E/BLASTBufferQueue( 7566): [SurfaceView[com.solodevlab.solara/com.solodevlab.solara.MainActivity]#1](f:0,a:2) Faking releaseBufferCallback from transactionCompleteCallback 12199
05-03 21:12:31.742 E/BLASTBufferQueue( 7566): [SurfaceView[com.solodevlab.solara/com.solodevlab.solara.MainActivity]#1](f:0,a:2) ERROR: releaseBufferCallback without corresponding submitted buffer bufferId:32495722561540 framenumber:12199
05-03 21:12:32.142 E/BLASTBufferQueue( 7566): [SurfaceView[com.solodevlab.solara/com.solodevlab.solara.MainActivity]#1](f:0,a:2) Faking releaseBufferCallback from transactionCompleteCallback 12225
05-03 21:12:32.192 E/BLASTBufferQueue( 7566): [SurfaceView[com.solodevlab.solara/com.solodevlab.solara.MainActivity]#1](f:0,a:2) Faking releaseBufferCallback from transactionCompleteCallback 12227
05-03 21:12:32.209 E/BLASTBufferQueue( 7566): [SurfaceView[com.solodevlab.solara/com.solodevlab.solara.MainActivity]#1](f:0,a:2) ERROR: releaseBufferCallback without corresponding submitted buffer bufferId:32495722561542 framenumber:12227
05-03 21:12:32.593 E/BLASTBufferQueue( 7566): [SurfaceView[com.solodevlab.solara/com.solodevlab.solara.MainActivity]#1](f:0,a:2) Faking releaseBufferCallback from transactionCompleteCallback 12249
05-03 21:12:32.627 E/BLASTBufferQueue( 7566): [SurfaceView[com.solodevlab.solara/com.solodevlab.solara.MainActivity]#1](f:0,a:2) ERROR: releaseBufferCallback without corresponding submitted buffer bufferId:32495722561539 framenumber:12249
05-03 21:12:33.010 E/BLASTBufferQueue( 7566): [SurfaceView[com.solodevlab.solara/com.solodevlab.solara.MainActivity]#1](f:0,a:2) Faking releaseBufferCallback from transactionCompleteCallback 12273
05-03 21:12:33.061 E/BLASTBufferQueue( 7566): [SurfaceView[com.solodevlab.solara/com.solodevlab.solara.MainActivity]#1](f:0,a:2) ERROR: releaseBufferCallback without corresponding submitted buffer bufferId:32495722561539 framenumber:12273
05-03 21:12:33.713 E/BLASTBufferQueue( 7566): [SurfaceView[com.solodevlab.solara/com.solodevlab.solara.MainActivity]#1](f:0,a:2) Faking releaseBufferCallback from transactionCompleteCallback 12314
05-03 21:12:33.729 E/BLASTBufferQueue( 7566): [SurfaceView[com.solodevlab.solara/com.solodevlab.solara.MainActivity]#1](f:0,a:2) ERROR: releaseBufferCallback without corresponding submitted buffer bufferId:32495722561542 framenumber:12314
05-03 21:12:34.398 E/BLASTBufferQueue( 7566): [SurfaceView[com.solodevlab.solara/com.solodevlab.solara.MainActivity]#1](f:0,a:2) Faking releaseBufferCallback from transactionCompleteCallback 12354
05-03 21:12:34.466 E/BLASTBufferQueue( 7566): [SurfaceView[com.solodevlab.solara/com.solodevlab.solara.MainActivity]#1](f:0,a:2) ERROR: releaseBufferCallback without corresponding submitted buffer bufferId:32495722561539 framenumber:12354
05-03 21:12:35.584 E/BLASTBufferQueue( 7566): [SurfaceView[com.solodevlab.solara/com.solodevlab.solara.MainActivity]#1](f:0,a:2) Faking releaseBufferCallback from transactionCompleteCallback 12421
05-03 21:12:35.651 E/BLASTBufferQueue( 7566): [SurfaceView[com.solodevlab.solara/com.solodevlab.solara.MainActivity]#1](f:0,a:2) ERROR: releaseBufferCallback without corresponding submitted buffer bufferId:32495722561540 framenumber:12421
05-03 21:12:38.374 E/BLASTBufferQueue( 7566): [SurfaceView[com.solodevlab.solara/com.solodevlab.solara.MainActivity]#1](f:0,a:2) Faking releaseBufferCallback from transactionCompleteCallback 12585
05-03 21:12:39.761 E/BLASTBufferQueue( 7566): [SurfaceView[com.solodevlab.solara/com.solodevlab.solara.MainActivity]#1](f:0,a:2) Faking releaseBufferCallback from transactionCompleteCallback 12663
05-03 21:12:40.848 E/BLASTBufferQueue( 7566): [SurfaceView[com.solodevlab.solara/com.solodevlab.solara.MainActivity]#1](f:0,a:2) Faking releaseBufferCallback from transactionCompleteCallback 12726
05-03 21:12:40.865 E/BLASTBufferQueue( 7566): [SurfaceView[com.solodevlab.solara/com.solodevlab.solara.MainActivity]#1](f:0,a:1) ERROR: releaseBufferCallback without corresponding submitted buffer bufferId:32495722561539 framenumber:12726
05-03 21:12:41.348 E/BLASTBufferQueue( 7566): [SurfaceView[com.solodevlab.solara/com.solodevlab.solara.MainActivity]#1](f:0,a:2) Faking releaseBufferCallback from transactionCompleteCallback 12754
05-03 21:12:41.383 E/BLASTBufferQueue( 7566): [SurfaceView[com.solodevlab.solara/com.solodevlab.solara.MainActivity]#1](f:0,a:2) ERROR: releaseBufferCallback without corresponding submitted buffer bufferId:32495722561540 framenumber:12754
05-03 21:12:42.334 E/BLASTBufferQueue( 7566): [SurfaceView[com.solodevlab.solara/com.solodevlab.solara.MainActivity]#1](f:0,a:2) Faking releaseBufferCallback from transactionCompleteCallback 12810
05-03 21:12:42.385 E/BLASTBufferQueue( 7566): [SurfaceView[com.solodevlab.solara/com.solodevlab.solara.MainActivity]#1](f:0,a:2) ERROR: releaseBufferCallback without corresponding submitted buffer bufferId:32495722561539 framenumber:12810
05-03 21:12:43.842 E/BLASTBufferQueue( 7566): [SurfaceView[com.solodevlab.solara/com.solodevlab.solara.MainActivity]#1](f:0,a:2) Faking releaseBufferCallback from transactionCompleteCallback 12888
05-03 21:12:43.905 E/BLASTBufferQueue( 7566): [SurfaceView[com.solodevlab.solara/com.solodevlab.solara.MainActivity]#1](f:0,a:2) ERROR: releaseBufferCallback without corresponding submitted buffer bufferId:32495722561539 framenumber:12888
05-03 21:12:43.905 E/BLASTBufferQueue( 7566): [SurfaceView[com.solodevlab.solara/com.solodevlab.solara.MainActivity]#1](f:0,a:2) Faking releaseBufferCallback from transactionCompleteCallback 12889
05-03 21:12:43.972 E/BLASTBufferQueue( 7566): [SurfaceView[com.solodevlab.solara/com.solodevlab.solara.MainActivity]#1](f:0,a:2) ERROR: releaseBufferCallback without corresponding submitted buffer bufferId:32495722561540 framenumber:12889
05-03 21:12:43.972 E/BLASTBufferQueue( 7566): [SurfaceView[com.solodevlab.solara/com.solodevlab.solara.MainActivity]#1](f:0,a:2) Faking releaseBufferCallback from transactionCompleteCallback 12890
05-03 21:12:44.156 E/BLASTBufferQueue( 7566): [SurfaceView[com.solodevlab.solara/com.solodevlab.solara.MainActivity]#1](f:0,a:2) Faking releaseBufferCallback from transactionCompleteCallback 12893
05-03 21:12:44.272 E/BLASTBufferQueue( 7566): [SurfaceView[com.solodevlab.solara/com.solodevlab.solara.MainActivity]#1](f:0,a:2) Faking releaseBufferCallback from transactionCompleteCallback 12895
05-03 21:12:44.339 E/BLASTBufferQueue( 7566): [SurfaceView[com.solodevlab.solara/com.solodevlab.solara.MainActivity]#1](f:0,a:2) ERROR: releaseBufferCallback without corresponding submitted buffer bufferId:32495722561540 framenumber:12895
05-03 21:12:44.339 E/BLASTBufferQueue( 7566): [SurfaceView[com.solodevlab.solara/com.solodevlab.solara.MainActivity]#1](f:0,a:2) Faking releaseBufferCallback from transactionCompleteCallback 12896
05-03 21:12:44.456 E/BLASTBufferQueue( 7566): [SurfaceView[com.solodevlab.solara/com.solodevlab.solara.MainActivity]#1](f:0,a:2) Faking releaseBufferCallback from transactionCompleteCallback 12898
05-03 21:12:44.523 E/BLASTBufferQueue( 7566): [SurfaceView[com.solodevlab.solara/com.solodevlab.solara.MainActivity]#1](f:0,a:2) ERROR: releaseBufferCallback without corresponding submitted buffer bufferId:32495722561540 framenumber:12898
05-03 21:12:44.523 E/BLASTBufferQueue( 7566): [SurfaceView[com.solodevlab.solara/com.solodevlab.solara.MainActivity]#1](f:0,a:2) Faking releaseBufferCallback from transactionCompleteCallback 12899
05-03 21:12:44.640 E/BLASTBufferQueue( 7566): [SurfaceView[com.solodevlab.solara/com.solodevlab.solara.MainActivity]#1](f:0,a:2) Faking releaseBufferCallback from transactionCompleteCallback 12901
05-03 21:12:44.757 E/BLASTBufferQueue( 7566): [SurfaceView[com.solodevlab.solara/com.solodevlab.solara.MainActivity]#1](f:0,a:2) Faking releaseBufferCallback from transactionCompleteCallback 12903
05-03 21:12:44.824 E/BLASTBufferQueue( 7566): [SurfaceView[com.solodevlab.solara/com.solodevlab.solara.MainActivity]#1](f:0,a:2) ERROR: releaseBufferCallback without corresponding submitted buffer bufferId:32495722561539 framenumber:12903
05-03 21:12:44.824 E/BLASTBufferQueue( 7566): [SurfaceView[com.solodevlab.solara/com.solodevlab.solara.MainActivity]#1](f:0,a:2) Faking releaseBufferCallback from transactionCompleteCallback 12904
05-03 21:12:44.891 E/BLASTBufferQueue( 7566): [SurfaceView[com.solodevlab.solara/com.solodevlab.solara.MainActivity]#1](f:0,a:2) ERROR: releaseBufferCallback without corresponding submitted buffer bufferId:32495722561540 framenumber:12904
05-03 21:12:44.891 E/BLASTBufferQueue( 7566): [SurfaceView[com.solodevlab.solara/com.solodevlab.solara.MainActivity]#1](f:0,a:2) Faking releaseBufferCallback from transactionCompleteCallback 12905
05-03 21:12:44.957 E/BLASTBufferQueue( 7566): [SurfaceView[com.solodevlab.solara/com.solodevlab.solara.MainActivity]#1](f:0,a:2) ERROR: releaseBufferCallback without corresponding submitted buffer bufferId:32495722561542 framenumber:12905
05-03 21:12:44.957 E/BLASTBufferQueue( 7566): [SurfaceView[com.solodevlab.solara/com.solodevlab.solara.MainActivity]#1](f:0,a:2) Faking releaseBufferCallback from transactionCompleteCallback 12906
05-03 21:12:45.107 E/BLASTBufferQueue( 7566): [SurfaceView[com.solodevlab.solara/com.solodevlab.solara.MainActivity]#1](f:0,a:2) Faking releaseBufferCallback from transactionCompleteCallback 12908
05-03 21:12:45.192 E/BLASTBufferQueue( 7566): [SurfaceView[com.solodevlab.solara/com.solodevlab.solara.MainActivity]#1](f:0,a:2) ERROR: releaseBufferCallback without corresponding submitted buffer bufferId:32495722561542 framenumber:12908
05-03 21:12:45.192 E/BLASTBufferQueue( 7566): [SurfaceView[com.solodevlab.solara/com.solodevlab.solara.MainActivity]#1](f:0,a:2) Faking releaseBufferCallback from transactionCompleteCallback 12909
05-03 21:12:45.342 E/BLASTBufferQueue( 7566): [SurfaceView[com.solodevlab.solara/com.solodevlab.solara.MainActivity]#1](f:0,a:2) Faking releaseBufferCallback from transactionCompleteCallback 12912
05-03 21:12:45.427 E/BLASTBufferQueue( 7566): [SurfaceView[com.solodevlab.solara/com.solodevlab.solara.MainActivity]#1](f:0,a:2) Faking releaseBufferCallback from transactionCompleteCallback 12914
05-03 21:12:45.481 E/BLASTBufferQueue( 7566): [SurfaceView[com.solodevlab.solara/com.solodevlab.solara.MainActivity]#1](f:0,a:2) ERROR: releaseBufferCallback without corresponding submitted buffer bufferId:32495722561542 framenumber:12914
05-03 21:12:45.481 E/BLASTBufferQueue( 7566): [SurfaceView[com.solodevlab.solara/com.solodevlab.solara.MainActivity]#1](f:0,a:2) Faking releaseBufferCallback from transactionCompleteCallback 12915
05-03 21:12:45.625 E/BLASTBufferQueue( 7566): [SurfaceView[com.solodevlab.solara/com.solodevlab.solara.MainActivity]#1](f:0,a:2) Faking releaseBufferCallback from transactionCompleteCallback 12919
05-03 21:12:47.308 W/WindowOnBackDispatcher( 7566): OnBackInvokedCallback is not enabled for the application.
05-03 21:12:47.308 W/WindowOnBackDispatcher( 7566): Set 'android:enableOnBackInvokedCallback="true"' in the application manifest.
05-03 21:12:47.329 E/BLASTBufferQueue( 7566): [SurfaceView[com.solodevlab.solara/com.solodevlab.solara.MainActivity]#1](f:0,a:2) Faking releaseBufferCallback from transactionCompleteCallback 12995
05-03 21:12:47.430 E/BLASTBufferQueue( 7566): [SurfaceView[com.solodevlab.solara/com.solodevlab.solara.MainActivity]#1](f:0,a:2) Faking releaseBufferCallback from transactionCompleteCallback 13000
05-03 21:12:47.497 E/BLASTBufferQueue( 7566): [SurfaceView[com.solodevlab.solara/com.solodevlab.solara.MainActivity]#1](f:0,a:1) ERROR: releaseBufferCallback without corresponding submitted buffer bufferId:32495722561540 framenumber:13000
05-03 21:12:47.513 E/BLASTBufferQueue( 7566): [SurfaceView[com.solodevlab.solara/com.solodevlab.solara.MainActivity]#1](f:0,a:2) Faking releaseBufferCallback from transactionCompleteCallback 13005
05-03 21:12:47.531 E/BLASTBufferQueue( 7566): [SurfaceView[com.solodevlab.solara/com.solodevlab.solara.MainActivity]#1](f:0,a:1) ERROR: releaseBufferCallback without corresponding submitted buffer bufferId:32495722561539 framenumber:13005
05-03 21:12:50.137 E/BLASTBufferQueue( 7566): [SurfaceView[com.solodevlab.solara/com.solodevlab.solara.MainActivity]#1](f:0,a:2) Faking releaseBufferCallback from transactionCompleteCallback 13162
05-03 21:12:50.154 E/BLASTBufferQueue( 7566): [SurfaceView[com.solodevlab.solara/com.solodevlab.solara.MainActivity]#1](f:0,a:1) ERROR: releaseBufferCallback without corresponding submitted buffer bufferId:32495722561540 framenumber:13162
05-03 21:12:50.170 E/BLASTBufferQueue( 7566): [SurfaceView[com.solodevlab.solara/com.solodevlab.solara.MainActivity]#1](f:0,a:2) Faking releaseBufferCallback from transactionCompleteCallback 13164
05-03 21:12:50.188 E/BLASTBufferQueue( 7566): [SurfaceView[com.solodevlab.solara/com.solodevlab.solara.MainActivity]#1](f:0,a:1) ERROR: releaseBufferCallback without corresponding submitted buffer bufferId:32495722561539 framenumber:13164
05-03 21:12:50.204 E/BLASTBufferQueue( 7566): [SurfaceView[com.solodevlab.solara/com.solodevlab.solara.MainActivity]#1](f:0,a:2) Faking releaseBufferCallback from transactionCompleteCallback 13166
05-03 21:12:50.337 E/BLASTBufferQueue( 7566): [SurfaceView[com.solodevlab.solara/com.solodevlab.solara.MainActivity]#1](f:0,a:2) Faking releaseBufferCallback from transactionCompleteCallback 13173
05-03 21:12:50.354 E/BLASTBufferQueue( 7566): [SurfaceView[com.solodevlab.solara/com.solodevlab.solara.MainActivity]#1](f:0,a:1) ERROR: releaseBufferCallback without corresponding submitted buffer bufferId:32495722561539 framenumber:13173
05-03 21:12:50.371 E/BLASTBufferQueue( 7566): [SurfaceView[com.solodevlab.solara/com.solodevlab.solara.MainActivity]#1](f:0,a:2) Faking releaseBufferCallback from transactionCompleteCallback 13175
05-03 21:12:50.388 E/BLASTBufferQueue( 7566): [SurfaceView[com.solodevlab.solara/com.solodevlab.solara.MainActivity]#1](f:0,a:1) ERROR: releaseBufferCallback without corresponding submitted buffer bufferId:32495722561542 framenumber:13175
05-03 21:12:51.039 E/BLASTBufferQueue( 7566): [SurfaceView[com.solodevlab.solara/com.solodevlab.solara.MainActivity]#1](f:0,a:2) Faking releaseBufferCallback from transactionCompleteCallback 13215
05-03 21:12:51.056 E/BLASTBufferQueue( 7566): [SurfaceView[com.solodevlab.solara/com.solodevlab.solara.MainActivity]#1](f:0,a:1) ERROR: releaseBufferCallback without corresponding submitted buffer bufferId:32495722561539 framenumber:13215
05-03 21:12:51.490 E/BLASTBufferQueue( 7566): [SurfaceView[com.solodevlab.solara/com.solodevlab.solara.MainActivity]#1](f:0,a:2) Faking releaseBufferCallback from transactionCompleteCallback 13242
05-03 21:12:51.524 E/BLASTBufferQueue( 7566): [SurfaceView[com.solodevlab.solara/com.solodevlab.solara.MainActivity]#1](f:0,a:1) ERROR: releaseBufferCallback without corresponding submitted buffer bufferId:32495722561539 framenumber:13242
05-03 21:12:51.557 E/BLASTBufferQueue( 7566): [SurfaceView[com.solodevlab.solara/com.solodevlab.solara.MainActivity]#1](f:0,a:2) Faking releaseBufferCallback from transactionCompleteCallback 13246
05-03 21:12:52.075 E/BLASTBufferQueue( 7566): [SurfaceView[com.solodevlab.solara/com.solodevlab.solara.MainActivity]#1](f:0,a:2) Faking releaseBufferCallback from transactionCompleteCallback 13276
05-03 21:12:55.283 E/BLASTBufferQueue( 7566): [SurfaceView[com.solodevlab.solara/com.solodevlab.solara.MainActivity]#1](f:0,a:2) Faking releaseBufferCallback from transactionCompleteCallback 13460
05-03 21:12:55.400 E/BLASTBufferQueue( 7566): [SurfaceView[com.solodevlab.solara/com.solodevlab.solara.MainActivity]#1](f:0,a:2) Faking releaseBufferCallback from transactionCompleteCallback 13465
05-03 21:12:55.451 E/BLASTBufferQueue( 7566): [SurfaceView[com.solodevlab.solara/com.solodevlab.solara.MainActivity]#1](f:0,a:1) ERROR: releaseBufferCallback without corresponding submitted buffer bufferId:32495722561540 framenumber:13465
05-03 21:12:55.535 E/BLASTBufferQueue( 7566): [SurfaceView[com.solodevlab.solara/com.solodevlab.solara.MainActivity]#1](f:0,a:2) Faking releaseBufferCallback from transactionCompleteCallback 13473
05-03 21:12:55.567 E/BLASTBufferQueue( 7566): [SurfaceView[com.solodevlab.solara/com.solodevlab.solara.MainActivity]#1](f:0,a:2) ERROR: releaseBufferCallback without corresponding submitted buffer bufferId:32495722561539 framenumber:13473
05-03 21:12:55.567 E/BLASTBufferQueue( 7566): [SurfaceView[com.solodevlab.solara/com.solodevlab.solara.MainActivity]#1](f:0,a:2) Faking releaseBufferCallback from transactionCompleteCallback 13474
05-03 21:12:55.601 E/BLASTBufferQueue( 7566): [SurfaceView[com.solodevlab.solara/com.solodevlab.solara.MainActivity]#1](f:0,a:2) ERROR: releaseBufferCallback without corresponding submitted buffer bufferId:32495722561540 framenumber:13474
05-03 21:12:55.601 E/BLASTBufferQueue( 7566): [SurfaceView[com.solodevlab.solara/com.solodevlab.solara.MainActivity]#1](f:0,a:2) Faking releaseBufferCallback from transactionCompleteCallback 13475
05-03 21:12:55.868 E/BLASTBufferQueue( 7566): [SurfaceView[com.solodevlab.solara/com.solodevlab.solara.MainActivity]#1](f:0,a:2) Faking releaseBufferCallback from transactionCompleteCallback 13488
05-03 21:12:55.902 E/BLASTBufferQueue( 7566): [SurfaceView[com.solodevlab.solara/com.solodevlab.solara.MainActivity]#1](f:0,a:1) ERROR: releaseBufferCallback without corresponding submitted buffer bufferId:32495722561539 framenumber:13488
05-03 21:12:56.168 E/BLASTBufferQueue( 7566): [SurfaceView[com.solodevlab.solara/com.solodevlab.solara.MainActivity]#1](f:0,a:2) Faking releaseBufferCallback from transactionCompleteCallback 13506
05-03 21:12:56.186 E/BLASTBufferQueue( 7566): [SurfaceView[com.solodevlab.solara/com.solodevlab.solara.MainActivity]#1](f:0,a:1) ERROR: releaseBufferCallback without corresponding submitted buffer bufferId:32495722561539 framenumber:13506
05-03 21:12:56.285 E/BLASTBufferQueue( 7566): [SurfaceView[com.solodevlab.solara/com.solodevlab.solara.MainActivity]#1](f:0,a:2) Faking releaseBufferCallback from transactionCompleteCallback 13513
05-03 21:12:56.352 E/BLASTBufferQueue( 7566): [SurfaceView[com.solodevlab.solara/com.solodevlab.solara.MainActivity]#1](f:0,a:2) Faking releaseBufferCallback from transactionCompleteCallback 13516
05-03 21:12:56.370 E/BLASTBufferQueue( 7566): [SurfaceView[com.solodevlab.solara/com.solodevlab.solara.MainActivity]#1](f:0,a:1) ERROR: releaseBufferCallback without corresponding submitted buffer bufferId:32495722561540 framenumber:13516
05-03 21:12:57.672 E/BLASTBufferQueue( 7566): [SurfaceView[com.solodevlab.solara/com.solodevlab.solara.MainActivity]#1](f:0,a:2) Faking releaseBufferCallback from transactionCompleteCallback 13595
05-03 21:12:57.706 E/BLASTBufferQueue( 7566): [SurfaceView[com.solodevlab.solara/com.solodevlab.solara.MainActivity]#1](f:0,a:1) ERROR: releaseBufferCallback without corresponding submitted buffer bufferId:32495722561542 framenumber:13595
05-03 21:13:00.011 E/BLASTBufferQueue( 7566): [SurfaceView[com.solodevlab.solara/com.solodevlab.solara.MainActivity]#1](f:0,a:2) Faking releaseBufferCallback from transactionCompleteCallback 13735
05-03 21:13:00.129 E/BLASTBufferQueue( 7566): [SurfaceView[com.solodevlab.solara/com.solodevlab.solara.MainActivity]#1](f:0,a:2) Faking releaseBufferCallback from transactionCompleteCallback 13741
05-03 21:13:00.247 E/BLASTBufferQueue( 7566): [SurfaceView[com.solodevlab.solara/com.solodevlab.solara.MainActivity]#1](f:0,a:2) Faking releaseBufferCallback from transactionCompleteCallback 13745
05-03 21:13:00.278 E/BLASTBufferQueue( 7566): [SurfaceView[com.solodevlab.solara/com.solodevlab.solara.MainActivity]#1](f:0,a:2) ERROR: releaseBufferCallback without corresponding submitted buffer bufferId:32495722561542 framenumber:13745
05-03 21:13:00.279 E/BLASTBufferQueue( 7566): [SurfaceView[com.solodevlab.solara/com.solodevlab.solara.MainActivity]#1](f:0,a:2) Faking releaseBufferCallback from transactionCompleteCallback 13746
05-03 21:13:00.312 E/BLASTBufferQueue( 7566): [SurfaceView[com.solodevlab.solara/com.solodevlab.solara.MainActivity]#1](f:0,a:1) ERROR: releaseBufferCallback without corresponding submitted buffer bufferId:32495722561539 framenumber:13746
05-03 21:13:00.831 E/BLASTBufferQueue( 7566): [SurfaceView[com.solodevlab.solara/com.solodevlab.solara.MainActivity]#1](f:0,a:2) Faking releaseBufferCallback from transactionCompleteCallback 13775
05-03 21:13:00.847 E/BLASTBufferQueue( 7566): [SurfaceView[com.solodevlab.solara/com.solodevlab.solara.MainActivity]#1](f:0,a:1) ERROR: releaseBufferCallback without corresponding submitted buffer bufferId:32495722561542 framenumber:13775
05-03 21:13:02.084 E/BLASTBufferQueue( 7566): [SurfaceView[com.solodevlab.solara/com.solodevlab.solara.MainActivity]#1](f:0,a:2) Faking releaseBufferCallback from transactionCompleteCallback 13847
05-03 21:13:02.100 E/BLASTBufferQueue( 7566): [SurfaceView[com.solodevlab.solara/com.solodevlab.solara.MainActivity]#1](f:0,a:1) ERROR: releaseBufferCallback without corresponding submitted buffer bufferId:32495722561542 framenumber:13847
05-03 21:13:02.333 E/BLASTBufferQueue( 7566): [SurfaceView[com.solodevlab.solara/com.solodevlab.solara.MainActivity]#1](f:0,a:2) Faking releaseBufferCallback from transactionCompleteCallback 13857
05-03 21:13:02.400 E/BLASTBufferQueue( 7566): [SurfaceView[com.solodevlab.solara/com.solodevlab.solara.MainActivity]#1](f:0,a:2) Faking releaseBufferCallback from transactionCompleteCallback 13859
05-03 21:13:02.485 E/BLASTBufferQueue( 7566): [SurfaceView[com.solodevlab.solara/com.solodevlab.solara.MainActivity]#1](f:0,a:2) Faking releaseBufferCallback from transactionCompleteCallback 13862
05-03 21:13:02.668 E/BLASTBufferQueue( 7566): [SurfaceView[com.solodevlab.solara/com.solodevlab.solara.MainActivity]#1](f:0,a:2) Faking releaseBufferCallback from transactionCompleteCallback 13868
05-03 21:13:02.874 E/BLASTBufferQueue( 7566): [SurfaceView[com.solodevlab.solara/com.solodevlab.solara.MainActivity]#1](f:0,a:2) Faking releaseBufferCallback from transactionCompleteCallback 13874
05-03 21:13:04.592 E/BLASTBufferQueue( 7566): [SurfaceView[com.solodevlab.solara/com.solodevlab.solara.MainActivity]#1](f:0,a:2) Faking releaseBufferCallback from transactionCompleteCallback 13876
05-03 21:13:05.097 E/BLASTBufferQueue( 7566): [SurfaceView[com.solodevlab.solara/com.solodevlab.solara.MainActivity]#1](f:0,a:2) ERROR: releaseBufferCallback without corresponding submitted buffer bufferId:32495722561540 framenumber:13876
05-03 21:13:05.097 E/BLASTBufferQueue( 7566): [SurfaceView[com.solodevlab.solara/com.solodevlab.solara.MainActivity]#1](f:0,a:2) Faking releaseBufferCallback from transactionCompleteCallback 13877
05-03 21:13:06.705 E/BLASTBufferQueue( 7566): [SurfaceView[com.solodevlab.solara/com.solodevlab.solara.MainActivity]#1](f:0,a:2) Faking releaseBufferCallback from transactionCompleteCallback 13879
05-03 21:13:07.239 E/BLASTBufferQueue( 7566): [SurfaceView[com.solodevlab.solara/com.solodevlab.solara.MainActivity]#1](f:0,a:2) ERROR: releaseBufferCallback without corresponding submitted buffer bufferId:32495722561540 framenumber:13879
05-03 21:13:07.239 E/BLASTBufferQueue( 7566): [SurfaceView[com.solodevlab.solara/com.solodevlab.solara.MainActivity]#1](f:0,a:2) Faking releaseBufferCallback from transactionCompleteCallback 13880
05-03 21:13:07.954 E/BLASTBufferQueue( 7566): [SurfaceView[com.solodevlab.solara/com.solodevlab.solara.MainActivity]#1](f:0,a:2) ERROR: releaseBufferCallback without corresponding submitted buffer bufferId:32495722561542 framenumber:13880
05-03 21:13:07.954 E/BLASTBufferQueue( 7566): [SurfaceView[com.solodevlab.solara/com.solodevlab.solara.MainActivity]#1](f:0,a:2) Faking releaseBufferCallback from transactionCompleteCallback 13881
05-03 21:13:08.876 E/BLASTBufferQueue( 7566): [SurfaceView[com.solodevlab.solara/com.solodevlab.solara.MainActivity]#1](f:0,a:2) ERROR: releaseBufferCallback without corresponding submitted buffer bufferId:32495722561539 framenumber:13881
05-03 21:13:08.876 E/BLASTBufferQueue( 7566): [SurfaceView[com.solodevlab.solara/com.solodevlab.solara.MainActivity]#1](f:0,a:2) Faking releaseBufferCallback from transactionCompleteCallback 13882
05-03 21:13:09.303 E/BLASTBufferQueue( 7566): [SurfaceView[com.solodevlab.solara/com.solodevlab.solara.MainActivity]#1](f:0,a:2) Faking releaseBufferCallback from transactionCompleteCallback 13884
05-03 21:13:09.369 E/BLASTBufferQueue( 7566): [SurfaceView[com.solodevlab.solara/com.solodevlab.solara.MainActivity]#1](f:0,a:2) Faking releaseBufferCallback from transactionCompleteCallback 13887
05-03 21:13:10.941 E/BLASTBufferQueue( 7566): [SurfaceView[com.solodevlab.solara/com.solodevlab.solara.MainActivity]#1](f:0,a:2) Faking releaseBufferCallback from transactionCompleteCallback 13892
05-03 21:13:12.377 E/BLASTBufferQueue( 7566): [SurfaceView[com.solodevlab.solara/com.solodevlab.solara.MainActivity]#1](f:0,a:2) Faking releaseBufferCallback from transactionCompleteCallback 13974
05-03 21:13:12.410 E/BLASTBufferQueue( 7566): [SurfaceView[com.solodevlab.solara/com.solodevlab.solara.MainActivity]#1](f:0,a:1) ERROR: releaseBufferCallback without corresponding submitted buffer bufferId:32495722561539 framenumber:13974
05-03 21:13:12.426 E/BLASTBufferQueue( 7566): [SurfaceView[com.solodevlab.solara/com.solodevlab.solara.MainActivity]#1](f:0,a:2) Faking releaseBufferCallback from transactionCompleteCallback 13977
05-03 21:13:12.445 E/BLASTBufferQueue( 7566): [SurfaceView[com.solodevlab.solara/com.solodevlab.solara.MainActivity]#1](f:0,a:1) ERROR: releaseBufferCallback without corresponding submitted buffer bufferId:32495722561539 framenumber:13977
05-03 21:13:12.494 E/BLASTBufferQueue( 7566): [SurfaceView[com.solodevlab.solara/com.solodevlab.solara.MainActivity]#1](f:0,a:2) Faking releaseBufferCallback from transactionCompleteCallback 13981
05-03 21:13:12.512 E/BLASTBufferQueue( 7566): [SurfaceView[com.solodevlab.solara/com.solodevlab.solara.MainActivity]#1](f:0,a:1) ERROR: releaseBufferCallback without corresponding submitted buffer bufferId:32495722561540 framenumber:13981
05-03 21:13:12.527 E/BLASTBufferQueue( 7566): [SurfaceView[com.solodevlab.solara/com.solodevlab.solara.MainActivity]#1](f:0,a:2) Faking releaseBufferCallback from transactionCompleteCallback 13983
05-03 21:13:12.544 E/BLASTBufferQueue( 7566): [SurfaceView[com.solodevlab.solara/com.solodevlab.solara.MainActivity]#1](f:0,a:1) ERROR: releaseBufferCallback without corresponding submitted buffer bufferId:32495722561539 framenumber:13983
05-03 21:13:12.644 E/BLASTBufferQueue( 7566): [SurfaceView[com.solodevlab.solara/com.solodevlab.solara.MainActivity]#1](f:0,a:2) Faking releaseBufferCallback from transactionCompleteCallback 13990
05-03 21:13:12.662 E/BLASTBufferQueue( 7566): [SurfaceView[com.solodevlab.solara/com.solodevlab.solara.MainActivity]#1](f:0,a:1) ERROR: releaseBufferCallback without corresponding submitted buffer bufferId:32495722561540 framenumber:13990
05-03 21:13:12.726 E/BLASTBufferQueue( 7566): [SurfaceView[com.solodevlab.solara/com.solodevlab.solara.MainActivity]#1](f:0,a:2) Faking releaseBufferCallback from transactionCompleteCallback 13995
05-03 21:13:12.744 E/BLASTBufferQueue( 7566): [SurfaceView[com.solodevlab.solara/com.solodevlab.solara.MainActivity]#1](f:0,a:1) ERROR: releaseBufferCallback without corresponding submitted buffer bufferId:32495722561539 framenumber:13995
05-03 21:13:12.843 E/BLASTBufferQueue( 7566): [SurfaceView[com.solodevlab.solara/com.solodevlab.solara.MainActivity]#1](f:0,a:2) Faking releaseBufferCallback from transactionCompleteCallback 14002
05-03 21:13:12.878 E/BLASTBufferQueue( 7566): [SurfaceView[com.solodevlab.solara/com.solodevlab.solara.MainActivity]#1](f:0,a:1) ERROR: releaseBufferCallback without corresponding submitted buffer bufferId:32495722561540 framenumber:14002
05-03 21:13:12.944 E/BLASTBufferQueue( 7566): [SurfaceView[com.solodevlab.solara/com.solodevlab.solara.MainActivity]#1](f:0,a:2) Faking releaseBufferCallback from transactionCompleteCallback 14008
05-03 21:13:12.961 E/BLASTBufferQueue( 7566): [SurfaceView[com.solodevlab.solara/com.solodevlab.solara.MainActivity]#1](f:0,a:1) ERROR: releaseBufferCallback without corresponding submitted buffer bufferId:32495722561540 framenumber:14008
05-03 21:13:13.095 E/BLASTBufferQueue( 7566): [SurfaceView[com.solodevlab.solara/com.solodevlab.solara.MainActivity]#1](f:0,a:2) Faking releaseBufferCallback from transactionCompleteCallback 14017
05-03 21:13:13.129 E/BLASTBufferQueue( 7566): [SurfaceView[com.solodevlab.solara/com.solodevlab.solara.MainActivity]#1](f:0,a:1) ERROR: releaseBufferCallback without corresponding submitted buffer bufferId:32495722561540 framenumber:14017
05-03 21:13:13.144 E/BLASTBufferQueue( 7566): [SurfaceView[com.solodevlab.solara/com.solodevlab.solara.MainActivity]#1](f:0,a:2) Faking releaseBufferCallback from transactionCompleteCallback 14020
05-03 21:13:13.161 E/BLASTBufferQueue( 7566): [SurfaceView[com.solodevlab.solara/com.solodevlab.solara.MainActivity]#1](f:0,a:1) ERROR: releaseBufferCallback without corresponding submitted buffer bufferId:32495722561540 framenumber:14020
05-03 21:13:13.177 E/BLASTBufferQueue( 7566): [SurfaceView[com.solodevlab.solara/com.solodevlab.solara.MainActivity]#1](f:0,a:2) Faking releaseBufferCallback from transactionCompleteCallback 14022
05-03 21:13:13.195 E/BLASTBufferQueue( 7566): [SurfaceView[com.solodevlab.solara/com.solodevlab.solara.MainActivity]#1](f:0,a:1) ERROR: releaseBufferCallback without corresponding submitted buffer bufferId:32495722561539 framenumber:14022
05-03 21:13:13.211 E/BLASTBufferQueue( 7566): [SurfaceView[com.solodevlab.solara/com.solodevlab.solara.MainActivity]#1](f:0,a:2) Faking releaseBufferCallback from transactionCompleteCallback 14024
05-03 21:13:13.229 E/BLASTBufferQueue( 7566): [SurfaceView[com.solodevlab.solara/com.solodevlab.solara.MainActivity]#1](f:0,a:1) ERROR: releaseBufferCallback without corresponding submitted buffer bufferId:32495722561542 framenumber:14024
05-03 21:13:13.294 E/BLASTBufferQueue( 7566): [SurfaceView[com.solodevlab.solara/com.solodevlab.solara.MainActivity]#1](f:0,a:2) Faking releaseBufferCallback from transactionCompleteCallback 14029
05-03 21:13:13.312 E/BLASTBufferQueue( 7566): [SurfaceView[com.solodevlab.solara/com.solodevlab.solara.MainActivity]#1](f:0,a:1) ERROR: releaseBufferCallback without corresponding submitted buffer bufferId:32495722561540 framenumber:14029
05-03 21:13:13.411 E/BLASTBufferQueue( 7566): [SurfaceView[com.solodevlab.solara/com.solodevlab.solara.MainActivity]#1](f:0,a:2) Faking releaseBufferCallback from transactionCompleteCallback 14036
05-03 21:13:13.429 E/BLASTBufferQueue( 7566): [SurfaceView[com.solodevlab.solara/com.solodevlab.solara.MainActivity]#1](f:0,a:1) ERROR: releaseBufferCallback without corresponding submitted buffer bufferId:32495722561542 framenumber:14036
05-03 21:13:13.445 E/BLASTBufferQueue( 7566): [SurfaceView[com.solodevlab.solara/com.solodevlab.solara.MainActivity]#1](f:0,a:2) Faking releaseBufferCallback from transactionCompleteCallback 14038
05-03 21:13:13.463 E/BLASTBufferQueue( 7566): [SurfaceView[com.solodevlab.solara/com.solodevlab.solara.MainActivity]#1](f:0,a:1) ERROR: releaseBufferCallback without corresponding submitted buffer bufferId:32495722561540 framenumber:14038
05-03 21:13:13.478 E/BLASTBufferQueue( 7566): [SurfaceView[com.solodevlab.solara/com.solodevlab.solara.MainActivity]#1](f:0,a:2) Faking releaseBufferCallback from transactionCompleteCallback 14040
05-03 21:13:13.496 E/BLASTBufferQueue( 7566): [SurfaceView[com.solodevlab.solara/com.solodevlab.solara.MainActivity]#1](f:0,a:1) ERROR: releaseBufferCallback without corresponding submitted buffer bufferId:32495722561539 framenumber:14040
05-03 21:13:13.545 E/BLASTBufferQueue( 7566): [SurfaceView[com.solodevlab.solara/com.solodevlab.solara.MainActivity]#1](f:0,a:2) Faking releaseBufferCallback from transactionCompleteCallback 14044
05-03 21:13:13.564 E/BLASTBufferQueue( 7566): [SurfaceView[com.solodevlab.solara/com.solodevlab.solara.MainActivity]#1](f:0,a:1) ERROR: releaseBufferCallback without corresponding submitted buffer bufferId:32495722561540 framenumber:14044
05-03 21:13:13.579 E/BLASTBufferQueue( 7566): [SurfaceView[com.solodevlab.solara/com.solodevlab.solara.MainActivity]#1](f:0,a:2) Faking releaseBufferCallback from transactionCompleteCallback 14046
05-03 21:13:13.597 E/BLASTBufferQueue( 7566): [SurfaceView[com.solodevlab.solara/com.solodevlab.solara.MainActivity]#1](f:0,a:1) ERROR: releaseBufferCallback without corresponding submitted buffer bufferId:32495722561539 framenumber:14046
05-03 21:13:13.612 E/BLASTBufferQueue( 7566): [SurfaceView[com.solodevlab.solara/com.solodevlab.solara.MainActivity]#1](f:0,a:2) Faking releaseBufferCallback from transactionCompleteCallback 14048
05-03 21:13:13.630 E/BLASTBufferQueue( 7566): [SurfaceView[com.solodevlab.solara/com.solodevlab.solara.MainActivity]#1](f:0,a:1) ERROR: releaseBufferCallback without corresponding submitted buffer bufferId:32495722561542 framenumber:14048
05-03 21:13:13.695 E/BLASTBufferQueue( 7566): [SurfaceView[com.solodevlab.solara/com.solodevlab.solara.MainActivity]#1](f:0,a:2) Faking releaseBufferCallback from transactionCompleteCallback 14053
05-03 21:13:13.713 E/BLASTBufferQueue( 7566): [SurfaceView[com.solodevlab.solara/com.solodevlab.solara.MainActivity]#1](f:0,a:1) ERROR: releaseBufferCallback without corresponding submitted buffer bufferId:32495722561540 framenumber:14053
05-03 21:13:13.729 E/BLASTBufferQueue( 7566): [SurfaceView[com.solodevlab.solara/com.solodevlab.solara.MainActivity]#1](f:0,a:2) Faking releaseBufferCallback from transactionCompleteCallback 14055
05-03 21:13:13.748 E/BLASTBufferQueue( 7566): [SurfaceView[com.solodevlab.solara/com.solodevlab.solara.MainActivity]#1](f:0,a:1) ERROR: releaseBufferCallback without corresponding submitted buffer bufferId:32495722561539 framenumber:14055
05-03 21:13:13.879 E/BLASTBufferQueue( 7566): [SurfaceView[com.solodevlab.solara/com.solodevlab.solara.MainActivity]#1](f:0,a:2) Faking releaseBufferCallback from transactionCompleteCallback 14064
05-03 21:13:13.914 E/BLASTBufferQueue( 7566): [SurfaceView[com.solodevlab.solara/com.solodevlab.solara.MainActivity]#1](f:0,a:1) ERROR: releaseBufferCallback without corresponding submitted buffer bufferId:32495722561539 framenumber:14064
05-03 21:13:13.963 E/BLASTBufferQueue( 7566): [SurfaceView[com.solodevlab.solara/com.solodevlab.solara.MainActivity]#1](f:0,a:2) Faking releaseBufferCallback from transactionCompleteCallback 14069
05-03 21:13:13.980 E/BLASTBufferQueue( 7566): [SurfaceView[com.solodevlab.solara/com.solodevlab.solara.MainActivity]#1](f:0,a:1) ERROR: releaseBufferCallback without corresponding submitted buffer bufferId:32495722561542 framenumber:14069
05-03 21:13:14.080 E/BLASTBufferQueue( 7566): [SurfaceView[com.solodevlab.solara/com.solodevlab.solara.MainActivity]#1](f:0,a:2) Faking releaseBufferCallback from transactionCompleteCallback 14076
05-03 21:13:14.098 E/BLASTBufferQueue( 7566): [SurfaceView[com.solodevlab.solara/com.solodevlab.solara.MainActivity]#1](f:0,a:1) ERROR: releaseBufferCallback without corresponding submitted buffer bufferId:32495722561539 framenumber:14076
05-03 21:13:14.114 E/BLASTBufferQueue( 7566): [SurfaceView[com.solodevlab.solara/com.solodevlab.solara.MainActivity]#1](f:0,a:2) Faking releaseBufferCallback from transactionCompleteCallback 14078
05-03 21:13:14.131 E/BLASTBufferQueue( 7566): [SurfaceView[com.solodevlab.solara/com.solodevlab.solara.MainActivity]#1](f:0,a:1) ERROR: releaseBufferCallback without corresponding submitted buffer bufferId:32495722561542 framenumber:14078
05-03 21:13:14.196 E/BLASTBufferQueue( 7566): [SurfaceView[com.solodevlab.solara/com.solodevlab.solara.MainActivity]#1](f:0,a:2) Faking releaseBufferCallback from transactionCompleteCallback 14083
05-03 21:13:14.214 E/BLASTBufferQueue( 7566): [SurfaceView[com.solodevlab.solara/com.solodevlab.solara.MainActivity]#1](f:0,a:1) ERROR: releaseBufferCallback without corresponding submitted buffer bufferId:32495722561540 framenumber:14083
05-03 21:13:14.297 E/BLASTBufferQueue( 7566): [SurfaceView[com.solodevlab.solara/com.solodevlab.solara.MainActivity]#1](f:0,a:2) Faking releaseBufferCallback from transactionCompleteCallback 14089
05-03 21:13:14.314 E/BLASTBufferQueue( 7566): [SurfaceView[com.solodevlab.solara/com.solodevlab.solara.MainActivity]#1](f:0,a:1) ERROR: releaseBufferCallback without corresponding submitted buffer bufferId:32495722561540 framenumber:14089
05-03 21:13:14.347 E/BLASTBufferQueue( 7566): [SurfaceView[com.solodevlab.solara/com.solodevlab.solara.MainActivity]#1](f:0,a:2) Faking releaseBufferCallback from transactionCompleteCallback 14092
05-03 21:13:14.365 E/BLASTBufferQueue( 7566): [SurfaceView[com.solodevlab.solara/com.solodevlab.solara.MainActivity]#1](f:0,a:1) ERROR: releaseBufferCallback without corresponding submitted buffer bufferId:32495722561540 framenumber:14092
05-03 21:13:14.397 E/BLASTBufferQueue( 7566): [SurfaceView[com.solodevlab.solara/com.solodevlab.solara.MainActivity]#1](f:0,a:2) Faking releaseBufferCallback from transactionCompleteCallback 14095
05-03 21:13:14.414 E/BLASTBufferQueue( 7566): [SurfaceView[com.solodevlab.solara/com.solodevlab.solara.MainActivity]#1](f:0,a:1) ERROR: releaseBufferCallback without corresponding submitted buffer bufferId:32495722561540 framenumber:14095
05-03 21:13:14.430 E/BLASTBufferQueue( 7566): [SurfaceView[com.solodevlab.solara/com.solodevlab.solara.MainActivity]#1](f:0,a:2) Faking releaseBufferCallback from transactionCompleteCallback 14097
05-03 21:13:14.448 E/BLASTBufferQueue( 7566): [SurfaceView[com.solodevlab.solara/com.solodevlab.solara.MainActivity]#1](f:0,a:1) ERROR: releaseBufferCallback without corresponding submitted buffer bufferId:32495722561539 framenumber:14097
05-03 21:13:14.498 E/BLASTBufferQueue( 7566): [SurfaceView[com.solodevlab.solara/com.solodevlab.solara.MainActivity]#1](f:0,a:2) Faking releaseBufferCallback from transactionCompleteCallback 14101
05-03 21:13:14.532 E/BLASTBufferQueue( 7566): [SurfaceView[com.solodevlab.solara/com.solodevlab.solara.MainActivity]#1](f:0,a:1) ERROR: releaseBufferCallback without corresponding submitted buffer bufferId:32495722561540 framenumber:14101
05-03 21:13:14.548 E/BLASTBufferQueue( 7566): [SurfaceView[com.solodevlab.solara/com.solodevlab.solara.MainActivity]#1](f:0,a:2) Faking releaseBufferCallback from transactionCompleteCallback 14104
05-03 21:13:14.565 E/BLASTBufferQueue( 7566): [SurfaceView[com.solodevlab.solara/com.solodevlab.solara.MainActivity]#1](f:0,a:1) ERROR: releaseBufferCallback without corresponding submitted buffer bufferId:32495722561540 framenumber:14104
05-03 21:13:14.581 E/BLASTBufferQueue( 7566): [SurfaceView[com.solodevlab.solara/com.solodevlab.solara.MainActivity]#1](f:0,a:2) Faking releaseBufferCallback from transactionCompleteCallback 14106
05-03 21:13:14.598 E/BLASTBufferQueue( 7566): [SurfaceView[com.solodevlab.solara/com.solodevlab.solara.MainActivity]#1](f:0,a:1) ERROR: releaseBufferCallback without corresponding submitted buffer bufferId:32495722561539 framenumber:14106
05-03 21:13:14.781 E/BLASTBufferQueue( 7566): [SurfaceView[com.solodevlab.solara/com.solodevlab.solara.MainActivity]#1](f:0,a:2) Faking releaseBufferCallback from transactionCompleteCallback 14118
05-03 21:13:14.798 E/BLASTBufferQueue( 7566): [SurfaceView[com.solodevlab.solara/com.solodevlab.solara.MainActivity]#1](f:0,a:1) ERROR: releaseBufferCallback without corresponding submitted buffer bufferId:32495722561539 framenumber:14118
05-03 21:13:14.882 E/BLASTBufferQueue( 7566): [SurfaceView[com.solodevlab.solara/com.solodevlab.solara.MainActivity]#1](f:0,a:2) Faking releaseBufferCallback from transactionCompleteCallback 14124
05-03 21:13:14.899 E/BLASTBufferQueue( 7566): [SurfaceView[com.solodevlab.solara/com.solodevlab.solara.MainActivity]#1](f:0,a:1) ERROR: releaseBufferCallback without corresponding submitted buffer bufferId:32495722561539 framenumber:14124
05-03 21:13:14.982 E/BLASTBufferQueue( 7566): [SurfaceView[com.solodevlab.solara/com.solodevlab.solara.MainActivity]#1](f:0,a:2) Faking releaseBufferCallback from transactionCompleteCallback 14130
05-03 21:13:14.999 E/BLASTBufferQueue( 7566): [SurfaceView[com.solodevlab.solara/com.solodevlab.solara.MainActivity]#1](f:0,a:1) ERROR: releaseBufferCallback without corresponding submitted buffer bufferId:32495722561539 framenumber:14130
05-03 21:13:15.015 E/BLASTBufferQueue( 7566): [SurfaceView[com.solodevlab.solara/com.solodevlab.solara.MainActivity]#1](f:0,a:2) Faking releaseBufferCallback from transactionCompleteCallback 14132
05-03 21:13:15.033 E/BLASTBufferQueue( 7566): [SurfaceView[com.solodevlab.solara/com.solodevlab.solara.MainActivity]#1](f:0,a:1) ERROR: releaseBufferCallback without corresponding submitted buffer bufferId:32495722561542 framenumber:14132
05-03 21:13:15.199 E/BLASTBufferQueue( 7566): [SurfaceView[com.solodevlab.solara/com.solodevlab.solara.MainActivity]#1](f:0,a:2) Faking releaseBufferCallback from transactionCompleteCallback 14143
05-03 21:13:15.217 E/BLASTBufferQueue( 7566): [SurfaceView[com.solodevlab.solara/com.solodevlab.solara.MainActivity]#1](f:0,a:1) ERROR: releaseBufferCallback without corresponding submitted buffer bufferId:32495722561540 framenumber:14143
05-03 21:13:15.283 E/BLASTBufferQueue( 7566): [SurfaceView[com.solodevlab.solara/com.solodevlab.solara.MainActivity]#1](f:0,a:2) Faking releaseBufferCallback from transactionCompleteCallback 14148
05-03 21:13:15.300 E/BLASTBufferQueue( 7566): [SurfaceView[com.solodevlab.solara/com.solodevlab.solara.MainActivity]#1](f:0,a:1) ERROR: releaseBufferCallback without corresponding submitted buffer bufferId:32495722561539 framenumber:14148
05-03 21:13:15.366 E/BLASTBufferQueue( 7566): [SurfaceView[com.solodevlab.solara/com.solodevlab.solara.MainActivity]#1](f:0,a:2) Faking releaseBufferCallback from transactionCompleteCallback 14153
05-03 21:13:15.385 E/BLASTBufferQueue( 7566): [SurfaceView[com.solodevlab.solara/com.solodevlab.solara.MainActivity]#1](f:0,a:1) ERROR: releaseBufferCallback without corresponding submitted buffer bufferId:32495722561542 framenumber:14153
05-03 21:13:15.399 E/BLASTBufferQueue( 7566): [SurfaceView[com.solodevlab.solara/com.solodevlab.solara.MainActivity]#1](f:0,a:2) Faking releaseBufferCallback from transactionCompleteCallback 14155
05-03 21:13:15.417 E/BLASTBufferQueue( 7566): [SurfaceView[com.solodevlab.solara/com.solodevlab.solara.MainActivity]#1](f:0,a:1) ERROR: releaseBufferCallback without corresponding submitted buffer bufferId:32495722561540 framenumber:14155
05-03 21:13:15.433 E/BLASTBufferQueue( 7566): [SurfaceView[com.solodevlab.solara/com.solodevlab.solara.MainActivity]#1](f:0,a:2) Faking releaseBufferCallback from transactionCompleteCallback 14157
05-03 21:13:15.458 E/BLASTBufferQueue( 7566): [SurfaceView[com.solodevlab.solara/com.solodevlab.solara.MainActivity]#1](f:0,a:1) ERROR: releaseBufferCallback without corresponding submitted buffer bufferId:32495722561539 framenumber:14157
05-03 21:13:15.472 E/BLASTBufferQueue( 7566): [SurfaceView[com.solodevlab.solara/com.solodevlab.solara.MainActivity]#1](f:0,a:2) Faking releaseBufferCallback from transactionCompleteCallback 14159
05-03 21:13:15.485 E/BLASTBufferQueue( 7566): [SurfaceView[com.solodevlab.solara/com.solodevlab.solara.MainActivity]#1](f:0,a:1) ERROR: releaseBufferCallback without corresponding submitted buffer bufferId:32495722561542 framenumber:14159
05-03 21:13:15.583 E/BLASTBufferQueue( 7566): [SurfaceView[com.solodevlab.solara/com.solodevlab.solara.MainActivity]#1](f:0,a:2) Faking releaseBufferCallback from transactionCompleteCallback 14166
05-03 21:13:15.601 E/BLASTBufferQueue( 7566): [SurfaceView[com.solodevlab.solara/com.solodevlab.solara.MainActivity]#1](f:0,a:1) ERROR: releaseBufferCallback without corresponding submitted buffer bufferId:32495722561539 framenumber:14166
05-03 21:13:15.634 E/BLASTBufferQueue( 7566): [SurfaceView[com.solodevlab.solara/com.solodevlab.solara.MainActivity]#1](f:0,a:2) Faking releaseBufferCallback from transactionCompleteCallback 14169
05-03 21:13:15.652 E/BLASTBufferQueue( 7566): [SurfaceView[com.solodevlab.solara/com.solodevlab.solara.MainActivity]#1](f:0,a:1) ERROR: releaseBufferCallback without corresponding submitted buffer bufferId:32495722561539 framenumber:14169
05-03 21:13:15.667 E/BLASTBufferQueue( 7566): [SurfaceView[com.solodevlab.solara/com.solodevlab.solara.MainActivity]#1](f:0,a:2) Faking releaseBufferCallback from transactionCompleteCallback 14171
05-03 21:13:15.685 E/BLASTBufferQueue( 7566): [SurfaceView[com.solodevlab.solara/com.solodevlab.solara.MainActivity]#1](f:0,a:1) ERROR: releaseBufferCallback without corresponding submitted buffer bufferId:32495722561542 framenumber:14171
05-03 21:13:15.750 E/BLASTBufferQueue( 7566): [SurfaceView[com.solodevlab.solara/com.solodevlab.solara.MainActivity]#1](f:0,a:2) Faking releaseBufferCallback from transactionCompleteCallback 14176
05-03 21:13:15.784 E/BLASTBufferQueue( 7566): [SurfaceView[com.solodevlab.solara/com.solodevlab.solara.MainActivity]#1](f:0,a:1) ERROR: releaseBufferCallback without corresponding submitted buffer bufferId:32495722561540 framenumber:14176
05-03 21:13:15.834 E/BLASTBufferQueue( 7566): [SurfaceView[com.solodevlab.solara/com.solodevlab.solara.MainActivity]#1](f:0,a:2) Faking releaseBufferCallback from transactionCompleteCallback 14181
05-03 21:13:15.852 E/BLASTBufferQueue( 7566): [SurfaceView[com.solodevlab.solara/com.solodevlab.solara.MainActivity]#1](f:0,a:1) ERROR: releaseBufferCallback without corresponding submitted buffer bufferId:32495722561539 framenumber:14181
05-03 21:13:15.918 E/BLASTBufferQueue( 7566): [SurfaceView[com.solodevlab.solara/com.solodevlab.solara.MainActivity]#1](f:0,a:2) Faking releaseBufferCallback from transactionCompleteCallback 14186
05-03 21:13:15.935 E/BLASTBufferQueue( 7566): [SurfaceView[com.solodevlab.solara/com.solodevlab.solara.MainActivity]#1](f:0,a:1) ERROR: releaseBufferCallback without corresponding submitted buffer bufferId:32495722561542 framenumber:14186
05-03 21:13:15.951 E/BLASTBufferQueue( 7566): [SurfaceView[com.solodevlab.solara/com.solodevlab.solara.MainActivity]#1](f:0,a:2) Faking releaseBufferCallback from transactionCompleteCallback 14188
05-03 21:13:15.969 E/BLASTBufferQueue( 7566): [SurfaceView[com.solodevlab.solara/com.solodevlab.solara.MainActivity]#1](f:0,a:1) ERROR: releaseBufferCallback without corresponding submitted buffer bufferId:32495722561540 framenumber:14188
05-03 21:13:15.985 E/BLASTBufferQueue( 7566): [SurfaceView[com.solodevlab.solara/com.solodevlab.solara.MainActivity]#1](f:0,a:2) Faking releaseBufferCallback from transactionCompleteCallback 14190
05-03 21:13:16.003 E/BLASTBufferQueue( 7566): [SurfaceView[com.solodevlab.solara/com.solodevlab.solara.MainActivity]#1](f:0,a:1) ERROR: releaseBufferCallback without corresponding submitted buffer bufferId:32495722561539 framenumber:14190
05-03 21:13:16.018 E/BLASTBufferQueue( 7566): [SurfaceView[com.solodevlab.solara/com.solodevlab.solara.MainActivity]#1](f:0,a:2) Faking releaseBufferCallback from transactionCompleteCallback 14192
05-03 21:13:16.035 E/BLASTBufferQueue( 7566): [SurfaceView[com.solodevlab.solara/com.solodevlab.solara.MainActivity]#1](f:0,a:1) ERROR: releaseBufferCallback without corresponding submitted buffer bufferId:32495722561542 framenumber:14192
05-03 21:13:16.101 E/BLASTBufferQueue( 7566): [SurfaceView[com.solodevlab.solara/com.solodevlab.solara.MainActivity]#1](f:0,a:2) Faking releaseBufferCallback from transactionCompleteCallback 14197
05-03 21:13:16.119 E/BLASTBufferQueue( 7566): [SurfaceView[com.solodevlab.solara/com.solodevlab.solara.MainActivity]#1](f:0,a:1) ERROR: releaseBufferCallback without corresponding submitted buffer bufferId:32495722561540 framenumber:14197
05-03 21:13:16.135 E/BLASTBufferQueue( 7566): [SurfaceView[com.solodevlab.solara/com.solodevlab.solara.MainActivity]#1](f:0,a:2) Faking releaseBufferCallback from transactionCompleteCallback 14199
05-03 21:13:16.169 E/BLASTBufferQueue( 7566): [SurfaceView[com.solodevlab.solara/com.solodevlab.solara.MainActivity]#1](f:0,a:1) ERROR: releaseBufferCallback without corresponding submitted buffer bufferId:32495722561539 framenumber:14199
05-03 21:13:16.219 E/BLASTBufferQueue( 7566): [SurfaceView[com.solodevlab.solara/com.solodevlab.solara.MainActivity]#1](f:0,a:2) Faking releaseBufferCallback from transactionCompleteCallback 14204
05-03 21:13:16.253 E/BLASTBufferQueue( 7566): [SurfaceView[com.solodevlab.solara/com.solodevlab.solara.MainActivity]#1](f:0,a:1) ERROR: releaseBufferCallback without corresponding submitted buffer bufferId:32495722561542 framenumber:14204
05-03 21:13:16.335 E/BLASTBufferQueue( 7566): [SurfaceView[com.solodevlab.solara/com.solodevlab.solara.MainActivity]#1](f:0,a:2) Faking releaseBufferCallback from transactionCompleteCallback 14211
05-03 21:13:16.353 E/BLASTBufferQueue( 7566): [SurfaceView[com.solodevlab.solara/com.solodevlab.solara.MainActivity]#1](f:0,a:1) ERROR: releaseBufferCallback without corresponding submitted buffer bufferId:32495722561539 framenumber:14211
05-03 21:13:16.403 E/BLASTBufferQueue( 7566): [SurfaceView[com.solodevlab.solara/com.solodevlab.solara.MainActivity]#1](f:0,a:2) Faking releaseBufferCallback from transactionCompleteCallback 14215
05-03 21:13:16.419 E/BLASTBufferQueue( 7566): [SurfaceView[com.solodevlab.solara/com.solodevlab.solara.MainActivity]#1](f:0,a:1) ERROR: releaseBufferCallback without corresponding submitted buffer bufferId:32495722561540 framenumber:14215
05-03 21:13:16.519 E/BLASTBufferQueue( 7566): [SurfaceView[com.solodevlab.solara/com.solodevlab.solara.MainActivity]#1](f:0,a:2) Faking releaseBufferCallback from transactionCompleteCallback 14222
05-03 21:13:16.554 E/BLASTBufferQueue( 7566): [SurfaceView[com.solodevlab.solara/com.solodevlab.solara.MainActivity]#1](f:0,a:1) ERROR: releaseBufferCallback without corresponding submitted buffer bufferId:32495722561542 framenumber:14222
05-03 21:13:16.570 E/BLASTBufferQueue( 7566): [SurfaceView[com.solodevlab.solara/com.solodevlab.solara.MainActivity]#1](f:0,a:2) Faking releaseBufferCallback from transactionCompleteCallback 14225
05-03 21:13:16.605 E/BLASTBufferQueue( 7566): [SurfaceView[com.solodevlab.solara/com.solodevlab.solara.MainActivity]#1](f:0,a:1) ERROR: releaseBufferCallback without corresponding submitted buffer bufferId:32495722561542 framenumber:14225
05-03 21:13:16.619 E/BLASTBufferQueue( 7566): [SurfaceView[com.solodevlab.solara/com.solodevlab.solara.MainActivity]#1](f:0,a:2) Faking releaseBufferCallback from transactionCompleteCallback 14228
05-03 21:13:16.637 E/BLASTBufferQueue( 7566): [SurfaceView[com.solodevlab.solara/com.solodevlab.solara.MainActivity]#1](f:0,a:1) ERROR: releaseBufferCallback without corresponding submitted buffer bufferId:32495722561542 framenumber:14228
05-03 21:13:16.703 E/BLASTBufferQueue( 7566): [SurfaceView[com.solodevlab.solara/com.solodevlab.solara.MainActivity]#1](f:0,a:2) Faking releaseBufferCallback from transactionCompleteCallback 14233
05-03 21:13:18.123 E/BLASTBufferQueue( 7566): [SurfaceView[com.solodevlab.solara/com.solodevlab.solara.MainActivity]#1](f:0,a:2) Faking releaseBufferCallback from transactionCompleteCallback 14317
05-03 21:13:18.158 E/BLASTBufferQueue( 7566): [SurfaceView[com.solodevlab.solara/com.solodevlab.solara.MainActivity]#1](f:0,a:1) ERROR: releaseBufferCallback without corresponding submitted buffer bufferId:32495722561540 framenumber:14317
05-03 21:13:18.173 E/BLASTBufferQueue( 7566): [SurfaceView[com.solodevlab.solara/com.solodevlab.solara.MainActivity]#1](f:0,a:2) Faking releaseBufferCallback from transactionCompleteCallback 14320
05-03 21:13:18.191 E/BLASTBufferQueue( 7566): [SurfaceView[com.solodevlab.solara/com.solodevlab.solara.MainActivity]#1](f:0,a:1) ERROR: releaseBufferCallback without corresponding submitted buffer bufferId:32495722561540 framenumber:14320
05-03 21:13:18.324 E/BLASTBufferQueue( 7566): [SurfaceView[com.solodevlab.solara/com.solodevlab.solara.MainActivity]#1](f:0,a:2) Faking releaseBufferCallback from transactionCompleteCallback 14329
05-03 21:13:18.359 E/BLASTBufferQueue( 7566): [SurfaceView[com.solodevlab.solara/com.solodevlab.solara.MainActivity]#1](f:0,a:1) ERROR: releaseBufferCallback without corresponding submitted buffer bufferId:32495722561540 framenumber:14329
05-03 21:13:18.374 E/BLASTBufferQueue( 7566): [SurfaceView[com.solodevlab.solara/com.solodevlab.solara.MainActivity]#1](f:0,a:2) Faking releaseBufferCallback from transactionCompleteCallback 14332
05-03 21:13:18.392 E/BLASTBufferQueue( 7566): [SurfaceView[com.solodevlab.solara/com.solodevlab.solara.MainActivity]#1](f:0,a:1) ERROR: releaseBufferCallback without corresponding submitted buffer bufferId:32495722561540 framenumber:14332
05-03 21:13:18.508 E/BLASTBufferQueue( 7566): [SurfaceView[com.solodevlab.solara/com.solodevlab.solara.MainActivity]#1](f:0,a:2) Faking releaseBufferCallback from transactionCompleteCallback 14340
05-03 21:13:18.525 E/BLASTBufferQueue( 7566): [SurfaceView[com.solodevlab.solara/com.solodevlab.solara.MainActivity]#1](f:0,a:1) ERROR: releaseBufferCallback without corresponding submitted buffer bufferId:32495722561539 framenumber:14340
05-03 21:13:18.558 E/BLASTBufferQueue( 7566): [SurfaceView[com.solodevlab.solara/com.solodevlab.solara.MainActivity]#1](f:0,a:2) Faking releaseBufferCallback from transactionCompleteCallback 14343
05-03 21:13:18.575 E/BLASTBufferQueue( 7566): [SurfaceView[com.solodevlab.solara/com.solodevlab.solara.MainActivity]#1](f:0,a:1) ERROR: releaseBufferCallback without corresponding submitted buffer bufferId:32495722561539 framenumber:14343
05-03 21:13:18.591 E/BLASTBufferQueue( 7566): [SurfaceView[com.solodevlab.solara/com.solodevlab.solara.MainActivity]#1](f:0,a:2) Faking releaseBufferCallback from transactionCompleteCallback 14345
05-03 21:13:18.609 E/BLASTBufferQueue( 7566): [SurfaceView[com.solodevlab.solara/com.solodevlab.solara.MainActivity]#1](f:0,a:1) ERROR: releaseBufferCallback without corresponding submitted buffer bufferId:32495722561542 framenumber:14345
05-03 21:13:18.624 E/BLASTBufferQueue( 7566): [SurfaceView[com.solodevlab.solara/com.solodevlab.solara.MainActivity]#1](f:0,a:2) Faking releaseBufferCallback from transactionCompleteCallback 14347
05-03 21:13:18.641 E/BLASTBufferQueue( 7566): [SurfaceView[com.solodevlab.solara/com.solodevlab.solara.MainActivity]#1](f:0,a:1) ERROR: releaseBufferCallback without corresponding submitted buffer bufferId:32495722561540 framenumber:14347
05-03 21:13:18.692 E/BLASTBufferQueue( 7566): [SurfaceView[com.solodevlab.solara/com.solodevlab.solara.MainActivity]#1](f:0,a:2) Faking releaseBufferCallback from transactionCompleteCallback 14351
05-03 21:14:45.459 E/BLASTBufferQueue( 7566): [SurfaceView[com.solodevlab.solara/com.solodevlab.solara.MainActivity]#1](f:0,a:2) Faking releaseBufferCallback from transactionCompleteCallback 19542
05-03 21:14:45.509 E/BLASTBufferQueue( 7566): [SurfaceView[com.solodevlab.solara/com.solodevlab.solara.MainActivity]#1](f:0,a:2) Faking releaseBufferCallback from transactionCompleteCallback 19544
05-03 21:14:45.592 E/BLASTBufferQueue( 7566): [SurfaceView[com.solodevlab.solara/com.solodevlab.solara.MainActivity]#1](f:0,a:2) Faking releaseBufferCallback from transactionCompleteCallback 19547
05-03 21:14:45.945 E/BLASTBufferQueue( 7566): [SurfaceView[com.solodevlab.solara/com.solodevlab.solara.MainActivity]#1](f:0,a:2) Faking releaseBufferCallback from transactionCompleteCallback 19565
05-03 21:14:46.048 E/BLASTBufferQueue( 7566): [SurfaceView[com.solodevlab.solara/com.solodevlab.solara.MainActivity]#1](f:0,a:2) Faking releaseBufferCallback from transactionCompleteCallback 19567
05-03 21:14:46.077 E/BLASTBufferQueue( 7566): [SurfaceView[com.solodevlab.solara/com.solodevlab.solara.MainActivity]#1](f:0,a:2) ERROR: releaseBufferCallback without corresponding submitted buffer bufferId:32495722561540 framenumber:19567
05-03 21:14:46.077 E/BLASTBufferQueue( 7566): [SurfaceView[com.solodevlab.solara/com.solodevlab.solara.MainActivity]#1](f:0,a:2) Faking releaseBufferCallback from transactionCompleteCallback 19568
05-03 21:14:46.143 E/BLASTBufferQueue( 7566): [SurfaceView[com.solodevlab.solara/com.solodevlab.solara.MainActivity]#1](f:0,a:2) ERROR: releaseBufferCallback without corresponding submitted buffer bufferId:32495722561542 framenumber:19568
05-03 21:14:46.143 E/BLASTBufferQueue( 7566): [SurfaceView[com.solodevlab.solara/com.solodevlab.solara.MainActivity]#1](f:0,a:2) Faking releaseBufferCallback from transactionCompleteCallback 19569
05-03 21:14:46.544 E/BLASTBufferQueue( 7566): [SurfaceView[com.solodevlab.solara/com.solodevlab.solara.MainActivity]#1](f:0,a:2) Faking releaseBufferCallback from transactionCompleteCallback 19588
05-03 21:14:47.184 E/BLASTBufferQueue( 7566): [SurfaceView[com.solodevlab.solara/com.solodevlab.solara.MainActivity]#1](f:0,a:2) Faking releaseBufferCallback from transactionCompleteCallback 19614
05-03 21:14:47.246 E/BLASTBufferQueue( 7566): [SurfaceView[com.solodevlab.solara/com.solodevlab.solara.MainActivity]#1](f:0,a:2) ERROR: releaseBufferCallback without corresponding submitted buffer bufferId:32495722561539 framenumber:19614
05-03 21:14:47.247 E/BLASTBufferQueue( 7566): [SurfaceView[com.solodevlab.solara/com.solodevlab.solara.MainActivity]#1](f:0,a:2) Faking releaseBufferCallback from transactionCompleteCallback 19615
05-03 21:14:47.313 E/BLASTBufferQueue( 7566): [SurfaceView[com.solodevlab.solara/com.solodevlab.solara.MainActivity]#1](f:0,a:2) ERROR: releaseBufferCallback without corresponding submitted buffer bufferId:32495722561540 framenumber:19615
05-03 21:14:47.313 E/BLASTBufferQueue( 7566): [SurfaceView[com.solodevlab.solara/com.solodevlab.solara.MainActivity]#1](f:0,a:2) Faking releaseBufferCallback from transactionCompleteCallback 19616
05-03 21:14:47.380 E/BLASTBufferQueue( 7566): [SurfaceView[com.solodevlab.solara/com.solodevlab.solara.MainActivity]#1](f:0,a:2) ERROR: releaseBufferCallback without corresponding submitted buffer bufferId:32495722561542 framenumber:19616
05-03 21:14:47.380 E/BLASTBufferQueue( 7566): [SurfaceView[com.solodevlab.solara/com.solodevlab.solara.MainActivity]#1](f:0,a:2) Faking releaseBufferCallback from transactionCompleteCallback 19617
05-03 21:14:47.447 E/BLASTBufferQueue( 7566): [SurfaceView[com.solodevlab.solara/com.solodevlab.solara.MainActivity]#1](f:0,a:2) ERROR: releaseBufferCallback without corresponding submitted buffer bufferId:32495722561539 framenumber:19617
05-03 21:14:47.447 E/BLASTBufferQueue( 7566): [SurfaceView[com.solodevlab.solara/com.solodevlab.solara.MainActivity]#1](f:0,a:2) Faking releaseBufferCallback from transactionCompleteCallback 19618
05-03 21:14:47.514 E/BLASTBufferQueue( 7566): [SurfaceView[com.solodevlab.solara/com.solodevlab.solara.MainActivity]#1](f:0,a:2) ERROR: releaseBufferCallback without corresponding submitted buffer bufferId:32495722561540 framenumber:19618
05-03 21:14:47.514 E/BLASTBufferQueue( 7566): [SurfaceView[com.solodevlab.solara/com.solodevlab.solara.MainActivity]#1](f:0,a:2) Faking releaseBufferCallback from transactionCompleteCallback 19619
05-03 21:14:47.631 E/BLASTBufferQueue( 7566): [SurfaceView[com.solodevlab.solara/com.solodevlab.solara.MainActivity]#1](f:0,a:2) Faking releaseBufferCallback from transactionCompleteCallback 19621
05-03 21:14:47.697 E/BLASTBufferQueue( 7566): [SurfaceView[com.solodevlab.solara/com.solodevlab.solara.MainActivity]#1](f:0,a:2) ERROR: releaseBufferCallback without corresponding submitted buffer bufferId:32495722561540 framenumber:19621
05-03 21:14:47.697 E/BLASTBufferQueue( 7566): [SurfaceView[com.solodevlab.solara/com.solodevlab.solara.MainActivity]#1](f:0,a:2) Faking releaseBufferCallback from transactionCompleteCallback 19622
05-03 21:14:47.815 E/BLASTBufferQueue( 7566): [SurfaceView[com.solodevlab.solara/com.solodevlab.solara.MainActivity]#1](f:0,a:2) Faking releaseBufferCallback from transactionCompleteCallback 19624
05-03 21:14:47.887 E/BLASTBufferQueue( 7566): [SurfaceView[com.solodevlab.solara/com.solodevlab.solara.MainActivity]#1](f:0,a:2) ERROR: releaseBufferCallback without corresponding submitted buffer bufferId:32495722561540 framenumber:19624
05-03 21:14:47.887 E/BLASTBufferQueue( 7566): [SurfaceView[com.solodevlab.solara/com.solodevlab.solara.MainActivity]#1](f:0,a:2) Faking releaseBufferCallback from transactionCompleteCallback 19625
05-03 21:14:47.949 E/BLASTBufferQueue( 7566): [SurfaceView[com.solodevlab.solara/com.solodevlab.solara.MainActivity]#1](f:0,a:2) ERROR: releaseBufferCallback without corresponding submitted buffer bufferId:32495722561542 framenumber:19625
05-03 21:14:47.949 E/BLASTBufferQueue( 7566): [SurfaceView[com.solodevlab.solara/com.solodevlab.solara.MainActivity]#1](f:0,a:2) Faking releaseBufferCallback from transactionCompleteCallback 19626
05-03 21:14:48.067 E/BLASTBufferQueue( 7566): [SurfaceView[com.solodevlab.solara/com.solodevlab.solara.MainActivity]#1](f:0,a:2) Faking releaseBufferCallback from transactionCompleteCallback 19628
05-03 21:14:48.132 E/BLASTBufferQueue( 7566): [SurfaceView[com.solodevlab.solara/com.solodevlab.solara.MainActivity]#1](f:0,a:2) ERROR: releaseBufferCallback without corresponding submitted buffer bufferId:32495722561542 framenumber:19628
05-03 21:14:48.132 E/BLASTBufferQueue( 7566): [SurfaceView[com.solodevlab.solara/com.solodevlab.solara.MainActivity]#1](f:0,a:2) Faking releaseBufferCallback from transactionCompleteCallback 19629
05-03 21:14:48.199 E/BLASTBufferQueue( 7566): [SurfaceView[com.solodevlab.solara/com.solodevlab.solara.MainActivity]#1](f:0,a:2) ERROR: releaseBufferCallback without corresponding submitted buffer bufferId:32495722561539 framenumber:19629
05-03 21:14:48.199 E/BLASTBufferQueue( 7566): [SurfaceView[com.solodevlab.solara/com.solodevlab.solara.MainActivity]#1](f:0,a:2) Faking releaseBufferCallback from transactionCompleteCallback 19630
05-03 21:14:48.266 E/BLASTBufferQueue( 7566): [SurfaceView[com.solodevlab.solara/com.solodevlab.solara.MainActivity]#1](f:0,a:2) ERROR: releaseBufferCallback without corresponding submitted buffer bufferId:32495722561540 framenumber:19630
05-03 21:14:48.266 E/BLASTBufferQueue( 7566): [SurfaceView[com.solodevlab.solara/com.solodevlab.solara.MainActivity]#1](f:0,a:2) Faking releaseBufferCallback from transactionCompleteCallback 19631
05-03 21:14:48.316 E/BLASTBufferQueue( 7566): [SurfaceView[com.solodevlab.solara/com.solodevlab.solara.MainActivity]#1](f:0,a:2) ERROR: releaseBufferCallback without corresponding submitted buffer bufferId:32495722561542 framenumber:19631
05-03 21:14:48.316 E/BLASTBufferQueue( 7566): [SurfaceView[com.solodevlab.solara/com.solodevlab.solara.MainActivity]#1](f:0,a:2) Faking releaseBufferCallback from transactionCompleteCallback 19632
05-03 21:14:48.418 E/BLASTBufferQueue( 7566): [SurfaceView[com.solodevlab.solara/com.solodevlab.solara.MainActivity]#1](f:0,a:2) Faking releaseBufferCallback from transactionCompleteCallback 19634
05-03 21:14:48.533 E/BLASTBufferQueue( 7566): [SurfaceView[com.solodevlab.solara/com.solodevlab.solara.MainActivity]#1](f:0,a:2) Faking releaseBufferCallback from transactionCompleteCallback 19636
05-03 21:14:48.650 E/BLASTBufferQueue( 7566): [SurfaceView[com.solodevlab.solara/com.solodevlab.solara.MainActivity]#1](f:0,a:2) Faking releaseBufferCallback from transactionCompleteCallback 19639
05-03 21:14:48.734 E/BLASTBufferQueue( 7566): [SurfaceView[com.solodevlab.solara/com.solodevlab.solara.MainActivity]#1](f:0,a:2) Faking releaseBufferCallback from transactionCompleteCallback 19641
05-03 21:14:48.817 E/BLASTBufferQueue( 7566): [SurfaceView[com.solodevlab.solara/com.solodevlab.solara.MainActivity]#1](f:0,a:2) Faking releaseBufferCallback from transactionCompleteCallback 19643
05-03 21:14:48.867 E/BLASTBufferQueue( 7566): [SurfaceView[com.solodevlab.solara/com.solodevlab.solara.MainActivity]#1](f:0,a:2) ERROR: releaseBufferCallback without corresponding submitted buffer bufferId:32495722561542 framenumber:19643
05-03 21:14:48.867 E/BLASTBufferQueue( 7566): [SurfaceView[com.solodevlab.solara/com.solodevlab.solara.MainActivity]#1](f:0,a:2) Faking releaseBufferCallback from transactionCompleteCallback 19645
05-03 21:14:49.251 E/BLASTBufferQueue( 7566): [SurfaceView[com.solodevlab.solara/com.solodevlab.solara.MainActivity]#1](f:0,a:2) Faking releaseBufferCallback from transactionCompleteCallback 19662
05-03 21:14:49.469 E/BLASTBufferQueue( 7566): [SurfaceView[com.solodevlab.solara/com.solodevlab.solara.MainActivity]#1](f:0,a:2) Faking releaseBufferCallback from transactionCompleteCallback 19674
05-03 21:14:49.669 E/BLASTBufferQueue( 7566): [SurfaceView[com.solodevlab.solara/com.solodevlab.solara.MainActivity]#1](f:0,a:2) Faking releaseBufferCallback from transactionCompleteCallback 19685
05-03 21:14:50.320 E/BLASTBufferQueue( 7566): [SurfaceView[com.solodevlab.solara/com.solodevlab.solara.MainActivity]#1](f:0,a:2) Faking releaseBufferCallback from transactionCompleteCallback 19723
05-03 21:14:50.338 E/BLASTBufferQueue( 7566): [SurfaceView[com.solodevlab.solara/com.solodevlab.solara.MainActivity]#1](f:0,a:1) ERROR: releaseBufferCallback without corresponding submitted buffer bufferId:32495722561540 framenumber:19723
05-03 21:14:50.387 E/BLASTBufferQueue( 7566): [SurfaceView[com.solodevlab.solara/com.solodevlab.solara.MainActivity]#1](f:0,a:2) Faking releaseBufferCallback from transactionCompleteCallback 19727
05-03 21:14:50.405 E/BLASTBufferQueue( 7566): [SurfaceView[com.solodevlab.solara/com.solodevlab.solara.MainActivity]#1](f:0,a:1) ERROR: releaseBufferCallback without corresponding submitted buffer bufferId:32495722561542 framenumber:19727
05-03 21:14:53.428 E/BLASTBufferQueue( 7566): [SurfaceView[com.solodevlab.solara/com.solodevlab.solara.MainActivity]#1](f:0,a:2) Faking releaseBufferCallback from transactionCompleteCallback 19903
05-03 21:14:53.445 E/BLASTBufferQueue( 7566): [SurfaceView[com.solodevlab.solara/com.solodevlab.solara.MainActivity]#1](f:0,a:1) ERROR: releaseBufferCallback without corresponding submitted buffer bufferId:32495722561540 framenumber:19903
05-03 21:14:54.732 E/BLASTBufferQueue( 7566): [SurfaceView[com.solodevlab.solara/com.solodevlab.solara.MainActivity]#1](f:0,a:2) Faking releaseBufferCallback from transactionCompleteCallback 19951
05-03 21:14:57.258 E/BLASTBufferQueue( 7566): [SurfaceView[com.solodevlab.solara/com.solodevlab.solara.MainActivity]#1](f:0,a:2) Faking releaseBufferCallback from transactionCompleteCallback 20081
05-03 21:14:57.455 E/BLASTBufferQueue( 7566): [SurfaceView[com.solodevlab.solara/com.solodevlab.solara.MainActivity]#1](f:0,a:2) Faking releaseBufferCallback from transactionCompleteCallback 20087
05-03 21:14:57.521 E/BLASTBufferQueue( 7566): [SurfaceView[com.solodevlab.solara/com.solodevlab.solara.MainActivity]#1](f:0,a:2) Faking releaseBufferCallback from transactionCompleteCallback 20089
05-03 21:14:57.555 E/BLASTBufferQueue( 7566): [SurfaceView[com.solodevlab.solara/com.solodevlab.solara.MainActivity]#1](f:0,a:2) ERROR: releaseBufferCallback without corresponding submitted buffer bufferId:32495722561540 framenumber:20089
05-03 21:14:57.555 E/BLASTBufferQueue( 7566): [SurfaceView[com.solodevlab.solara/com.solodevlab.solara.MainActivity]#1](f:0,a:2) Faking releaseBufferCallback from transactionCompleteCallback 20090
05-03 21:14:58.315 E/BLASTBufferQueue( 7566): [SurfaceView[com.solodevlab.solara/com.solodevlab.solara.MainActivity]#1](f:0,a:2) Faking releaseBufferCallback from transactionCompleteCallback 20133
05-03 21:14:58.557 E/BLASTBufferQueue( 7566): [SurfaceView[com.solodevlab.solara/com.solodevlab.solara.MainActivity]#1](f:0,a:2) Faking releaseBufferCallback from transactionCompleteCallback 20141
05-03 21:14:58.658 E/BLASTBufferQueue( 7566): [SurfaceView[com.solodevlab.solara/com.solodevlab.solara.MainActivity]#1](f:0,a:2) Faking releaseBufferCallback from transactionCompleteCallback 20145
05-03 21:14:58.992 E/BLASTBufferQueue( 7566): [SurfaceView[com.solodevlab.solara/com.solodevlab.solara.MainActivity]#1](f:0,a:2) Faking releaseBufferCallback from transactionCompleteCallback 20164
05-03 21:14:59.010 E/BLASTBufferQueue( 7566): [SurfaceView[com.solodevlab.solara/com.solodevlab.solara.MainActivity]#1](f:0,a:1) ERROR: releaseBufferCallback without corresponding submitted buffer bufferId:32495722561540 framenumber:20164
05-03 21:14:59.042 E/BLASTBufferQueue( 7566): [SurfaceView[com.solodevlab.solara/com.solodevlab.solara.MainActivity]#1](f:0,a:2) Faking releaseBufferCallback from transactionCompleteCallback 20167
05-03 21:14:59.060 E/BLASTBufferQueue( 7566): [SurfaceView[com.solodevlab.solara/com.solodevlab.solara.MainActivity]#1](f:0,a:1) ERROR: releaseBufferCallback without corresponding submitted buffer bufferId:32495722561540 framenumber:20167
05-03 21:14:59.160 E/BLASTBufferQueue( 7566): [SurfaceView[com.solodevlab.solara/com.solodevlab.solara.MainActivity]#1](f:0,a:2) Faking releaseBufferCallback from transactionCompleteCallback 20171
05-03 21:14:59.176 E/BLASTBufferQueue( 7566): [SurfaceView[com.solodevlab.solara/com.solodevlab.solara.MainActivity]#1](f:0,a:1) ERROR: releaseBufferCallback without corresponding submitted buffer bufferId:32495722561542 framenumber:20171
05-03 21:14:59.193 E/BLASTBufferQueue( 7566): [SurfaceView[com.solodevlab.solara/com.solodevlab.solara.MainActivity]#1](f:0,a:2) Faking releaseBufferCallback from transactionCompleteCallback 20173
05-03 21:15:00.048 E/BLASTBufferQueue( 7566): [SurfaceView[com.solodevlab.solara/com.solodevlab.solara.MainActivity]#1](f:0,a:2) Faking releaseBufferCallback from transactionCompleteCallback 20208
05-03 21:15:00.078 E/BLASTBufferQueue( 7566): [SurfaceView[com.solodevlab.solara/com.solodevlab.solara.MainActivity]#1](f:0,a:2) ERROR: releaseBufferCallback without corresponding submitted buffer bufferId:32495722561539 framenumber:20208
05-03 21:15:00.078 E/BLASTBufferQueue( 7566): [SurfaceView[com.solodevlab.solara/com.solodevlab.solara.MainActivity]#1](f:0,a:2) Faking releaseBufferCallback from transactionCompleteCallback 20209
05-03 21:15:00.129 E/BLASTBufferQueue( 7566): [SurfaceView[com.solodevlab.solara/com.solodevlab.solara.MainActivity]#1](f:0,a:1) ERROR: releaseBufferCallback without corresponding submitted buffer bufferId:32495722561540 framenumber:20209
05-03 21:15:00.145 E/BLASTBufferQueue( 7566): [SurfaceView[com.solodevlab.solara/com.solodevlab.solara.MainActivity]#1](f:0,a:2) Faking releaseBufferCallback from transactionCompleteCallback 20213
05-03 21:15:00.212 E/BLASTBufferQueue( 7566): [SurfaceView[com.solodevlab.solara/com.solodevlab.solara.MainActivity]#1](f:0,a:2) Faking releaseBufferCallback from transactionCompleteCallback 20216
05-03 21:15:00.295 E/BLASTBufferQueue( 7566): [SurfaceView[com.solodevlab.solara/com.solodevlab.solara.MainActivity]#1](f:0,a:2) ERROR: releaseBufferCallback without corresponding submitted buffer bufferId:32495722561542 framenumber:20216
05-03 21:15:00.295 E/BLASTBufferQueue( 7566): [SurfaceView[com.solodevlab.solara/com.solodevlab.solara.MainActivity]#1](f:0,a:2) Faking releaseBufferCallback from transactionCompleteCallback 20220
05-03 21:15:00.362 E/BLASTBufferQueue( 7566): [SurfaceView[com.solodevlab.solara/com.solodevlab.solara.MainActivity]#1](f:0,a:2) ERROR: releaseBufferCallback without corresponding submitted buffer bufferId:32495722561539 framenumber:20220
05-03 21:15:00.362 E/BLASTBufferQueue( 7566): [SurfaceView[com.solodevlab.solara/com.solodevlab.solara.MainActivity]#1](f:0,a:2) Faking releaseBufferCallback from transactionCompleteCallback 20223
05-03 21:15:00.529 E/BLASTBufferQueue( 7566): [SurfaceView[com.solodevlab.solara/com.solodevlab.solara.MainActivity]#1](f:0,a:2) Faking releaseBufferCallback from transactionCompleteCallback 20228
05-03 21:15:00.563 E/BLASTBufferQueue( 7566): [SurfaceView[com.solodevlab.solara/com.solodevlab.solara.MainActivity]#1](f:0,a:2) ERROR: releaseBufferCallback without corresponding submitted buffer bufferId:32495722561542 framenumber:20228
05-03 21:15:00.563 E/BLASTBufferQueue( 7566): [SurfaceView[com.solodevlab.solara/com.solodevlab.solara.MainActivity]#1](f:0,a:2) Faking releaseBufferCallback from transactionCompleteCallback 20229
05-03 21:15:00.663 E/BLASTBufferQueue( 7566): [SurfaceView[com.solodevlab.solara/com.solodevlab.solara.MainActivity]#1](f:0,a:2) Faking releaseBufferCallback from transactionCompleteCallback 20234
05-03 21:15:00.746 E/BLASTBufferQueue( 7566): [SurfaceView[com.solodevlab.solara/com.solodevlab.solara.MainActivity]#1](f:0,a:2) Faking releaseBufferCallback from transactionCompleteCallback 20238
05-03 21:15:00.880 E/BLASTBufferQueue( 7566): [SurfaceView[com.solodevlab.solara/com.solodevlab.solara.MainActivity]#1](f:0,a:2) Faking releaseBufferCallback from transactionCompleteCallback 20245
05-03 21:15:01.181 E/BLASTBufferQueue( 7566): [SurfaceView[com.solodevlab.solara/com.solodevlab.solara.MainActivity]#1](f:0,a:2) Faking releaseBufferCallback from transactionCompleteCallback 20262
05-03 21:15:01.548 E/BLASTBufferQueue( 7566): [SurfaceView[com.solodevlab.solara/com.solodevlab.solara.MainActivity]#1](f:0,a:2) Faking releaseBufferCallback from transactionCompleteCallback 20283
05-03 21:15:01.632 E/BLASTBufferQueue( 7566): [SurfaceView[com.solodevlab.solara/com.solodevlab.solara.MainActivity]#1](f:0,a:2) Faking releaseBufferCallback from transactionCompleteCallback 20287
05-03 21:15:01.866 E/BLASTBufferQueue( 7566): [SurfaceView[com.solodevlab.solara/com.solodevlab.solara.MainActivity]#1](f:0,a:2) Faking releaseBufferCallback from transactionCompleteCallback 20300
05-03 21:15:02.017 E/BLASTBufferQueue( 7566): [SurfaceView[com.solodevlab.solara/com.solodevlab.solara.MainActivity]#1](f:0,a:2) Faking releaseBufferCallback from transactionCompleteCallback 20308
05-03 21:15:02.083 E/BLASTBufferQueue( 7566): [SurfaceView[com.solodevlab.solara/com.solodevlab.solara.MainActivity]#1](f:0,a:2) Faking releaseBufferCallback from transactionCompleteCallback 20311
05-03 21:15:02.284 E/BLASTBufferQueue( 7566): [SurfaceView[com.solodevlab.solara/com.solodevlab.solara.MainActivity]#1](f:0,a:2) ERROR: releaseBufferCallback without corresponding submitted buffer bufferId:32495722561540 framenumber:20311
05-03 21:15:02.284 E/BLASTBufferQueue( 7566): [SurfaceView[com.solodevlab.solara/com.solodevlab.solara.MainActivity]#1](f:0,a:2) Faking releaseBufferCallback from transactionCompleteCallback 20322
05-03 21:15:02.351 E/BLASTBufferQueue( 7566): [SurfaceView[com.solodevlab.solara/com.solodevlab.solara.MainActivity]#1](f:0,a:2) Faking releaseBufferCallback from transactionCompleteCallback 20325
05-03 21:15:02.417 E/BLASTBufferQueue( 7566): [SurfaceView[com.solodevlab.solara/com.solodevlab.solara.MainActivity]#1](f:0,a:2) ERROR: releaseBufferCallback without corresponding submitted buffer bufferId:32495722561539 framenumber:20325
05-03 21:15:02.417 E/BLASTBufferQueue( 7566): [SurfaceView[com.solodevlab.solara/com.solodevlab.solara.MainActivity]#1](f:0,a:2) Faking releaseBufferCallback from transactionCompleteCallback 20328
05-03 21:15:02.501 E/BLASTBufferQueue( 7566): [SurfaceView[com.solodevlab.solara/com.solodevlab.solara.MainActivity]#1](f:0,a:2) Faking releaseBufferCallback from transactionCompleteCallback 20332
05-03 21:15:02.568 E/BLASTBufferQueue( 7566): [SurfaceView[com.solodevlab.solara/com.solodevlab.solara.MainActivity]#1](f:0,a:2) ERROR: releaseBufferCallback without corresponding submitted buffer bufferId:32495722561540 framenumber:20332
05-03 21:15:02.568 E/BLASTBufferQueue( 7566): [SurfaceView[com.solodevlab.solara/com.solodevlab.solara.MainActivity]#1](f:0,a:2) Faking releaseBufferCallback from transactionCompleteCallback 20335
05-03 21:15:02.635 E/BLASTBufferQueue( 7566): [SurfaceView[com.solodevlab.solara/com.solodevlab.solara.MainActivity]#1](f:0,a:2) Faking releaseBufferCallback from transactionCompleteCallback 20338
05-03 21:15:02.718 E/BLASTBufferQueue( 7566): [SurfaceView[com.solodevlab.solara/com.solodevlab.solara.MainActivity]#1](f:0,a:2) Faking releaseBufferCallback from transactionCompleteCallback 20342
05-03 21:15:02.802 E/BLASTBufferQueue( 7566): [SurfaceView[com.solodevlab.solara/com.solodevlab.solara.MainActivity]#1](f:0,a:2) Faking releaseBufferCallback from transactionCompleteCallback 20346
05-03 21:15:02.885 E/BLASTBufferQueue( 7566): [SurfaceView[com.solodevlab.solara/com.solodevlab.solara.MainActivity]#1](f:0,a:2) Faking releaseBufferCallback from transactionCompleteCallback 20350
05-03 21:15:02.969 E/BLASTBufferQueue( 7566): [SurfaceView[com.solodevlab.solara/com.solodevlab.solara.MainActivity]#1](f:0,a:2) Faking releaseBufferCallback from transactionCompleteCallback 20354
05-03 21:15:03.052 E/BLASTBufferQueue( 7566): [SurfaceView[com.solodevlab.solara/com.solodevlab.solara.MainActivity]#1](f:0,a:2) Faking releaseBufferCallback from transactionCompleteCallback 20358
05-03 21:15:03.103 E/BLASTBufferQueue( 7566): [SurfaceView[com.solodevlab.solara/com.solodevlab.solara.MainActivity]#1](f:0,a:2) Faking releaseBufferCallback from transactionCompleteCallback 20360
05-03 21:15:03.186 E/BLASTBufferQueue( 7566): [SurfaceView[com.solodevlab.solara/com.solodevlab.solara.MainActivity]#1](f:0,a:2) Faking releaseBufferCallback from transactionCompleteCallback 20364
05-03 21:15:03.353 E/BLASTBufferQueue( 7566): [SurfaceView[com.solodevlab.solara/com.solodevlab.solara.MainActivity]#1](f:0,a:2) Faking releaseBufferCallback from transactionCompleteCallback 20373
05-03 21:15:03.436 E/BLASTBufferQueue( 7566): [SurfaceView[com.solodevlab.solara/com.solodevlab.solara.MainActivity]#1](f:0,a:2) Faking releaseBufferCallback from transactionCompleteCallback 20377
05-03 21:15:03.553 E/BLASTBufferQueue( 7566): [SurfaceView[com.solodevlab.solara/com.solodevlab.solara.MainActivity]#1](f:0,a:2) Faking releaseBufferCallback from transactionCompleteCallback 20383
05-03 21:15:03.620 E/BLASTBufferQueue( 7566): [SurfaceView[com.solodevlab.solara/com.solodevlab.solara.MainActivity]#1](f:0,a:2) Faking releaseBufferCallback from transactionCompleteCallback 20386
05-03 21:15:03.788 E/BLASTBufferQueue( 7566): [SurfaceView[com.solodevlab.solara/com.solodevlab.solara.MainActivity]#1](f:0,a:2) Faking releaseBufferCallback from transactionCompleteCallback 20395
05-03 21:15:03.888 E/BLASTBufferQueue( 7566): [SurfaceView[com.solodevlab.solara/com.solodevlab.solara.MainActivity]#1](f:0,a:2) Faking releaseBufferCallback from transactionCompleteCallback 20400
05-03 21:15:04.071 E/BLASTBufferQueue( 7566): [SurfaceView[com.solodevlab.solara/com.solodevlab.solara.MainActivity]#1](f:0,a:2) Faking releaseBufferCallback from transactionCompleteCallback 20410
05-03 21:15:04.210 E/BLASTBufferQueue( 7566): [SurfaceView[com.solodevlab.solara/com.solodevlab.solara.MainActivity]#1](f:0,a:2) Faking releaseBufferCallback from transactionCompleteCallback 20417
05-03 21:15:04.272 E/BLASTBufferQueue( 7566): [SurfaceView[com.solodevlab.solara/com.solodevlab.solara.MainActivity]#1](f:0,a:2) Faking releaseBufferCallback from transactionCompleteCallback 20420
05-03 21:15:04.339 E/BLASTBufferQueue( 7566): [SurfaceView[com.solodevlab.solara/com.solodevlab.solara.MainActivity]#1](f:0,a:2) ERROR: releaseBufferCallback without corresponding submitted buffer bufferId:32495722561542 framenumber:20420
05-03 21:15:04.339 E/BLASTBufferQueue( 7566): [SurfaceView[com.solodevlab.solara/com.solodevlab.solara.MainActivity]#1](f:0,a:2) Faking releaseBufferCallback from transactionCompleteCallback 20423
05-03 21:15:04.456 E/BLASTBufferQueue( 7566): [SurfaceView[com.solodevlab.solara/com.solodevlab.solara.MainActivity]#1](f:0,a:2) Faking releaseBufferCallback from transactionCompleteCallback 20429
05-03 21:15:04.539 E/BLASTBufferQueue( 7566): [SurfaceView[com.solodevlab.solara/com.solodevlab.solara.MainActivity]#1](f:0,a:2) Faking releaseBufferCallback from transactionCompleteCallback 20433
05-03 21:15:04.623 E/BLASTBufferQueue( 7566): [SurfaceView[com.solodevlab.solara/com.solodevlab.solara.MainActivity]#1](f:0,a:2) Faking releaseBufferCallback from transactionCompleteCallback 20437
05-03 21:15:04.641 E/BLASTBufferQueue( 7566): [SurfaceView[com.solodevlab.solara/com.solodevlab.solara.MainActivity]#1](f:0,a:1) ERROR: releaseBufferCallback without corresponding submitted buffer bufferId:32495722561540 framenumber:20437
05-03 21:15:04.657 E/BLASTBufferQueue( 7566): [SurfaceView[com.solodevlab.solara/com.solodevlab.solara.MainActivity]#1](f:0,a:2) Faking releaseBufferCallback from transactionCompleteCallback 20439
05-03 21:15:04.723 E/BLASTBufferQueue( 7566): [SurfaceView[com.solodevlab.solara/com.solodevlab.solara.MainActivity]#1](f:0,a:2) Faking releaseBufferCallback from transactionCompleteCallback 20442
05-03 21:15:04.873 E/BLASTBufferQueue( 7566): [SurfaceView[com.solodevlab.solara/com.solodevlab.solara.MainActivity]#1](f:0,a:2) ERROR: releaseBufferCallback without corresponding submitted buffer bufferId:32495722561539 framenumber:20442
05-03 21:15:04.873 E/BLASTBufferQueue( 7566): [SurfaceView[com.solodevlab.solara/com.solodevlab.solara.MainActivity]#1](f:0,a:2) Faking releaseBufferCallback from transactionCompleteCallback 20450
05-03 21:15:04.940 E/BLASTBufferQueue( 7566): [SurfaceView[com.solodevlab.solara/com.solodevlab.solara.MainActivity]#1](f:0,a:2) Faking releaseBufferCallback from transactionCompleteCallback 20453
05-03 21:15:05.008 E/BLASTBufferQueue( 7566): [SurfaceView[com.solodevlab.solara/com.solodevlab.solara.MainActivity]#1](f:0,a:2) ERROR: releaseBufferCallback without corresponding submitted buffer bufferId:32495722561542 framenumber:20453
05-03 21:15:05.008 E/BLASTBufferQueue( 7566): [SurfaceView[com.solodevlab.solara/com.solodevlab.solara.MainActivity]#1](f:0,a:2) Faking releaseBufferCallback from transactionCompleteCallback 20456
05-03 21:15:05.107 E/BLASTBufferQueue( 7566): [SurfaceView[com.solodevlab.solara/com.solodevlab.solara.MainActivity]#1](f:0,a:2) Faking releaseBufferCallback from transactionCompleteCallback 20459
05-03 21:15:05.157 E/BLASTBufferQueue( 7566): [SurfaceView[com.solodevlab.solara/com.solodevlab.solara.MainActivity]#1](f:0,a:2) Faking releaseBufferCallback from transactionCompleteCallback 20461
05-03 21:15:05.367 E/BLASTBufferQueue( 7566): [SurfaceView[com.solodevlab.solara/com.solodevlab.solara.MainActivity]#1](f:0,a:2) Faking releaseBufferCallback from transactionCompleteCallback 20467
05-03 21:15:05.425 E/BLASTBufferQueue( 7566): [SurfaceView[com.solodevlab.solara/com.solodevlab.solara.MainActivity]#1](f:0,a:2) ERROR: releaseBufferCallback without corresponding submitted buffer bufferId:32495722561540 framenumber:20467
05-03 21:15:05.425 E/BLASTBufferQueue( 7566): [SurfaceView[com.solodevlab.solara/com.solodevlab.solara.MainActivity]#1](f:0,a:2) Faking releaseBufferCallback from transactionCompleteCallback 20468
05-03 21:15:05.491 E/BLASTBufferQueue( 7566): [SurfaceView[com.solodevlab.solara/com.solodevlab.solara.MainActivity]#1](f:0,a:2) Faking releaseBufferCallback from transactionCompleteCallback 20471
05-03 21:15:05.759 E/BLASTBufferQueue( 7566): [SurfaceView[com.solodevlab.solara/com.solodevlab.solara.MainActivity]#1](f:0,a:2) Faking releaseBufferCallback from transactionCompleteCallback 20486
05-03 21:15:05.893 E/BLASTBufferQueue( 7566): [SurfaceView[com.solodevlab.solara/com.solodevlab.solara.MainActivity]#1](f:0,a:2) Faking releaseBufferCallback from transactionCompleteCallback 20493
05-03 21:15:05.960 E/BLASTBufferQueue( 7566): [SurfaceView[com.solodevlab.solara/com.solodevlab.solara.MainActivity]#1](f:0,a:1) ERROR: releaseBufferCallback without corresponding submitted buffer bufferId:32495722561539 framenumber:20493
05-03 21:15:05.976 E/BLASTBufferQueue( 7566): [SurfaceView[com.solodevlab.solara/com.solodevlab.solara.MainActivity]#1](f:0,a:2) Faking releaseBufferCallback from transactionCompleteCallback 20498
05-03 21:15:06.310 E/BLASTBufferQueue( 7566): [SurfaceView[com.solodevlab.solara/com.solodevlab.solara.MainActivity]#1](f:0,a:2) ERROR: releaseBufferCallback without corresponding submitted buffer bufferId:32495722561542 framenumber:20498
05-03 21:15:06.310 E/BLASTBufferQueue( 7566): [SurfaceView[com.solodevlab.solara/com.solodevlab.solara.MainActivity]#1](f:0,a:2) Faking releaseBufferCallback from transactionCompleteCallback 20517
05-03 21:15:06.411 E/BLASTBufferQueue( 7566): [SurfaceView[com.solodevlab.solara/com.solodevlab.solara.MainActivity]#1](f:0,a:2) Faking releaseBufferCallback from transactionCompleteCallback 20522
05-03 21:15:06.461 E/BLASTBufferQueue( 7566): [SurfaceView[com.solodevlab.solara/com.solodevlab.solara.MainActivity]#1](f:0,a:2) Faking releaseBufferCallback from transactionCompleteCallback 20524
05-03 21:15:08.132 E/BLASTBufferQueue( 7566): [SurfaceView[com.solodevlab.solara/com.solodevlab.solara.MainActivity]#1](f:0,a:2) Faking releaseBufferCallback from transactionCompleteCallback 20619
05-03 21:15:08.349 E/BLASTBufferQueue( 7566): [SurfaceView[com.solodevlab.solara/com.solodevlab.solara.MainActivity]#1](f:0,a:2) Faking releaseBufferCallback from transactionCompleteCallback 20625
05-03 21:15:08.399 E/BLASTBufferQueue( 7566): [SurfaceView[com.solodevlab.solara/com.solodevlab.solara.MainActivity]#1](f:0,a:2) ERROR: releaseBufferCallback without corresponding submitted buffer bufferId:32495722561539 framenumber:20625
05-03 21:15:08.399 E/BLASTBufferQueue( 7566): [SurfaceView[com.solodevlab.solara/com.solodevlab.solara.MainActivity]#1](f:0,a:2) Faking releaseBufferCallback from transactionCompleteCallback 20627
05-03 21:15:08.465 E/BLASTBufferQueue( 7566): [SurfaceView[com.solodevlab.solara/com.solodevlab.solara.MainActivity]#1](f:0,a:2) ERROR: releaseBufferCallback without corresponding submitted buffer bufferId:32495722561542 framenumber:20627
05-03 21:15:08.466 E/BLASTBufferQueue( 7566): [SurfaceView[com.solodevlab.solara/com.solodevlab.solara.MainActivity]#1](f:0,a:2) Faking releaseBufferCallback from transactionCompleteCallback 20630
05-03 21:15:08.716 E/BLASTBufferQueue( 7566): [SurfaceView[com.solodevlab.solara/com.solodevlab.solara.MainActivity]#1](f:0,a:2) Faking releaseBufferCallback from transactionCompleteCallback 20644
05-03 21:15:08.866 E/BLASTBufferQueue( 7566): [SurfaceView[com.solodevlab.solara/com.solodevlab.solara.MainActivity]#1](f:0,a:2) ERROR: releaseBufferCallback without corresponding submitted buffer bufferId:32495722561540 framenumber:20644
05-03 21:15:08.867 E/BLASTBufferQueue( 7566): [SurfaceView[com.solodevlab.solara/com.solodevlab.solara.MainActivity]#1](f:0,a:2) Faking releaseBufferCallback from transactionCompleteCallback 20652
05-03 21:15:08.950 E/BLASTBufferQueue( 7566): [SurfaceView[com.solodevlab.solara/com.solodevlab.solara.MainActivity]#1](f:0,a:2) ERROR: releaseBufferCallback without corresponding submitted buffer bufferId:32495722561539 framenumber:20652
05-03 21:15:08.950 E/BLASTBufferQueue( 7566): [SurfaceView[com.solodevlab.solara/com.solodevlab.solara.MainActivity]#1](f:0,a:2) Faking releaseBufferCallback from transactionCompleteCallback 20656
05-03 21:15:09.001 E/BLASTBufferQueue( 7566): [SurfaceView[com.solodevlab.solara/com.solodevlab.solara.MainActivity]#1](f:0,a:1) ERROR: releaseBufferCallback without corresponding submitted buffer bufferId:32495722561540 framenumber:20656
05-03 21:15:09.018 E/BLASTBufferQueue( 7566): [SurfaceView[com.solodevlab.solara/com.solodevlab.solara.MainActivity]#1](f:0,a:2) Faking releaseBufferCallback from transactionCompleteCallback 20660
05-03 21:15:09.234 E/BLASTBufferQueue( 7566): [SurfaceView[com.solodevlab.solara/com.solodevlab.solara.MainActivity]#1](f:0,a:2) Faking releaseBufferCallback from transactionCompleteCallback 20667
05-03 21:15:09.301 E/BLASTBufferQueue( 7566): [SurfaceView[com.solodevlab.solara/com.solodevlab.solara.MainActivity]#1](f:0,a:2) Faking releaseBufferCallback from transactionCompleteCallback 20669
05-03 21:15:09.335 E/BLASTBufferQueue( 7566): [SurfaceView[com.solodevlab.solara/com.solodevlab.solara.MainActivity]#1](f:0,a:2) ERROR: releaseBufferCallback without corresponding submitted buffer bufferId:32495722561542 framenumber:20669
05-03 21:15:09.335 E/BLASTBufferQueue( 7566): [SurfaceView[com.solodevlab.solara/com.solodevlab.solara.MainActivity]#1](f:0,a:2) Faking releaseBufferCallback from transactionCompleteCallback 20670
05-03 21:15:09.369 E/BLASTBufferQueue( 7566): [SurfaceView[com.solodevlab.solara/com.solodevlab.solara.MainActivity]#1](f:0,a:2) ERROR: releaseBufferCallback without corresponding submitted buffer bufferId:32495722561539 framenumber:20670
05-03 21:15:09.369 E/BLASTBufferQueue( 7566): [SurfaceView[com.solodevlab.solara/com.solodevlab.solara.MainActivity]#1](f:0,a:2) Faking releaseBufferCallback from transactionCompleteCallback 20671
05-03 21:15:09.435 E/BLASTBufferQueue( 7566): [SurfaceView[com.solodevlab.solara/com.solodevlab.solara.MainActivity]#1](f:0,a:2) Faking releaseBufferCallback from transactionCompleteCallback 20673
05-03 21:15:09.502 E/BLASTBufferQueue( 7566): [SurfaceView[com.solodevlab.solara/com.solodevlab.solara.MainActivity]#1](f:0,a:2) Faking releaseBufferCallback from transactionCompleteCallback 20675
05-03 21:15:09.585 E/BLASTBufferQueue( 7566): [SurfaceView[com.solodevlab.solara/com.solodevlab.solara.MainActivity]#1](f:0,a:2) Faking releaseBufferCallback from transactionCompleteCallback 20679
05-03 21:15:09.668 E/BLASTBufferQueue( 7566): [SurfaceView[com.solodevlab.solara/com.solodevlab.solara.MainActivity]#1](f:0,a:2) Faking releaseBufferCallback from transactionCompleteCallback 20683
05-03 21:15:09.886 E/BLASTBufferQueue( 7566): [SurfaceView[com.solodevlab.solara/com.solodevlab.solara.MainActivity]#1](f:0,a:2) Faking releaseBufferCallback from transactionCompleteCallback 20695
05-03 21:15:10.153 E/BLASTBufferQueue( 7566): [SurfaceView[com.solodevlab.solara/com.solodevlab.solara.MainActivity]#1](f:0,a:2) ERROR: releaseBufferCallback without corresponding submitted buffer bufferId:32495722561540 framenumber:20695
05-03 21:15:10.153 E/BLASTBufferQueue( 7566): [SurfaceView[com.solodevlab.solara/com.solodevlab.solara.MainActivity]#1](f:0,a:2) Faking releaseBufferCallback from transactionCompleteCallback 20710
05-03 21:15:10.370 E/BLASTBufferQueue( 7566): [SurfaceView[com.solodevlab.solara/com.solodevlab.solara.MainActivity]#1](f:0,a:2) Faking releaseBufferCallback from transactionCompleteCallback 20721
05-03 21:15:10.471 E/BLASTBufferQueue( 7566): [SurfaceView[com.solodevlab.solara/com.solodevlab.solara.MainActivity]#1](f:0,a:2) Faking releaseBufferCallback from transactionCompleteCallback 20726
05-03 21:15:10.539 E/BLASTBufferQueue( 7566): [SurfaceView[com.solodevlab.solara/com.solodevlab.solara.MainActivity]#1](f:0,a:1) ERROR: releaseBufferCallback without corresponding submitted buffer bufferId:32495722561542 framenumber:20726
05-03 21:15:10.554 E/BLASTBufferQueue( 7566): [SurfaceView[com.solodevlab.solara/com.solodevlab.solara.MainActivity]#1](f:0,a:2) Faking releaseBufferCallback from transactionCompleteCallback 20731
05-03 21:15:10.605 E/BLASTBufferQueue( 7566): [SurfaceView[com.solodevlab.solara/com.solodevlab.solara.MainActivity]#1](f:0,a:2) ERROR: releaseBufferCallback without corresponding submitted buffer bufferId:32495722561540 framenumber:20731
05-03 21:15:10.605 E/BLASTBufferQueue( 7566): [SurfaceView[com.solodevlab.solara/com.solodevlab.solara.MainActivity]#1](f:0,a:2) Faking releaseBufferCallback from transactionCompleteCallback 20733
05-03 21:15:10.688 E/BLASTBufferQueue( 7566): [SurfaceView[com.solodevlab.solara/com.solodevlab.solara.MainActivity]#1](f:0,a:2) Faking releaseBufferCallback from transactionCompleteCallback 20737
05-03 21:15:10.739 E/BLASTBufferQueue( 7566): [SurfaceView[com.solodevlab.solara/com.solodevlab.solara.MainActivity]#1](f:0,a:1) ERROR: releaseBufferCallback without corresponding submitted buffer bufferId:32495722561540 framenumber:20737
05-03 21:15:10.755 E/BLASTBufferQueue( 7566): [SurfaceView[com.solodevlab.solara/com.solodevlab.solara.MainActivity]#1](f:0,a:2) Faking releaseBufferCallback from transactionCompleteCallback 20741
05-03 21:15:10.805 E/BLASTBufferQueue( 7566): [SurfaceView[com.solodevlab.solara/com.solodevlab.solara.MainActivity]#1](f:0,a:2) ERROR: releaseBufferCallback without corresponding submitted buffer bufferId:32495722561542 framenumber:20741
05-03 21:15:10.805 E/BLASTBufferQueue( 7566): [SurfaceView[com.solodevlab.solara/com.solodevlab.solara.MainActivity]#1](f:0,a:2) Faking releaseBufferCallback from transactionCompleteCallback 20743
05-03 21:15:10.922 E/BLASTBufferQueue( 7566): [SurfaceView[com.solodevlab.solara/com.solodevlab.solara.MainActivity]#1](f:0,a:2) Faking releaseBufferCallback from transactionCompleteCallback 20749
05-03 21:15:11.005 E/BLASTBufferQueue( 7566): [SurfaceView[com.solodevlab.solara/com.solodevlab.solara.MainActivity]#1](f:0,a:2) Faking releaseBufferCallback from transactionCompleteCallback 20753
05-03 21:15:11.189 E/BLASTBufferQueue( 7566): [SurfaceView[com.solodevlab.solara/com.solodevlab.solara.MainActivity]#1](f:0,a:2) Faking releaseBufferCallback from transactionCompleteCallback 20763
05-03 21:15:11.256 E/BLASTBufferQueue( 7566): [SurfaceView[com.solodevlab.solara/com.solodevlab.solara.MainActivity]#1](f:0,a:2) Faking releaseBufferCallback from transactionCompleteCallback 20766
05-03 21:15:11.307 E/BLASTBufferQueue( 7566): [SurfaceView[com.solodevlab.solara/com.solodevlab.solara.MainActivity]#1](f:0,a:1) ERROR: releaseBufferCallback without corresponding submitted buffer bufferId:32495722561539 framenumber:20766
05-03 21:15:11.323 E/BLASTBufferQueue( 7566): [SurfaceView[com.solodevlab.solara/com.solodevlab.solara.MainActivity]#1](f:0,a:2) Faking releaseBufferCallback from transactionCompleteCallback 20770
05-03 21:15:11.390 E/BLASTBufferQueue( 7566): [SurfaceView[com.solodevlab.solara/com.solodevlab.solara.MainActivity]#1](f:0,a:2) Faking releaseBufferCallback from transactionCompleteCallback 20773
05-03 21:15:11.456 E/BLASTBufferQueue( 7566): [SurfaceView[com.solodevlab.solara/com.solodevlab.solara.MainActivity]#1](f:0,a:2) Faking releaseBufferCallback from transactionCompleteCallback 20776
05-03 21:15:11.741 E/BLASTBufferQueue( 7566): [SurfaceView[com.solodevlab.solara/com.solodevlab.solara.MainActivity]#1](f:0,a:2) Faking releaseBufferCallback from transactionCompleteCallback 20792
05-03 21:15:11.825 E/BLASTBufferQueue( 7566): [SurfaceView[com.solodevlab.solara/com.solodevlab.solara.MainActivity]#1](f:0,a:2) Faking releaseBufferCallback from transactionCompleteCallback 20796
05-03 21:15:11.908 E/BLASTBufferQueue( 7566): [SurfaceView[com.solodevlab.solara/com.solodevlab.solara.MainActivity]#1](f:0,a:2) Faking releaseBufferCallback from transactionCompleteCallback 20800
05-03 21:15:12.008 E/BLASTBufferQueue( 7566): [SurfaceView[com.solodevlab.solara/com.solodevlab.solara.MainActivity]#1](f:0,a:2) Faking releaseBufferCallback from transactionCompleteCallback 20805
05-03 21:15:12.242 E/BLASTBufferQueue( 7566): [SurfaceView[com.solodevlab.solara/com.solodevlab.solara.MainActivity]#1](f:0,a:2) Faking releaseBufferCallback from transactionCompleteCallback 20818
05-03 21:15:12.365 E/BLASTBufferQueue( 7566): [SurfaceView[com.solodevlab.solara/com.solodevlab.solara.MainActivity]#1](f:0,a:2) Faking releaseBufferCallback from transactionCompleteCallback 20823
05-03 21:15:12.392 E/BLASTBufferQueue( 7566): [SurfaceView[com.solodevlab.solara/com.solodevlab.solara.MainActivity]#1](f:0,a:2) ERROR: releaseBufferCallback without corresponding submitted buffer bufferId:32495722561539 framenumber:20823
05-03 21:15:12.392 E/BLASTBufferQueue( 7566): [SurfaceView[com.solodevlab.solara/com.solodevlab.solara.MainActivity]#1](f:0,a:2) Faking releaseBufferCallback from transactionCompleteCallback 20824
05-03 21:15:12.493 E/BLASTBufferQueue( 7566): [SurfaceView[com.solodevlab.solara/com.solodevlab.solara.MainActivity]#1](f:0,a:2) Faking releaseBufferCallback from transactionCompleteCallback 20829
05-03 21:15:12.626 E/BLASTBufferQueue( 7566): [SurfaceView[com.solodevlab.solara/com.solodevlab.solara.MainActivity]#1](f:0,a:2) Faking releaseBufferCallback from transactionCompleteCallback 20836
05-03 21:15:12.726 E/BLASTBufferQueue( 7566): [SurfaceView[com.solodevlab.solara/com.solodevlab.solara.MainActivity]#1](f:0,a:2) Faking releaseBufferCallback from transactionCompleteCallback 20841
05-03 21:15:12.894 E/BLASTBufferQueue( 7566): [SurfaceView[com.solodevlab.solara/com.solodevlab.solara.MainActivity]#1](f:0,a:2) Faking releaseBufferCallback from transactionCompleteCallback 20850
05-03 21:15:12.977 E/BLASTBufferQueue( 7566): [SurfaceView[com.solodevlab.solara/com.solodevlab.solara.MainActivity]#1](f:0,a:2) Faking releaseBufferCallback from transactionCompleteCallback 20854
05-03 21:15:13.128 E/BLASTBufferQueue( 7566): [SurfaceView[com.solodevlab.solara/com.solodevlab.solara.MainActivity]#1](f:0,a:2) Faking releaseBufferCallback from transactionCompleteCallback 20862
05-03 21:15:13.428 E/BLASTBufferQueue( 7566): [SurfaceView[com.solodevlab.solara/com.solodevlab.solara.MainActivity]#1](f:0,a:2) Faking releaseBufferCallback from transactionCompleteCallback 20879
05-03 21:15:13.478 E/BLASTBufferQueue( 7566): [SurfaceView[com.solodevlab.solara/com.solodevlab.solara.MainActivity]#1](f:0,a:2) Faking releaseBufferCallback from transactionCompleteCallback 20881
05-03 21:15:13.779 E/BLASTBufferQueue( 7566): [SurfaceView[com.solodevlab.solara/com.solodevlab.solara.MainActivity]#1](f:0,a:2) Faking releaseBufferCallback from transactionCompleteCallback 20898
05-03 21:15:13.913 E/BLASTBufferQueue( 7566): [SurfaceView[com.solodevlab.solara/com.solodevlab.solara.MainActivity]#1](f:0,a:2) Faking releaseBufferCallback from transactionCompleteCallback 20905
05-03 21:15:13.981 E/BLASTBufferQueue( 7566): [SurfaceView[com.solodevlab.solara/com.solodevlab.solara.MainActivity]#1](f:0,a:2) ERROR: releaseBufferCallback without corresponding submitted buffer bufferId:32495722561540 framenumber:20905
05-03 21:15:13.981 E/BLASTBufferQueue( 7566): [SurfaceView[com.solodevlab.solara/com.solodevlab.solara.MainActivity]#1](f:0,a:2) Faking releaseBufferCallback from transactionCompleteCallback 20908
05-03 21:15:14.063 E/BLASTBufferQueue( 7566): [SurfaceView[com.solodevlab.solara/com.solodevlab.solara.MainActivity]#1](f:0,a:2) Faking releaseBufferCallback from transactionCompleteCallback 20912
05-03 21:15:14.130 E/BLASTBufferQueue( 7566): [SurfaceView[com.solodevlab.solara/com.solodevlab.solara.MainActivity]#1](f:0,a:2) Faking releaseBufferCallback from transactionCompleteCallback 20915
05-03 21:15:14.264 E/BLASTBufferQueue( 7566): [SurfaceView[com.solodevlab.solara/com.solodevlab.solara.MainActivity]#1](f:0,a:2) ERROR: releaseBufferCallback without corresponding submitted buffer bufferId:32495722561542 framenumber:20915
05-03 21:15:14.264 E/BLASTBufferQueue( 7566): [SurfaceView[com.solodevlab.solara/com.solodevlab.solara.MainActivity]#1](f:0,a:2) Faking releaseBufferCallback from transactionCompleteCallback 20922
05-03 21:15:14.469 E/BLASTBufferQueue( 7566): [SurfaceView[com.solodevlab.solara/com.solodevlab.solara.MainActivity]#1](f:0,a:2) Faking releaseBufferCallback from transactionCompleteCallback 20933
05-03 21:15:14.547 E/BLASTBufferQueue( 7566): [SurfaceView[com.solodevlab.solara/com.solodevlab.solara.MainActivity]#1](f:0,a:2) Faking releaseBufferCallback from transactionCompleteCallback 20937
05-03 21:15:14.916 E/BLASTBufferQueue( 7566): [SurfaceView[com.solodevlab.solara/com.solodevlab.solara.MainActivity]#1](f:0,a:2) Faking releaseBufferCallback from transactionCompleteCallback 20958
05-03 21:15:14.982 E/BLASTBufferQueue( 7566): [SurfaceView[com.solodevlab.solara/com.solodevlab.solara.MainActivity]#1](f:0,a:2) Faking releaseBufferCallback from transactionCompleteCallback 20961
05-03 21:15:15.115 E/BLASTBufferQueue( 7566): [SurfaceView[com.solodevlab.solara/com.solodevlab.solara.MainActivity]#1](f:0,a:2) Faking releaseBufferCallback from transactionCompleteCallback 20967
05-03 21:15:15.234 E/BLASTBufferQueue( 7566): [SurfaceView[com.solodevlab.solara/com.solodevlab.solara.MainActivity]#1](f:0,a:2) ERROR: releaseBufferCallback without corresponding submitted buffer bufferId:32495722561539 framenumber:20967
05-03 21:15:15.234 E/BLASTBufferQueue( 7566): [SurfaceView[com.solodevlab.solara/com.solodevlab.solara.MainActivity]#1](f:0,a:2) Faking releaseBufferCallback from transactionCompleteCallback 20972
05-03 21:15:15.383 E/BLASTBufferQueue( 7566): [SurfaceView[com.solodevlab.solara/com.solodevlab.solara.MainActivity]#1](f:0,a:2) Faking releaseBufferCallback from transactionCompleteCallback 20976
05-03 21:15:15.533 E/BLASTBufferQueue( 7566): [SurfaceView[com.solodevlab.solara/com.solodevlab.solara.MainActivity]#1](f:0,a:2) Faking releaseBufferCallback from transactionCompleteCallback 20981
05-03 21:15:15.566 E/BLASTBufferQueue( 7566): [SurfaceView[com.solodevlab.solara/com.solodevlab.solara.MainActivity]#1](f:0,a:2) ERROR: releaseBufferCallback without corresponding submitted buffer bufferId:32495722561542 framenumber:20981
05-03 21:15:15.566 E/BLASTBufferQueue( 7566): [SurfaceView[com.solodevlab.solara/com.solodevlab.solara.MainActivity]#1](f:0,a:2) Faking releaseBufferCallback from transactionCompleteCallback 20982
05-03 21:15:15.600 E/BLASTBufferQueue( 7566): [SurfaceView[com.solodevlab.solara/com.solodevlab.solara.MainActivity]#1](f:0,a:2) ERROR: releaseBufferCallback without corresponding submitted buffer bufferId:32495722561539 framenumber:20982
05-03 21:15:15.600 E/BLASTBufferQueue( 7566): [SurfaceView[com.solodevlab.solara/com.solodevlab.solara.MainActivity]#1](f:0,a:2) Faking releaseBufferCallback from transactionCompleteCallback 20983
05-03 21:15:15.834 E/BLASTBufferQueue( 7566): [SurfaceView[com.solodevlab.solara/com.solodevlab.solara.MainActivity]#1](f:0,a:2) Faking releaseBufferCallback from transactionCompleteCallback 20990
05-03 21:15:15.868 E/BLASTBufferQueue( 7566): [SurfaceView[com.solodevlab.solara/com.solodevlab.solara.MainActivity]#1](f:0,a:2) ERROR: releaseBufferCallback without corresponding submitted buffer bufferId:32495722561542 framenumber:20990
05-03 21:15:15.868 E/BLASTBufferQueue( 7566): [SurfaceView[com.solodevlab.solara/com.solodevlab.solara.MainActivity]#1](f:0,a:2) Faking releaseBufferCallback from transactionCompleteCallback 20991
05-03 21:15:15.901 E/BLASTBufferQueue( 7566): [SurfaceView[com.solodevlab.solara/com.solodevlab.solara.MainActivity]#1](f:0,a:2) ERROR: releaseBufferCallback without corresponding submitted buffer bufferId:32495722561539 framenumber:20991
05-03 21:15:15.901 E/BLASTBufferQueue( 7566): [SurfaceView[com.solodevlab.solara/com.solodevlab.solara.MainActivity]#1](f:0,a:2) Faking releaseBufferCallback from transactionCompleteCallback 20992
05-03 21:15:15.934 E/BLASTBufferQueue( 7566): [SurfaceView[com.solodevlab.solara/com.solodevlab.solara.MainActivity]#1](f:0,a:2) ERROR: releaseBufferCallback without corresponding submitted buffer bufferId:32495722561540 framenumber:20992
05-03 21:15:15.934 E/BLASTBufferQueue( 7566): [SurfaceView[com.solodevlab.solara/com.solodevlab.solara.MainActivity]#1](f:0,a:2) Faking releaseBufferCallback from transactionCompleteCallback 20993
05-03 21:15:15.968 E/BLASTBufferQueue( 7566): [SurfaceView[com.solodevlab.solara/com.solodevlab.solara.MainActivity]#1](f:0,a:2) ERROR: releaseBufferCallback without corresponding submitted buffer bufferId:32495722561542 framenumber:20993
05-03 21:15:15.968 E/BLASTBufferQueue( 7566): [SurfaceView[com.solodevlab.solara/com.solodevlab.solara.MainActivity]#1](f:0,a:2) Faking releaseBufferCallback from transactionCompleteCallback 20994
05-03 21:15:16.003 E/BLASTBufferQueue( 7566): [SurfaceView[com.solodevlab.solara/com.solodevlab.solara.MainActivity]#1](f:0,a:2) ERROR: releaseBufferCallback without corresponding submitted buffer bufferId:32495722561539 framenumber:20994
05-03 21:15:16.003 E/BLASTBufferQueue( 7566): [SurfaceView[com.solodevlab.solara/com.solodevlab.solara.MainActivity]#1](f:0,a:2) Faking releaseBufferCallback from transactionCompleteCallback 20995
05-03 21:15:16.035 E/BLASTBufferQueue( 7566): [SurfaceView[com.solodevlab.solara/com.solodevlab.solara.MainActivity]#1](f:0,a:2) ERROR: releaseBufferCallback without corresponding submitted buffer bufferId:32495722561540 framenumber:20995
05-03 21:15:16.035 E/BLASTBufferQueue( 7566): [SurfaceView[com.solodevlab.solara/com.solodevlab.solara.MainActivity]#1](f:0,a:2) Faking releaseBufferCallback from transactionCompleteCallback 20996
05-03 21:15:16.068 E/BLASTBufferQueue( 7566): [SurfaceView[com.solodevlab.solara/com.solodevlab.solara.MainActivity]#1](f:0,a:2) ERROR: releaseBufferCallback without corresponding submitted buffer bufferId:32495722561542 framenumber:20996
05-03 21:15:16.068 E/BLASTBufferQueue( 7566): [SurfaceView[com.solodevlab.solara/com.solodevlab.solara.MainActivity]#1](f:0,a:2) Faking releaseBufferCallback from transactionCompleteCallback 20997
05-03 21:15:16.101 E/BLASTBufferQueue( 7566): [SurfaceView[com.solodevlab.solara/com.solodevlab.solara.MainActivity]#1](f:0,a:2) ERROR: releaseBufferCallback without corresponding submitted buffer bufferId:32495722561539 framenumber:20997
05-03 21:15:16.101 E/BLASTBufferQueue( 7566): [SurfaceView[com.solodevlab.solara/com.solodevlab.solara.MainActivity]#1](f:0,a:2) Faking releaseBufferCallback from transactionCompleteCallback 20998
05-03 21:15:16.135 E/BLASTBufferQueue( 7566): [SurfaceView[com.solodevlab.solara/com.solodevlab.solara.MainActivity]#1](f:0,a:2) ERROR: releaseBufferCallback without corresponding submitted buffer bufferId:32495722561540 framenumber:20998
05-03 21:15:16.135 E/BLASTBufferQueue( 7566): [SurfaceView[com.solodevlab.solara/com.solodevlab.solara.MainActivity]#1](f:0,a:2) Faking releaseBufferCallback from transactionCompleteCallback 20999
05-03 21:15:19.493 E/BLASTBufferQueue( 7566): [SurfaceView[com.solodevlab.solara/com.solodevlab.solara.MainActivity]#1](f:0,a:2) Faking releaseBufferCallback from transactionCompleteCallback 21069
05-03 21:15:19.527 E/BLASTBufferQueue( 7566): [SurfaceView[com.solodevlab.solara/com.solodevlab.solara.MainActivity]#1](f:0,a:2) ERROR: releaseBufferCallback without corresponding submitted buffer bufferId:32495722561539 framenumber:21069
05-03 21:15:19.527 E/BLASTBufferQueue( 7566): [SurfaceView[com.solodevlab.solara/com.solodevlab.solara.MainActivity]#1](f:0,a:2) Faking releaseBufferCallback from transactionCompleteCallback 21070
05-03 21:15:19.727 E/BLASTBufferQueue( 7566): [SurfaceView[com.solodevlab.solara/com.solodevlab.solara.MainActivity]#1](f:0,a:2) Faking releaseBufferCallback from transactionCompleteCallback 21074
05-03 21:15:19.763 E/BLASTBufferQueue( 7566): [SurfaceView[com.solodevlab.solara/com.solodevlab.solara.MainActivity]#1](f:0,a:2) ERROR: releaseBufferCallback without corresponding submitted buffer bufferId:32495722561542 framenumber:21074
05-03 21:15:19.763 E/BLASTBufferQueue( 7566): [SurfaceView[com.solodevlab.solara/com.solodevlab.solara.MainActivity]#1](f:0,a:2) Faking releaseBufferCallback from transactionCompleteCallback 21075
05-03 21:15:19.794 E/BLASTBufferQueue( 7566): [SurfaceView[com.solodevlab.solara/com.solodevlab.solara.MainActivity]#1](f:0,a:2) ERROR: releaseBufferCallback without corresponding submitted buffer bufferId:32495722561539 framenumber:21075
05-03 21:15:19.794 E/BLASTBufferQueue( 7566): [SurfaceView[com.solodevlab.solara/com.solodevlab.solara.MainActivity]#1](f:0,a:2) Faking releaseBufferCallback from transactionCompleteCallback 21076
05-03 21:15:19.827 E/BLASTBufferQueue( 7566): [SurfaceView[com.solodevlab.solara/com.solodevlab.solara.MainActivity]#1](f:0,a:2) ERROR: releaseBufferCallback without corresponding submitted buffer bufferId:32495722561540 framenumber:21076
05-03 21:15:19.827 E/BLASTBufferQueue( 7566): [SurfaceView[com.solodevlab.solara/com.solodevlab.solara.MainActivity]#1](f:0,a:2) Faking releaseBufferCallback from transactionCompleteCallback 21077
05-03 21:15:19.862 E/BLASTBufferQueue( 7566): [SurfaceView[com.solodevlab.solara/com.solodevlab.solara.MainActivity]#1](f:0,a:2) ERROR: releaseBufferCallback without corresponding submitted buffer bufferId:32495722561542 framenumber:21077
05-03 21:15:19.862 E/BLASTBufferQueue( 7566): [SurfaceView[com.solodevlab.solara/com.solodevlab.solara.MainActivity]#1](f:0,a:2) Faking releaseBufferCallback from transactionCompleteCallback 21078
05-03 21:15:19.928 E/BLASTBufferQueue( 7566): [SurfaceView[com.solodevlab.solara/com.solodevlab.solara.MainActivity]#1](f:0,a:2) Faking releaseBufferCallback from transactionCompleteCallback 21080
05-03 21:15:19.961 E/BLASTBufferQueue( 7566): [SurfaceView[com.solodevlab.solara/com.solodevlab.solara.MainActivity]#1](f:0,a:2) ERROR: releaseBufferCallback without corresponding submitted buffer bufferId:32495722561542 framenumber:21080
05-03 21:15:19.961 E/BLASTBufferQueue( 7566): [SurfaceView[com.solodevlab.solara/com.solodevlab.solara.MainActivity]#1](f:0,a:2) Faking releaseBufferCallback from transactionCompleteCallback 21081
05-03 21:15:20.362 E/BLASTBufferQueue( 7566): [SurfaceView[com.solodevlab.solara/com.solodevlab.solara.MainActivity]#1](f:0,a:2) ERROR: releaseBufferCallback without corresponding submitted buffer bufferId:32495722561539 framenumber:21081
05-03 21:15:20.362 E/BLASTBufferQueue( 7566): [SurfaceView[com.solodevlab.solara/com.solodevlab.solara.MainActivity]#1](f:0,a:2) Faking releaseBufferCallback from transactionCompleteCallback 21104
05-03 21:15:20.445 E/BLASTBufferQueue( 7566): [SurfaceView[com.solodevlab.solara/com.solodevlab.solara.MainActivity]#1](f:0,a:2) Faking releaseBufferCallback from transactionCompleteCallback 21108
05-03 21:15:20.496 E/BLASTBufferQueue( 7566): [SurfaceView[com.solodevlab.solara/com.solodevlab.solara.MainActivity]#1](f:0,a:2) ERROR: releaseBufferCallback without corresponding submitted buffer bufferId:32495722561539 framenumber:21108
05-03 21:15:20.496 E/BLASTBufferQueue( 7566): [SurfaceView[com.solodevlab.solara/com.solodevlab.solara.MainActivity]#1](f:0,a:2) Faking releaseBufferCallback from transactionCompleteCallback 21110
05-03 21:15:20.596 E/BLASTBufferQueue( 7566): [SurfaceView[com.solodevlab.solara/com.solodevlab.solara.MainActivity]#1](f:0,a:2) Faking releaseBufferCallback from transactionCompleteCallback 21114
05-03 21:15:20.696 E/BLASTBufferQueue( 7566): [SurfaceView[com.solodevlab.solara/com.solodevlab.solara.MainActivity]#1](f:0,a:2) Faking releaseBufferCallback from transactionCompleteCallback 21119
05-03 21:15:20.764 E/BLASTBufferQueue( 7566): [SurfaceView[com.solodevlab.solara/com.solodevlab.solara.MainActivity]#1](f:0,a:1) ERROR: releaseBufferCallback without corresponding submitted buffer bufferId:32495722561542 framenumber:21119
05-03 21:15:20.780 E/BLASTBufferQueue( 7566): [SurfaceView[com.solodevlab.solara/com.solodevlab.solara.MainActivity]#1](f:0,a:2) Faking releaseBufferCallback from transactionCompleteCallback 21124
05-03 21:15:20.847 E/BLASTBufferQueue( 7566): [SurfaceView[com.solodevlab.solara/com.solodevlab.solara.MainActivity]#1](f:0,a:2) Faking releaseBufferCallback from transactionCompleteCallback 21127
05-03 21:15:20.930 E/BLASTBufferQueue( 7566): [SurfaceView[com.solodevlab.solara/com.solodevlab.solara.MainActivity]#1](f:0,a:2) Faking releaseBufferCallback from transactionCompleteCallback 21131
05-03 21:15:21.064 E/BLASTBufferQueue( 7566): [SurfaceView[com.solodevlab.solara/com.solodevlab.solara.MainActivity]#1](f:0,a:2) Faking releaseBufferCallback from transactionCompleteCallback 21138
05-03 21:15:21.331 E/BLASTBufferQueue( 7566): [SurfaceView[com.solodevlab.solara/com.solodevlab.solara.MainActivity]#1](f:0,a:2) ERROR: releaseBufferCallback without corresponding submitted buffer bufferId:32495722561539 framenumber:21138
05-03 21:15:21.331 E/BLASTBufferQueue( 7566): [SurfaceView[com.solodevlab.solara/com.solodevlab.solara.MainActivity]#1](f:0,a:2) Faking releaseBufferCallback from transactionCompleteCallback 21153
05-03 21:15:21.482 E/BLASTBufferQueue( 7566): [SurfaceView[com.solodevlab.solara/com.solodevlab.solara.MainActivity]#1](f:0,a:2) Faking releaseBufferCallback from transactionCompleteCallback 21161
05-03 21:15:21.565 E/BLASTBufferQueue( 7566): [SurfaceView[com.solodevlab.solara/com.solodevlab.solara.MainActivity]#1](f:0,a:2) Faking releaseBufferCallback from transactionCompleteCallback 21165
05-03 21:15:21.766 E/BLASTBufferQueue( 7566): [SurfaceView[com.solodevlab.solara/com.solodevlab.solara.MainActivity]#1](f:0,a:2) Faking releaseBufferCallback from transactionCompleteCallback 21173
05-03 21:15:21.816 E/BLASTBufferQueue( 7566): [SurfaceView[com.solodevlab.solara/com.solodevlab.solara.MainActivity]#1](f:0,a:2) Faking releaseBufferCallback from transactionCompleteCallback 21175
05-03 21:15:21.849 E/BLASTBufferQueue( 7566): [SurfaceView[com.solodevlab.solara/com.solodevlab.solara.MainActivity]#1](f:0,a:2) ERROR: releaseBufferCallback without corresponding submitted buffer bufferId:32495722561540 framenumber:21175
05-03 21:15:21.849 E/BLASTBufferQueue( 7566): [SurfaceView[com.solodevlab.solara/com.solodevlab.solara.MainActivity]#1](f:0,a:2) Faking releaseBufferCallback from transactionCompleteCallback 21176
05-03 21:15:21.883 E/BLASTBufferQueue( 7566): [SurfaceView[com.solodevlab.solara/com.solodevlab.solara.MainActivity]#1](f:0,a:2) ERROR: releaseBufferCallback without corresponding submitted buffer bufferId:32495722561542 framenumber:21176
05-03 21:15:21.883 E/BLASTBufferQueue( 7566): [SurfaceView[com.solodevlab.solara/com.solodevlab.solara.MainActivity]#1](f:0,a:2) Faking releaseBufferCallback from transactionCompleteCallback 21177
05-03 21:15:22.000 E/BLASTBufferQueue( 7566): [SurfaceView[com.solodevlab.solara/com.solodevlab.solara.MainActivity]#1](f:0,a:2) Faking releaseBufferCallback from transactionCompleteCallback 21181
05-03 21:15:22.502 E/BLASTBufferQueue( 7566): [SurfaceView[com.solodevlab.solara/com.solodevlab.solara.MainActivity]#1](f:0,a:1) ERROR: releaseBufferCallback without corresponding submitted buffer bufferId:32495722561540 framenumber:21181
05-03 21:15:22.518 E/BLASTBufferQueue( 7566): [SurfaceView[com.solodevlab.solara/com.solodevlab.solara.MainActivity]#1](f:0,a:2) Faking releaseBufferCallback from transactionCompleteCallback 21212
05-03 21:15:22.768 E/BLASTBufferQueue( 7566): [SurfaceView[com.solodevlab.solara/com.solodevlab.solara.MainActivity]#1](f:0,a:2) Faking releaseBufferCallback from transactionCompleteCallback 21226
05-03 21:15:22.885 E/BLASTBufferQueue( 7566): [SurfaceView[com.solodevlab.solara/com.solodevlab.solara.MainActivity]#1](f:0,a:2) Faking releaseBufferCallback from transactionCompleteCallback 21229
05-03 21:15:22.970 E/BLASTBufferQueue( 7566): [SurfaceView[com.solodevlab.solara/com.solodevlab.solara.MainActivity]#1](f:0,a:2) Faking releaseBufferCallback from transactionCompleteCallback 21231
05-03 21:15:23.269 E/BLASTBufferQueue( 7566): [SurfaceView[com.solodevlab.solara/com.solodevlab.solara.MainActivity]#1](f:0,a:2) Faking releaseBufferCallback from transactionCompleteCallback 21240
05-03 21:15:23.336 E/BLASTBufferQueue( 7566): [SurfaceView[com.solodevlab.solara/com.solodevlab.solara.MainActivity]#1](f:0,a:2) Faking releaseBufferCallback from transactionCompleteCallback 21242
05-03 21:15:23.470 E/BLASTBufferQueue( 7566): [SurfaceView[com.solodevlab.solara/com.solodevlab.solara.MainActivity]#1](f:0,a:2) Faking releaseBufferCallback from transactionCompleteCallback 21249
05-03 21:15:23.687 E/BLASTBufferQueue( 7566): [SurfaceView[com.solodevlab.solara/com.solodevlab.solara.MainActivity]#1](f:0,a:2) ERROR: releaseBufferCallback without corresponding submitted buffer bufferId:32495722561539 framenumber:21249
05-03 21:15:23.687 E/BLASTBufferQueue( 7566): [SurfaceView[com.solodevlab.solara/com.solodevlab.solara.MainActivity]#1](f:0,a:2) Faking releaseBufferCallback from transactionCompleteCallback 21261
05-03 21:15:23.754 E/BLASTBufferQueue( 7566): [SurfaceView[com.solodevlab.solara/com.solodevlab.solara.MainActivity]#1](f:0,a:2) Faking releaseBufferCallback from transactionCompleteCallback 21264
05-03 21:15:23.837 E/BLASTBufferQueue( 7566): [SurfaceView[com.solodevlab.solara/com.solodevlab.solara.MainActivity]#1](f:0,a:2) Faking releaseBufferCallback from transactionCompleteCallback 21268
05-03 21:15:23.904 E/BLASTBufferQueue( 7566): [SurfaceView[com.solodevlab.solara/com.solodevlab.solara.MainActivity]#1](f:0,a:2) ERROR: releaseBufferCallback without corresponding submitted buffer bufferId:32495722561540 framenumber:21268
05-03 21:15:23.904 E/BLASTBufferQueue( 7566): [SurfaceView[com.solodevlab.solara/com.solodevlab.solara.MainActivity]#1](f:0,a:2) Faking releaseBufferCallback from transactionCompleteCallback 21271
05-03 21:15:24.088 E/BLASTBufferQueue( 7566): [SurfaceView[com.solodevlab.solara/com.solodevlab.solara.MainActivity]#1](f:0,a:2) Faking releaseBufferCallback from transactionCompleteCallback 21281
05-03 21:15:24.172 E/BLASTBufferQueue( 7566): [SurfaceView[com.solodevlab.solara/com.solodevlab.solara.MainActivity]#1](f:0,a:2) Faking releaseBufferCallback from transactionCompleteCallback 21285
05-03 21:15:24.305 E/BLASTBufferQueue( 7566): [SurfaceView[com.solodevlab.solara/com.solodevlab.solara.MainActivity]#1](f:0,a:2) Faking releaseBufferCallback from transactionCompleteCallback 21292
05-03 21:15:24.339 E/BLASTBufferQueue( 7566): [SurfaceView[com.solodevlab.solara/com.solodevlab.solara.MainActivity]#1](f:0,a:2) ERROR: releaseBufferCallback without corresponding submitted buffer bufferId:32495722561540 framenumber:21292
05-03 21:15:24.339 E/BLASTBufferQueue( 7566): [SurfaceView[com.solodevlab.solara/com.solodevlab.solara.MainActivity]#1](f:0,a:2) Faking releaseBufferCallback from transactionCompleteCallback 21293
05-03 21:15:24.406 E/BLASTBufferQueue( 7566): [SurfaceView[com.solodevlab.solara/com.solodevlab.solara.MainActivity]#1](f:0,a:2) ERROR: releaseBufferCallback without corresponding submitted buffer bufferId:32495722561542 framenumber:21293
05-03 21:15:24.406 E/BLASTBufferQueue( 7566): [SurfaceView[com.solodevlab.solara/com.solodevlab.solara.MainActivity]#1](f:0,a:2) Faking releaseBufferCallback from transactionCompleteCallback 21296
05-03 21:15:24.506 E/BLASTBufferQueue( 7566): [SurfaceView[com.solodevlab.solara/com.solodevlab.solara.MainActivity]#1](f:0,a:2) Faking releaseBufferCallback from transactionCompleteCallback 21301
05-03 21:15:24.589 E/BLASTBufferQueue( 7566): [SurfaceView[com.solodevlab.solara/com.solodevlab.solara.MainActivity]#1](f:0,a:2) Faking releaseBufferCallback from transactionCompleteCallback 21305
05-03 21:15:24.673 E/BLASTBufferQueue( 7566): [SurfaceView[com.solodevlab.solara/com.solodevlab.solara.MainActivity]#1](f:0,a:2) Faking releaseBufferCallback from transactionCompleteCallback 21309
05-03 21:15:24.840 E/BLASTBufferQueue( 7566): [SurfaceView[com.solodevlab.solara/com.solodevlab.solara.MainActivity]#1](f:0,a:2) Faking releaseBufferCallback from transactionCompleteCallback 21318
05-03 21:15:24.924 E/BLASTBufferQueue( 7566): [SurfaceView[com.solodevlab.solara/com.solodevlab.solara.MainActivity]#1](f:0,a:2) ERROR: releaseBufferCallback without corresponding submitted buffer bufferId:32495722561539 framenumber:21318
05-03 21:15:24.924 E/BLASTBufferQueue( 7566): [SurfaceView[com.solodevlab.solara/com.solodevlab.solara.MainActivity]#1](f:0,a:2) Faking releaseBufferCallback from transactionCompleteCallback 21322
05-03 21:15:24.990 E/BLASTBufferQueue( 7566): [SurfaceView[com.solodevlab.solara/com.solodevlab.solara.MainActivity]#1](f:0,a:2) ERROR: releaseBufferCallback without corresponding submitted buffer bufferId:32495722561540 framenumber:21322
05-03 21:15:24.990 E/BLASTBufferQueue( 7566): [SurfaceView[com.solodevlab.solara/com.solodevlab.solara.MainActivity]#1](f:0,a:2) Faking releaseBufferCallback from transactionCompleteCallback 21325
05-03 21:15:25.091 E/BLASTBufferQueue( 7566): [SurfaceView[com.solodevlab.solara/com.solodevlab.solara.MainActivity]#1](f:0,a:2) Faking releaseBufferCallback from transactionCompleteCallback 21327
05-03 21:15:25.207 E/BLASTBufferQueue( 7566): [SurfaceView[com.solodevlab.solara/com.solodevlab.solara.MainActivity]#1](f:0,a:2) Faking releaseBufferCallback from transactionCompleteCallback 21331
05-03 21:15:25.291 E/BLASTBufferQueue( 7566): [SurfaceView[com.solodevlab.solara/com.solodevlab.solara.MainActivity]#1](f:0,a:2) Faking releaseBufferCallback from transactionCompleteCallback 21334
05-03 21:15:25.375 E/BLASTBufferQueue( 7566): [SurfaceView[com.solodevlab.solara/com.solodevlab.solara.MainActivity]#1](f:0,a:2) Faking releaseBufferCallback from transactionCompleteCallback 21337
05-03 21:15:25.424 E/BLASTBufferQueue( 7566): [SurfaceView[com.solodevlab.solara/com.solodevlab.solara.MainActivity]#1](f:0,a:2) Faking releaseBufferCallback from transactionCompleteCallback 21339
05-03 21:15:25.492 E/BLASTBufferQueue( 7566): [SurfaceView[com.solodevlab.solara/com.solodevlab.solara.MainActivity]#1](f:0,a:2) Faking releaseBufferCallback from transactionCompleteCallback 21341
05-03 21:15:25.542 E/BLASTBufferQueue( 7566): [SurfaceView[com.solodevlab.solara/com.solodevlab.solara.MainActivity]#1](f:0,a:2) Faking releaseBufferCallback from transactionCompleteCallback 21343
05-03 21:15:25.625 E/BLASTBufferQueue( 7566): [SurfaceView[com.solodevlab.solara/com.solodevlab.solara.MainActivity]#1](f:0,a:2) Faking releaseBufferCallback from transactionCompleteCallback 21346
05-03 21:15:25.709 E/BLASTBufferQueue( 7566): [SurfaceView[com.solodevlab.solara/com.solodevlab.solara.MainActivity]#1](f:0,a:2) Faking releaseBufferCallback from transactionCompleteCallback 21349
05-03 21:15:25.809 E/BLASTBufferQueue( 7566): [SurfaceView[com.solodevlab.solara/com.solodevlab.solara.MainActivity]#1](f:0,a:2) Faking releaseBufferCallback from transactionCompleteCallback 21352
05-03 21:15:25.909 E/BLASTBufferQueue( 7566): [SurfaceView[com.solodevlab.solara/com.solodevlab.solara.MainActivity]#1](f:0,a:2) ERROR: releaseBufferCallback without corresponding submitted buffer bufferId:32495722561540 framenumber:21352
05-03 21:15:25.910 E/BLASTBufferQueue( 7566): [SurfaceView[com.solodevlab.solara/com.solodevlab.solara.MainActivity]#1](f:0,a:2) Faking releaseBufferCallback from transactionCompleteCallback 21354
05-03 21:15:25.993 E/BLASTBufferQueue( 7566): [SurfaceView[com.solodevlab.solara/com.solodevlab.solara.MainActivity]#1](f:0,a:2) Faking releaseBufferCallback from transactionCompleteCallback 21356
05-03 21:15:26.411 E/BLASTBufferQueue( 7566): [SurfaceView[com.solodevlab.solara/com.solodevlab.solara.MainActivity]#1](f:0,a:2) Faking releaseBufferCallback from transactionCompleteCallback 21368
05-03 21:15:26.662 E/BLASTBufferQueue( 7566): [SurfaceView[com.solodevlab.solara/com.solodevlab.solara.MainActivity]#1](f:0,a:2) Faking releaseBufferCallback from transactionCompleteCallback 21375
05-03 21:15:26.795 E/BLASTBufferQueue( 7566): [SurfaceView[com.solodevlab.solara/com.solodevlab.solara.MainActivity]#1](f:0,a:2) Faking releaseBufferCallback from transactionCompleteCallback 21377
05-03 21:15:26.862 E/BLASTBufferQueue( 7566): [SurfaceView[com.solodevlab.solara/com.solodevlab.solara.MainActivity]#1](f:0,a:2) ERROR: releaseBufferCallback without corresponding submitted buffer bufferId:32495722561542 framenumber:21377
05-03 21:15:26.862 E/BLASTBufferQueue( 7566): [SurfaceView[com.solodevlab.solara/com.solodevlab.solara.MainActivity]#1](f:0,a:2) Faking releaseBufferCallback from transactionCompleteCallback 21378
05-03 21:15:26.929 E/BLASTBufferQueue( 7566): [SurfaceView[com.solodevlab.solara/com.solodevlab.solara.MainActivity]#1](f:0,a:2) ERROR: releaseBufferCallback without corresponding submitted buffer bufferId:32495722561539 framenumber:21378
05-03 21:15:26.929 E/BLASTBufferQueue( 7566): [SurfaceView[com.solodevlab.solara/com.solodevlab.solara.MainActivity]#1](f:0,a:2) Faking releaseBufferCallback from transactionCompleteCallback 21379
05-03 21:15:26.996 E/BLASTBufferQueue( 7566): [SurfaceView[com.solodevlab.solara/com.solodevlab.solara.MainActivity]#1](f:0,a:2) ERROR: releaseBufferCallback without corresponding submitted buffer bufferId:32495722561540 framenumber:21379
05-03 21:15:26.996 E/BLASTBufferQueue( 7566): [SurfaceView[com.solodevlab.solara/com.solodevlab.solara.MainActivity]#1](f:0,a:2) Faking releaseBufferCallback from transactionCompleteCallback 21380
05-03 21:15:27.063 E/BLASTBufferQueue( 7566): [SurfaceView[com.solodevlab.solara/com.solodevlab.solara.MainActivity]#1](f:0,a:2) ERROR: releaseBufferCallback without corresponding submitted buffer bufferId:32495722561542 framenumber:21380
05-03 21:15:27.063 E/BLASTBufferQueue( 7566): [SurfaceView[com.solodevlab.solara/com.solodevlab.solara.MainActivity]#1](f:0,a:2) Faking releaseBufferCallback from transactionCompleteCallback 21381
05-03 21:15:27.129 E/BLASTBufferQueue( 7566): [SurfaceView[com.solodevlab.solara/com.solodevlab.solara.MainActivity]#1](f:0,a:2) ERROR: releaseBufferCallback without corresponding submitted buffer bufferId:32495722561539 framenumber:21381
05-03 21:15:27.129 E/BLASTBufferQueue( 7566): [SurfaceView[com.solodevlab.solara/com.solodevlab.solara.MainActivity]#1](f:0,a:2) Faking releaseBufferCallback from transactionCompleteCallback 21382
05-03 21:15:27.197 E/BLASTBufferQueue( 7566): [SurfaceView[com.solodevlab.solara/com.solodevlab.solara.MainActivity]#1](f:0,a:2) ERROR: releaseBufferCallback without corresponding submitted buffer bufferId:32495722561540 framenumber:21382
05-03 21:15:27.197 E/BLASTBufferQueue( 7566): [SurfaceView[com.solodevlab.solara/com.solodevlab.solara.MainActivity]#1](f:0,a:2) Faking releaseBufferCallback from transactionCompleteCallback 21383
05-03 21:15:27.263 E/BLASTBufferQueue( 7566): [SurfaceView[com.solodevlab.solara/com.solodevlab.solara.MainActivity]#1](f:0,a:2) ERROR: releaseBufferCallback without corresponding submitted buffer bufferId:32495722561542 framenumber:21383
05-03 21:15:27.263 E/BLASTBufferQueue( 7566): [SurfaceView[com.solodevlab.solara/com.solodevlab.solara.MainActivity]#1](f:0,a:2) Faking releaseBufferCallback from transactionCompleteCallback 21384
05-03 21:15:27.330 E/BLASTBufferQueue( 7566): [SurfaceView[com.solodevlab.solara/com.solodevlab.solara.MainActivity]#1](f:0,a:2) ERROR: releaseBufferCallback without corresponding submitted buffer bufferId:32495722561539 framenumber:21384
05-03 21:15:27.330 E/BLASTBufferQueue( 7566): [SurfaceView[com.solodevlab.solara/com.solodevlab.solara.MainActivity]#1](f:0,a:2) Faking releaseBufferCallback from transactionCompleteCallback 21385
05-03 21:15:27.413 E/BLASTBufferQueue( 7566): [SurfaceView[com.solodevlab.solara/com.solodevlab.solara.MainActivity]#1](f:0,a:2) ERROR: releaseBufferCallback without corresponding submitted buffer bufferId:32495722561540 framenumber:21385
05-03 21:15:27.413 E/BLASTBufferQueue( 7566): [SurfaceView[com.solodevlab.solara/com.solodevlab.solara.MainActivity]#1](f:0,a:2) Faking releaseBufferCallback from transactionCompleteCallback 21386
05-03 21:15:27.523 E/BLASTBufferQueue( 7566): [SurfaceView[com.solodevlab.solara/com.solodevlab.solara.MainActivity]#1](f:0,a:2) ERROR: releaseBufferCallback without corresponding submitted buffer bufferId:32495722561542 framenumber:21386
05-03 21:15:27.523 E/BLASTBufferQueue( 7566): [SurfaceView[com.solodevlab.solara/com.solodevlab.solara.MainActivity]#1](f:0,a:2) Faking releaseBufferCallback from transactionCompleteCallback 21387
05-03 21:15:27.601 E/BLASTBufferQueue( 7566): [SurfaceView[com.solodevlab.solara/com.solodevlab.solara.MainActivity]#1](f:0,a:2) ERROR: releaseBufferCallback without corresponding submitted buffer bufferId:32495722561539 framenumber:21387
05-03 21:15:27.601 E/BLASTBufferQueue( 7566): [SurfaceView[com.solodevlab.solara/com.solodevlab.solara.MainActivity]#1](f:0,a:2) Faking releaseBufferCallback from transactionCompleteCallback 21388
05-03 21:15:27.682 E/BLASTBufferQueue( 7566): [SurfaceView[com.solodevlab.solara/com.solodevlab.solara.MainActivity]#1](f:0,a:2) ERROR: releaseBufferCallback without corresponding submitted buffer bufferId:32495722561540 framenumber:21388
05-03 21:15:27.682 E/BLASTBufferQueue( 7566): [SurfaceView[com.solodevlab.solara/com.solodevlab.solara.MainActivity]#1](f:0,a:2) Faking releaseBufferCallback from transactionCompleteCallback 21389
05-03 21:15:27.764 E/BLASTBufferQueue( 7566): [SurfaceView[com.solodevlab.solara/com.solodevlab.solara.MainActivity]#1](f:0,a:2) ERROR: releaseBufferCallback without corresponding submitted buffer bufferId:32495722561542 framenumber:21389
05-03 21:15:27.764 E/BLASTBufferQueue( 7566): [SurfaceView[com.solodevlab.solara/com.solodevlab.solara.MainActivity]#1](f:0,a:2) Faking releaseBufferCallback from transactionCompleteCallback 21390
05-03 21:15:27.865 E/BLASTBufferQueue( 7566): [SurfaceView[com.solodevlab.solara/com.solodevlab.solara.MainActivity]#1](f:0,a:2) ERROR: releaseBufferCallback without corresponding submitted buffer bufferId:32495722561539 framenumber:21390
05-03 21:15:27.865 E/BLASTBufferQueue( 7566): [SurfaceView[com.solodevlab.solara/com.solodevlab.solara.MainActivity]#1](f:0,a:2) Faking releaseBufferCallback from transactionCompleteCallback 21391
05-03 21:15:27.948 E/BLASTBufferQueue( 7566): [SurfaceView[com.solodevlab.solara/com.solodevlab.solara.MainActivity]#1](f:0,a:2) ERROR: releaseBufferCallback without corresponding submitted buffer bufferId:32495722561540 framenumber:21391
05-03 21:15:27.948 E/BLASTBufferQueue( 7566): [SurfaceView[com.solodevlab.solara/com.solodevlab.solara.MainActivity]#1](f:0,a:2) Faking releaseBufferCallback from transactionCompleteCallback 21392
05-03 21:15:28.032 E/BLASTBufferQueue( 7566): [SurfaceView[com.solodevlab.solara/com.solodevlab.solara.MainActivity]#1](f:0,a:2) ERROR: releaseBufferCallback without corresponding submitted buffer bufferId:32495722561542 framenumber:21392
05-03 21:15:28.032 E/BLASTBufferQueue( 7566): [SurfaceView[com.solodevlab.solara/com.solodevlab.solara.MainActivity]#1](f:0,a:2) Faking releaseBufferCallback from transactionCompleteCallback 21393
05-03 21:15:28.115 E/BLASTBufferQueue( 7566): [SurfaceView[com.solodevlab.solara/com.solodevlab.solara.MainActivity]#1](f:0,a:2) ERROR: releaseBufferCallback without corresponding submitted buffer bufferId:32495722561539 framenumber:21393
05-03 21:15:28.115 E/BLASTBufferQueue( 7566): [SurfaceView[com.solodevlab.solara/com.solodevlab.solara.MainActivity]#1](f:0,a:2) Faking releaseBufferCallback from transactionCompleteCallback 21394
05-03 21:15:28.249 E/BLASTBufferQueue( 7566): [SurfaceView[com.solodevlab.solara/com.solodevlab.solara.MainActivity]#1](f:0,a:2) Faking releaseBufferCallback from transactionCompleteCallback 21396
05-03 21:15:28.316 E/BLASTBufferQueue( 7566): [SurfaceView[com.solodevlab.solara/com.solodevlab.solara.MainActivity]#1](f:0,a:2) ERROR: releaseBufferCallback without corresponding submitted buffer bufferId:32495722561539 framenumber:21396
05-03 21:15:28.316 E/BLASTBufferQueue( 7566): [SurfaceView[com.solodevlab.solara/com.solodevlab.solara.MainActivity]#1](f:0,a:2) Faking releaseBufferCallback from transactionCompleteCallback 21397
05-03 21:15:28.383 E/BLASTBufferQueue( 7566): [SurfaceView[com.solodevlab.solara/com.solodevlab.solara.MainActivity]#1](f:0,a:2) ERROR: releaseBufferCallback without corresponding submitted buffer bufferId:32495722561540 framenumber:21397
05-03 21:15:28.383 E/BLASTBufferQueue( 7566): [SurfaceView[com.solodevlab.solara/com.solodevlab.solara.MainActivity]#1](f:0,a:2) Faking releaseBufferCallback from transactionCompleteCallback 21398
05-03 21:15:28.499 E/BLASTBufferQueue( 7566): [SurfaceView[com.solodevlab.solara/com.solodevlab.solara.MainActivity]#1](f:0,a:2) Faking releaseBufferCallback from transactionCompleteCallback 21400
05-03 21:15:28.566 E/BLASTBufferQueue( 7566): [SurfaceView[com.solodevlab.solara/com.solodevlab.solara.MainActivity]#1](f:0,a:2) ERROR: releaseBufferCallback without corresponding submitted buffer bufferId:32495722561540 framenumber:21400
05-03 21:15:28.566 E/BLASTBufferQueue( 7566): [SurfaceView[com.solodevlab.solara/com.solodevlab.solara.MainActivity]#1](f:0,a:2) Faking releaseBufferCallback from transactionCompleteCallback 21401
05-03 21:15:28.633 E/BLASTBufferQueue( 7566): [SurfaceView[com.solodevlab.solara/com.solodevlab.solara.MainActivity]#1](f:0,a:2) ERROR: releaseBufferCallback without corresponding submitted buffer bufferId:32495722561542 framenumber:21401
05-03 21:15:28.633 E/BLASTBufferQueue( 7566): [SurfaceView[com.solodevlab.solara/com.solodevlab.solara.MainActivity]#1](f:0,a:2) Faking releaseBufferCallback from transactionCompleteCallback 21402
05-03 21:15:28.721 E/BLASTBufferQueue( 7566): [SurfaceView[com.solodevlab.solara/com.solodevlab.solara.MainActivity]#1](f:0,a:2) ERROR: releaseBufferCallback without corresponding submitted buffer bufferId:32495722561539 framenumber:21402
05-03 21:15:28.721 E/BLASTBufferQueue( 7566): [SurfaceView[com.solodevlab.solara/com.solodevlab.solara.MainActivity]#1](f:0,a:2) Faking releaseBufferCallback from transactionCompleteCallback 21403
05-03 21:15:29.703 E/BLASTBufferQueue( 7566): [SurfaceView[com.solodevlab.solara/com.solodevlab.solara.MainActivity]#1](f:0,a:2) Faking releaseBufferCallback from transactionCompleteCallback 21431
05-03 21:15:29.738 E/BLASTBufferQueue( 7566): [SurfaceView[com.solodevlab.solara/com.solodevlab.solara.MainActivity]#1](f:0,a:2) ERROR: releaseBufferCallback without corresponding submitted buffer bufferId:32495722561542 framenumber:21431
05-03 21:15:29.739 E/BLASTBufferQueue( 7566): [SurfaceView[com.solodevlab.solara/com.solodevlab.solara.MainActivity]#1](f:0,a:2) Faking releaseBufferCallback from transactionCompleteCallback 21432
05-03 21:15:29.803 E/BLASTBufferQueue( 7566): [SurfaceView[com.solodevlab.solara/com.solodevlab.solara.MainActivity]#1](f:0,a:2) ERROR: releaseBufferCallback without corresponding submitted buffer bufferId:32495722561539 framenumber:21432
05-03 21:15:29.803 E/BLASTBufferQueue( 7566): [SurfaceView[com.solodevlab.solara/com.solodevlab.solara.MainActivity]#1](f:0,a:2) Faking releaseBufferCallback from transactionCompleteCallback 21433
05-03 21:15:29.838 E/BLASTBufferQueue( 7566): [SurfaceView[com.solodevlab.solara/com.solodevlab.solara.MainActivity]#1](f:0,a:2) ERROR: releaseBufferCallback without corresponding submitted buffer bufferId:32495722561540 framenumber:21433
05-03 21:15:29.838 E/BLASTBufferQueue( 7566): [SurfaceView[com.solodevlab.solara/com.solodevlab.solara.MainActivity]#1](f:0,a:2) Faking releaseBufferCallback from transactionCompleteCallback 21434
05-03 21:15:29.936 E/BLASTBufferQueue( 7566): [SurfaceView[com.solodevlab.solara/com.solodevlab.solara.MainActivity]#1](f:0,a:2) Faking releaseBufferCallback from transactionCompleteCallback 21437
05-03 21:15:30.070 E/BLASTBufferQueue( 7566): [SurfaceView[com.solodevlab.solara/com.solodevlab.solara.MainActivity]#1](f:0,a:2) Faking releaseBufferCallback from transactionCompleteCallback 21444
05-03 21:15:30.237 E/BLASTBufferQueue( 7566): [SurfaceView[com.solodevlab.solara/com.solodevlab.solara.MainActivity]#1](f:0,a:2) Faking releaseBufferCallback from transactionCompleteCallback 21453
05-03 21:15:30.320 E/BLASTBufferQueue( 7566): [SurfaceView[com.solodevlab.solara/com.solodevlab.solara.MainActivity]#1](f:0,a:2) ERROR: releaseBufferCallback without corresponding submitted buffer bufferId:32495722561539 framenumber:21453
05-03 21:15:30.321 E/BLASTBufferQueue( 7566): [SurfaceView[com.solodevlab.solara/com.solodevlab.solara.MainActivity]#1](f:0,a:2) Faking releaseBufferCallback from transactionCompleteCallback 21457
05-03 21:15:30.404 E/BLASTBufferQueue( 7566): [SurfaceView[com.solodevlab.solara/com.solodevlab.solara.MainActivity]#1](f:0,a:2) Faking releaseBufferCallback from transactionCompleteCallback 21461
05-03 21:15:30.488 E/BLASTBufferQueue( 7566): [SurfaceView[com.solodevlab.solara/com.solodevlab.solara.MainActivity]#1](f:0,a:2) Faking releaseBufferCallback from transactionCompleteCallback 21465
05-03 21:15:30.521 E/BLASTBufferQueue( 7566): [SurfaceView[com.solodevlab.solara/com.solodevlab.solara.MainActivity]#1](f:0,a:2) ERROR: releaseBufferCallback without corresponding submitted buffer bufferId:32495722561539 framenumber:21465
05-03 21:15:30.521 E/BLASTBufferQueue( 7566): [SurfaceView[com.solodevlab.solara/com.solodevlab.solara.MainActivity]#1](f:0,a:2) Faking releaseBufferCallback from transactionCompleteCallback 21466
05-03 21:15:30.671 E/BLASTBufferQueue( 7566): [SurfaceView[com.solodevlab.solara/com.solodevlab.solara.MainActivity]#1](f:0,a:2) Faking releaseBufferCallback from transactionCompleteCallback 21474
05-03 21:15:30.721 E/BLASTBufferQueue( 7566): [SurfaceView[com.solodevlab.solara/com.solodevlab.solara.MainActivity]#1](f:0,a:2) Faking releaseBufferCallback from transactionCompleteCallback 21476
05-03 21:15:30.788 E/BLASTBufferQueue( 7566): [SurfaceView[com.solodevlab.solara/com.solodevlab.solara.MainActivity]#1](f:0,a:2) ERROR: releaseBufferCallback without corresponding submitted buffer bufferId:32495722561542 framenumber:21476
05-03 21:15:30.788 E/BLASTBufferQueue( 7566): [SurfaceView[com.solodevlab.solara/com.solodevlab.solara.MainActivity]#1](f:0,a:2) Faking releaseBufferCallback from transactionCompleteCallback 21479
05-03 21:15:30.872 E/BLASTBufferQueue( 7566): [SurfaceView[com.solodevlab.solara/com.solodevlab.solara.MainActivity]#1](f:0,a:2) Faking releaseBufferCallback from transactionCompleteCallback 21483
05-03 21:15:31.022 E/BLASTBufferQueue( 7566): [SurfaceView[com.solodevlab.solara/com.solodevlab.solara.MainActivity]#1](f:0,a:2) ERROR: releaseBufferCallback without corresponding submitted buffer bufferId:32495722561539 framenumber:21483
05-03 21:15:31.022 E/BLASTBufferQueue( 7566): [SurfaceView[com.solodevlab.solara/com.solodevlab.solara.MainActivity]#1](f:0,a:2) Faking releaseBufferCallback from transactionCompleteCallback 21491
05-03 21:15:31.089 E/BLASTBufferQueue( 7566): [SurfaceView[com.solodevlab.solara/com.solodevlab.solara.MainActivity]#1](f:0,a:2) Faking releaseBufferCallback from transactionCompleteCallback 21494
05-03 21:15:31.173 E/BLASTBufferQueue( 7566): [SurfaceView[com.solodevlab.solara/com.solodevlab.solara.MainActivity]#1](f:0,a:2) Faking releaseBufferCallback from transactionCompleteCallback 21498
05-03 21:15:31.239 E/BLASTBufferQueue( 7566): [SurfaceView[com.solodevlab.solara/com.solodevlab.solara.MainActivity]#1](f:0,a:2) ERROR: releaseBufferCallback without corresponding submitted buffer bufferId:32495722561539 framenumber:21498
05-03 21:15:31.239 E/BLASTBufferQueue( 7566): [SurfaceView[com.solodevlab.solara/com.solodevlab.solara.MainActivity]#1](f:0,a:2) Faking releaseBufferCallback from transactionCompleteCallback 21501
05-03 21:15:31.323 E/BLASTBufferQueue( 7566): [SurfaceView[com.solodevlab.solara/com.solodevlab.solara.MainActivity]#1](f:0,a:2) Faking releaseBufferCallback from transactionCompleteCallback 21505
05-03 21:15:31.473 E/BLASTBufferQueue( 7566): [SurfaceView[com.solodevlab.solara/com.solodevlab.solara.MainActivity]#1](f:0,a:2) Faking releaseBufferCallback from transactionCompleteCallback 21512
05-03 21:15:31.574 E/BLASTBufferQueue( 7566): [SurfaceView[com.solodevlab.solara/com.solodevlab.solara.MainActivity]#1](f:0,a:2) Faking releaseBufferCallback from transactionCompleteCallback 21517
05-03 21:15:31.724 E/BLASTBufferQueue( 7566): [SurfaceView[com.solodevlab.solara/com.solodevlab.solara.MainActivity]#1](f:0,a:2) Faking releaseBufferCallback from transactionCompleteCallback 21524
05-03 21:15:31.963 E/BLASTBufferQueue( 7566): [SurfaceView[com.solodevlab.solara/com.solodevlab.solara.MainActivity]#1](f:0,a:2) ERROR: releaseBufferCallback without corresponding submitted buffer bufferId:32495722561542 framenumber:21524
05-03 21:15:31.963 E/BLASTBufferQueue( 7566): [SurfaceView[com.solodevlab.solara/com.solodevlab.solara.MainActivity]#1](f:0,a:2) Faking releaseBufferCallback from transactionCompleteCallback 21526
05-03 21:15:32.025 E/BLASTBufferQueue( 7566): [SurfaceView[com.solodevlab.solara/com.solodevlab.solara.MainActivity]#1](f:0,a:2) Faking releaseBufferCallback from transactionCompleteCallback 21529
05-03 21:15:32.042 E/BLASTBufferQueue( 7566): [SurfaceView[com.solodevlab.solara/com.solodevlab.solara.MainActivity]#1](f:0,a:2) ERROR: releaseBufferCallback without corresponding submitted buffer bufferId:32495722561540 framenumber:21529
05-03 21:15:33.229 E/BLASTBufferQueue( 7566): [SurfaceView[com.solodevlab.solara/com.solodevlab.solara.MainActivity]#1](f:0,a:2) Faking releaseBufferCallback from transactionCompleteCallback 21594
05-03 21:15:33.345 E/BLASTBufferQueue( 7566): [SurfaceView[com.solodevlab.solara/com.solodevlab.solara.MainActivity]#1](f:0,a:2) Faking releaseBufferCallback from transactionCompleteCallback 21597
05-03 21:15:33.496 E/BLASTBufferQueue( 7566): [SurfaceView[com.solodevlab.solara/com.solodevlab.solara.MainActivity]#1](f:0,a:2) Faking releaseBufferCallback from transactionCompleteCallback 21601
05-03 21:15:33.562 E/BLASTBufferQueue( 7566): [SurfaceView[com.solodevlab.solara/com.solodevlab.solara.MainActivity]#1](f:0,a:2) Faking releaseBufferCallback from transactionCompleteCallback 21603
05-03 21:15:33.629 E/BLASTBufferQueue( 7566): [SurfaceView[com.solodevlab.solara/com.solodevlab.solara.MainActivity]#1](f:0,a:2) Faking releaseBufferCallback from transactionCompleteCallback 21605
05-03 21:15:33.952 E/BLASTBufferQueue( 7566): [SurfaceView[com.solodevlab.solara/com.solodevlab.solara.MainActivity]#1](f:0,a:2) Faking releaseBufferCallback from transactionCompleteCallback 21609
05-03 21:15:34.100 E/BLASTBufferQueue( 7566): [SurfaceView[com.solodevlab.solara/com.solodevlab.solara.MainActivity]#1](f:0,a:2) Faking releaseBufferCallback from transactionCompleteCallback 21611
05-03 21:15:34.217 E/BLASTBufferQueue( 7566): [SurfaceView[com.solodevlab.solara/com.solodevlab.solara.MainActivity]#1](f:0,a:2) Faking releaseBufferCallback from transactionCompleteCallback 21613
05-03 21:15:34.285 E/BLASTBufferQueue( 7566): [SurfaceView[com.solodevlab.solara/com.solodevlab.solara.MainActivity]#1](f:0,a:2) ERROR: releaseBufferCallback without corresponding submitted buffer bufferId:32495722561540 framenumber:21613
05-03 21:15:34.285 E/BLASTBufferQueue( 7566): [SurfaceView[com.solodevlab.solara/com.solodevlab.solara.MainActivity]#1](f:0,a:2) Faking releaseBufferCallback from transactionCompleteCallback 21614
05-03 21:15:34.347 E/BLASTBufferQueue( 7566): [SurfaceView[com.solodevlab.solara/com.solodevlab.solara.MainActivity]#1](f:0,a:2) ERROR: releaseBufferCallback without corresponding submitted buffer bufferId:32495722561542 framenumber:21614
05-03 21:15:34.347 E/BLASTBufferQueue( 7566): [SurfaceView[com.solodevlab.solara/com.solodevlab.solara.MainActivity]#1](f:0,a:2) Faking releaseBufferCallback from transactionCompleteCallback 21615
05-03 21:15:34.469 E/BLASTBufferQueue( 7566): [SurfaceView[com.solodevlab.solara/com.solodevlab.solara.MainActivity]#1](f:0,a:2) ERROR: releaseBufferCallback without corresponding submitted buffer bufferId:32495722561539 framenumber:21615
05-03 21:15:34.469 E/BLASTBufferQueue( 7566): [SurfaceView[com.solodevlab.solara/com.solodevlab.solara.MainActivity]#1](f:0,a:2) Faking releaseBufferCallback from transactionCompleteCallback 21616
05-03 21:15:34.569 E/BLASTBufferQueue( 7566): [SurfaceView[com.solodevlab.solara/com.solodevlab.solara.MainActivity]#1](f:0,a:2) ERROR: releaseBufferCallback without corresponding submitted buffer bufferId:32495722561540 framenumber:21616
05-03 21:15:34.569 E/BLASTBufferQueue( 7566): [SurfaceView[com.solodevlab.solara/com.solodevlab.solara.MainActivity]#1](f:0,a:2) Faking releaseBufferCallback from transactionCompleteCallback 21617
05-03 21:15:34.687 E/BLASTBufferQueue( 7566): [SurfaceView[com.solodevlab.solara/com.solodevlab.solara.MainActivity]#1](f:0,a:2) ERROR: releaseBufferCallback without corresponding submitted buffer bufferId:32495722561542 framenumber:21617
05-03 21:15:34.687 E/BLASTBufferQueue( 7566): [SurfaceView[com.solodevlab.solara/com.solodevlab.solara.MainActivity]#1](f:0,a:2) Faking releaseBufferCallback from transactionCompleteCallback 21618
05-03 21:15:34.766 E/BLASTBufferQueue( 7566): [SurfaceView[com.solodevlab.solara/com.solodevlab.solara.MainActivity]#1](f:0,a:2) ERROR: releaseBufferCallback without corresponding submitted buffer bufferId:32495722561539 framenumber:21618
05-03 21:15:34.766 E/BLASTBufferQueue( 7566): [SurfaceView[com.solodevlab.solara/com.solodevlab.solara.MainActivity]#1](f:0,a:2) Faking releaseBufferCallback from transactionCompleteCallback 21619
05-03 21:15:34.865 E/BLASTBufferQueue( 7566): [SurfaceView[com.solodevlab.solara/com.solodevlab.solara.MainActivity]#1](f:0,a:2) ERROR: releaseBufferCallback without corresponding submitted buffer bufferId:32495722561540 framenumber:21619
05-03 21:15:34.865 E/BLASTBufferQueue( 7566): [SurfaceView[com.solodevlab.solara/com.solodevlab.solara.MainActivity]#1](f:0,a:2) Faking releaseBufferCallback from transactionCompleteCallback 21620
05-03 21:15:34.966 E/BLASTBufferQueue( 7566): [SurfaceView[com.solodevlab.solara/com.solodevlab.solara.MainActivity]#1](f:0,a:2) ERROR: releaseBufferCallback without corresponding submitted buffer bufferId:32495722561542 framenumber:21620
05-03 21:15:34.966 E/BLASTBufferQueue( 7566): [SurfaceView[com.solodevlab.solara/com.solodevlab.solara.MainActivity]#1](f:0,a:2) Faking releaseBufferCallback from transactionCompleteCallback 21621
05-03 21:15:35.066 E/BLASTBufferQueue( 7566): [SurfaceView[com.solodevlab.solara/com.solodevlab.solara.MainActivity]#1](f:0,a:2) ERROR: releaseBufferCallback without corresponding submitted buffer bufferId:32495722561539 framenumber:21621
05-03 21:15:35.066 E/BLASTBufferQueue( 7566): [SurfaceView[com.solodevlab.solara/com.solodevlab.solara.MainActivity]#1](f:0,a:2) Faking releaseBufferCallback from transactionCompleteCallback 21622
05-03 21:15:35.166 E/BLASTBufferQueue( 7566): [SurfaceView[com.solodevlab.solara/com.solodevlab.solara.MainActivity]#1](f:0,a:2) ERROR: releaseBufferCallback without corresponding submitted buffer bufferId:32495722561540 framenumber:21622
05-03 21:15:35.166 E/BLASTBufferQueue( 7566): [SurfaceView[com.solodevlab.solara/com.solodevlab.solara.MainActivity]#1](f:0,a:2) Faking releaseBufferCallback from transactionCompleteCallback 21623
05-03 21:15:35.266 E/BLASTBufferQueue( 7566): [SurfaceView[com.solodevlab.solara/com.solodevlab.solara.MainActivity]#1](f:0,a:2) ERROR: releaseBufferCallback without corresponding submitted buffer bufferId:32495722561542 framenumber:21623
05-03 21:15:35.266 E/BLASTBufferQueue( 7566): [SurfaceView[com.solodevlab.solara/com.solodevlab.solara.MainActivity]#1](f:0,a:2) Faking releaseBufferCallback from transactionCompleteCallback 21624
05-03 21:15:35.354 E/BLASTBufferQueue( 7566): [SurfaceView[com.solodevlab.solara/com.solodevlab.solara.MainActivity]#1](f:0,a:2) ERROR: releaseBufferCallback without corresponding submitted buffer bufferId:32495722561539 framenumber:21624
05-03 21:15:35.355 E/BLASTBufferQueue( 7566): [SurfaceView[com.solodevlab.solara/com.solodevlab.solara.MainActivity]#1](f:0,a:2) Faking releaseBufferCallback from transactionCompleteCallback 21625
05-03 21:15:35.450 E/BLASTBufferQueue( 7566): [SurfaceView[com.solodevlab.solara/com.solodevlab.solara.MainActivity]#1](f:0,a:2) ERROR: releaseBufferCallback without corresponding submitted buffer bufferId:32495722561540 framenumber:21625
05-03 21:15:35.450 E/BLASTBufferQueue( 7566): [SurfaceView[com.solodevlab.solara/com.solodevlab.solara.MainActivity]#1](f:0,a:2) Faking releaseBufferCallback from transactionCompleteCallback 21626
05-03 21:15:35.550 E/BLASTBufferQueue( 7566): [SurfaceView[com.solodevlab.solara/com.solodevlab.solara.MainActivity]#1](f:0,a:2) ERROR: releaseBufferCallback without corresponding submitted buffer bufferId:32495722561542 framenumber:21626
05-03 21:15:35.550 E/BLASTBufferQueue( 7566): [SurfaceView[com.solodevlab.solara/com.solodevlab.solara.MainActivity]#1](f:0,a:2) Faking releaseBufferCallback from transactionCompleteCallback 21627
05-03 21:15:35.654 E/BLASTBufferQueue( 7566): [SurfaceView[com.solodevlab.solara/com.solodevlab.solara.MainActivity]#1](f:0,a:2) ERROR: releaseBufferCallback without corresponding submitted buffer bufferId:32495722561539 framenumber:21627
05-03 21:15:35.655 E/BLASTBufferQueue( 7566): [SurfaceView[com.solodevlab.solara/com.solodevlab.solara.MainActivity]#1](f:0,a:2) Faking releaseBufferCallback from transactionCompleteCallback 21628
05-03 21:15:35.751 E/BLASTBufferQueue( 7566): [SurfaceView[com.solodevlab.solara/com.solodevlab.solara.MainActivity]#1](f:0,a:2) ERROR: releaseBufferCallback without corresponding submitted buffer bufferId:32495722561540 framenumber:21628
05-03 21:15:35.751 E/BLASTBufferQueue( 7566): [SurfaceView[com.solodevlab.solara/com.solodevlab.solara.MainActivity]#1](f:0,a:2) Faking releaseBufferCallback from transactionCompleteCallback 21629
05-03 21:15:35.852 E/BLASTBufferQueue( 7566): [SurfaceView[com.solodevlab.solara/com.solodevlab.solara.MainActivity]#1](f:0,a:2) ERROR: releaseBufferCallback without corresponding submitted buffer bufferId:32495722561542 framenumber:21629
05-03 21:15:35.852 E/BLASTBufferQueue( 7566): [SurfaceView[com.solodevlab.solara/com.solodevlab.solara.MainActivity]#1](f:0,a:2) Faking releaseBufferCallback from transactionCompleteCallback 21630
05-03 21:15:35.935 E/BLASTBufferQueue( 7566): [SurfaceView[com.solodevlab.solara/com.solodevlab.solara.MainActivity]#1](f:0,a:2) ERROR: releaseBufferCallback without corresponding submitted buffer bufferId:32495722561539 framenumber:21630
05-03 21:15:35.935 E/BLASTBufferQueue( 7566): [SurfaceView[com.solodevlab.solara/com.solodevlab.solara.MainActivity]#1](f:0,a:2) Faking releaseBufferCallback from transactionCompleteCallback 21631
05-03 21:15:36.035 E/BLASTBufferQueue( 7566): [SurfaceView[com.solodevlab.solara/com.solodevlab.solara.MainActivity]#1](f:0,a:2) ERROR: releaseBufferCallback without corresponding submitted buffer bufferId:32495722561540 framenumber:21631
05-03 21:15:36.035 E/BLASTBufferQueue( 7566): [SurfaceView[com.solodevlab.solara/com.solodevlab.solara.MainActivity]#1](f:0,a:2) Faking releaseBufferCallback from transactionCompleteCallback 21632
05-03 21:15:36.135 E/BLASTBufferQueue( 7566): [SurfaceView[com.solodevlab.solara/com.solodevlab.solara.MainActivity]#1](f:0,a:2) ERROR: releaseBufferCallback without corresponding submitted buffer bufferId:32495722561542 framenumber:21632
05-03 21:15:36.135 E/BLASTBufferQueue( 7566): [SurfaceView[com.solodevlab.solara/com.solodevlab.solara.MainActivity]#1](f:0,a:2) Faking releaseBufferCallback from transactionCompleteCallback 21633
05-03 21:15:36.219 E/BLASTBufferQueue( 7566): [SurfaceView[com.solodevlab.solara/com.solodevlab.solara.MainActivity]#1](f:0,a:2) ERROR: releaseBufferCallback without corresponding submitted buffer bufferId:32495722561539 framenumber:21633
05-03 21:15:36.219 E/BLASTBufferQueue( 7566): [SurfaceView[com.solodevlab.solara/com.solodevlab.solara.MainActivity]#1](f:0,a:2) Faking releaseBufferCallback from transactionCompleteCallback 21634
05-03 21:15:36.319 E/BLASTBufferQueue( 7566): [SurfaceView[com.solodevlab.solara/com.solodevlab.solara.MainActivity]#1](f:0,a:2) ERROR: releaseBufferCallback without corresponding submitted buffer bufferId:32495722561540 framenumber:21634
05-03 21:15:36.319 E/BLASTBufferQueue( 7566): [SurfaceView[com.solodevlab.solara/com.solodevlab.solara.MainActivity]#1](f:0,a:2) Faking releaseBufferCallback from transactionCompleteCallback 21635
05-03 21:15:36.403 E/BLASTBufferQueue( 7566): [SurfaceView[com.solodevlab.solara/com.solodevlab.solara.MainActivity]#1](f:0,a:2) ERROR: releaseBufferCallback without corresponding submitted buffer bufferId:32495722561542 framenumber:21635
05-03 21:15:36.403 E/BLASTBufferQueue( 7566): [SurfaceView[com.solodevlab.solara/com.solodevlab.solara.MainActivity]#1](f:0,a:2) Faking releaseBufferCallback from transactionCompleteCallback 21636
05-03 21:15:36.503 E/BLASTBufferQueue( 7566): [SurfaceView[com.solodevlab.solara/com.solodevlab.solara.MainActivity]#1](f:0,a:2) ERROR: releaseBufferCallback without corresponding submitted buffer bufferId:32495722561539 framenumber:21636
05-03 21:15:36.503 E/BLASTBufferQueue( 7566): [SurfaceView[com.solodevlab.solara/com.solodevlab.solara.MainActivity]#1](f:0,a:2) Faking releaseBufferCallback from transactionCompleteCallback 21637
05-03 21:15:36.603 E/BLASTBufferQueue( 7566): [SurfaceView[com.solodevlab.solara/com.solodevlab.solara.MainActivity]#1](f:0,a:2) ERROR: releaseBufferCallback without corresponding submitted buffer bufferId:32495722561540 framenumber:21637
05-03 21:15:36.603 E/BLASTBufferQueue( 7566): [SurfaceView[com.solodevlab.solara/com.solodevlab.solara.MainActivity]#1](f:0,a:2) Faking releaseBufferCallback from transactionCompleteCallback 21638
05-03 21:15:36.687 E/BLASTBufferQueue( 7566): [SurfaceView[com.solodevlab.solara/com.solodevlab.solara.MainActivity]#1](f:0,a:2) ERROR: releaseBufferCallback without corresponding submitted buffer bufferId:32495722561542 framenumber:21638
05-03 21:15:36.687 E/BLASTBufferQueue( 7566): [SurfaceView[com.solodevlab.solara/com.solodevlab.solara.MainActivity]#1](f:0,a:2) Faking releaseBufferCallback from transactionCompleteCallback 21639
05-03 21:15:36.787 E/BLASTBufferQueue( 7566): [SurfaceView[com.solodevlab.solara/com.solodevlab.solara.MainActivity]#1](f:0,a:2) ERROR: releaseBufferCallback without corresponding submitted buffer bufferId:32495722561539 framenumber:21639
05-03 21:15:36.787 E/BLASTBufferQueue( 7566): [SurfaceView[com.solodevlab.solara/com.solodevlab.solara.MainActivity]#1](f:0,a:2) Faking releaseBufferCallback from transactionCompleteCallback 21640
05-03 21:15:36.875 E/BLASTBufferQueue( 7566): [SurfaceView[com.solodevlab.solara/com.solodevlab.solara.MainActivity]#1](f:0,a:2) ERROR: releaseBufferCallback without corresponding submitted buffer bufferId:32495722561540 framenumber:21640
05-03 21:15:36.875 E/BLASTBufferQueue( 7566): [SurfaceView[com.solodevlab.solara/com.solodevlab.solara.MainActivity]#1](f:0,a:2) Faking releaseBufferCallback from transactionCompleteCallback 21641
05-03 21:15:36.971 E/BLASTBufferQueue( 7566): [SurfaceView[com.solodevlab.solara/com.solodevlab.solara.MainActivity]#1](f:0,a:2) ERROR: releaseBufferCallback without corresponding submitted buffer bufferId:32495722561542 framenumber:21641
05-03 21:15:36.971 E/BLASTBufferQueue( 7566): [SurfaceView[com.solodevlab.solara/com.solodevlab.solara.MainActivity]#1](f:0,a:2) Faking releaseBufferCallback from transactionCompleteCallback 21642
05-03 21:15:43.787 E/BLASTBufferQueue( 7566): [SurfaceView[com.solodevlab.solara/com.solodevlab.solara.MainActivity]#1](f:0,a:2) Faking releaseBufferCallback from transactionCompleteCallback 21810
05-03 21:15:43.822 E/BLASTBufferQueue( 7566): [SurfaceView[com.solodevlab.solara/com.solodevlab.solara.MainActivity]#1](f:0,a:2) ERROR: releaseBufferCallback without corresponding submitted buffer bufferId:32495722561539 framenumber:21810
05-03 21:15:43.822 E/BLASTBufferQueue( 7566): [SurfaceView[com.solodevlab.solara/com.solodevlab.solara.MainActivity]#1](f:0,a:2) Faking releaseBufferCallback from transactionCompleteCallback 21811
05-03 21:15:44.623 E/BLASTBufferQueue( 7566): [SurfaceView[com.solodevlab.solara/com.solodevlab.solara.MainActivity]#1](f:0,a:2) Faking releaseBufferCallback from transactionCompleteCallback 21856
05-03 21:15:44.657 E/BLASTBufferQueue( 7566): [SurfaceView[com.solodevlab.solara/com.solodevlab.solara.MainActivity]#1](f:0,a:1) ERROR: releaseBufferCallback without corresponding submitted buffer bufferId:32495722561540 framenumber:21856
05-03 21:15:44.690 E/BLASTBufferQueue( 7566): [SurfaceView[com.solodevlab.solara/com.solodevlab.solara.MainActivity]#1](f:0,a:2) Faking releaseBufferCallback from transactionCompleteCallback 21859
05-03 21:15:44.773 E/BLASTBufferQueue( 7566): [SurfaceView[com.solodevlab.solara/com.solodevlab.solara.MainActivity]#1](f:0,a:2) Faking releaseBufferCallback from transactionCompleteCallback 21863
05-03 21:15:44.791 E/BLASTBufferQueue( 7566): [SurfaceView[com.solodevlab.solara/com.solodevlab.solara.MainActivity]#1](f:0,a:2) ERROR: releaseBufferCallback without corresponding submitted buffer bufferId:32495722561542 framenumber:21863
05-03 21:15:47.313 E/BLASTBufferQueue( 7566): [SurfaceView[com.solodevlab.solara/com.solodevlab.solara.MainActivity]#1](f:0,a:2) Faking releaseBufferCallback from transactionCompleteCallback 21986
05-03 21:15:47.714 E/BLASTBufferQueue( 7566): [SurfaceView[com.solodevlab.solara/com.solodevlab.solara.MainActivity]#1](f:0,a:2) Faking releaseBufferCallback from transactionCompleteCallback 22008
05-03 21:15:47.747 E/BLASTBufferQueue( 7566): [SurfaceView[com.solodevlab.solara/com.solodevlab.solara.MainActivity]#1](f:0,a:2) ERROR: releaseBufferCallback without corresponding submitted buffer bufferId:32495722561539 framenumber:22008
05-03 21:15:47.747 E/BLASTBufferQueue( 7566): [SurfaceView[com.solodevlab.solara/com.solodevlab.solara.MainActivity]#1](f:0,a:2) Faking releaseBufferCallback from transactionCompleteCallback 22009
05-03 21:15:47.781 E/BLASTBufferQueue( 7566): [SurfaceView[com.solodevlab.solara/com.solodevlab.solara.MainActivity]#1](f:0,a:2) ERROR: releaseBufferCallback without corresponding submitted buffer bufferId:32495722561540 framenumber:22009
05-03 21:15:47.781 E/BLASTBufferQueue( 7566): [SurfaceView[com.solodevlab.solara/com.solodevlab.solara.MainActivity]#1](f:0,a:2) Faking releaseBufferCallback from transactionCompleteCallback 22010
05-03 21:15:47.814 E/BLASTBufferQueue( 7566): [SurfaceView[com.solodevlab.solara/com.solodevlab.solara.MainActivity]#1](f:0,a:2) ERROR: releaseBufferCallback without corresponding submitted buffer bufferId:32495722561542 framenumber:22010
05-03 21:15:47.814 E/BLASTBufferQueue( 7566): [SurfaceView[com.solodevlab.solara/com.solodevlab.solara.MainActivity]#1](f:0,a:2) Faking releaseBufferCallback from transactionCompleteCallback 22011
05-03 21:15:47.848 E/BLASTBufferQueue( 7566): [SurfaceView[com.solodevlab.solara/com.solodevlab.solara.MainActivity]#1](f:0,a:2) ERROR: releaseBufferCallback without corresponding submitted buffer bufferId:32495722561539 framenumber:22011
05-03 21:15:47.848 E/BLASTBufferQueue( 7566): [SurfaceView[com.solodevlab.solara/com.solodevlab.solara.MainActivity]#1](f:0,a:2) Faking releaseBufferCallback from transactionCompleteCallback 22012
05-03 21:15:47.915 E/BLASTBufferQueue( 7566): [SurfaceView[com.solodevlab.solara/com.solodevlab.solara.MainActivity]#1](f:0,a:2) Faking releaseBufferCallback from transactionCompleteCallback 22015
05-03 21:15:47.933 E/BLASTBufferQueue( 7566): [SurfaceView[com.solodevlab.solara/com.solodevlab.solara.MainActivity]#1](f:0,a:1) ERROR: releaseBufferCallback without corresponding submitted buffer bufferId:32495722561540 framenumber:22015
05-03 21:15:48.065 E/BLASTBufferQueue( 7566): [SurfaceView[com.solodevlab.solara/com.solodevlab.solara.MainActivity]#1](f:0,a:2) Faking releaseBufferCallback from transactionCompleteCallback 22020
05-03 21:15:48.082 E/BLASTBufferQueue( 7566): [SurfaceView[com.solodevlab.solara/com.solodevlab.solara.MainActivity]#1](f:0,a:1) ERROR: releaseBufferCallback without corresponding submitted buffer bufferId:32495722561539 framenumber:22020
05-03 21:15:49.385 E/BLASTBufferQueue( 7566): [SurfaceView[com.solodevlab.solara/com.solodevlab.solara.MainActivity]#1](f:0,a:2) Faking releaseBufferCallback from transactionCompleteCallback 22099
05-03 21:15:49.418 E/BLASTBufferQueue( 7566): [SurfaceView[com.solodevlab.solara/com.solodevlab.solara.MainActivity]#1](f:0,a:2) ERROR: releaseBufferCallback without corresponding submitted buffer bufferId:32495722561540 framenumber:22099
05-03 21:15:49.418 E/BLASTBufferQueue( 7566): [SurfaceView[com.solodevlab.solara/com.solodevlab.solara.MainActivity]#1](f:0,a:2) Faking releaseBufferCallback from transactionCompleteCallback 22100
05-03 21:15:49.451 E/BLASTBufferQueue( 7566): [SurfaceView[com.solodevlab.solara/com.solodevlab.solara.MainActivity]#1](f:0,a:2) ERROR: releaseBufferCallback without corresponding submitted buffer bufferId:32495722561542 framenumber:22100
05-03 21:15:49.451 E/BLASTBufferQueue( 7566): [SurfaceView[com.solodevlab.solara/com.solodevlab.solara.MainActivity]#1](f:0,a:2) Faking releaseBufferCallback from transactionCompleteCallback 22101
05-03 21:15:49.502 E/BLASTBufferQueue( 7566): [SurfaceView[com.solodevlab.solara/com.solodevlab.solara.MainActivity]#1](f:0,a:2) ERROR: releaseBufferCallback without corresponding submitted buffer bufferId:32495722561539 framenumber:22101
05-03 21:15:49.502 E/BLASTBufferQueue( 7566): [SurfaceView[com.solodevlab.solara/com.solodevlab.solara.MainActivity]#1](f:0,a:2) Faking releaseBufferCallback from transactionCompleteCallback 22103
05-03 21:15:49.519 E/BLASTBufferQueue( 7566): [SurfaceView[com.solodevlab.solara/com.solodevlab.solara.MainActivity]#1](f:0,a:1) ERROR: releaseBufferCallback without corresponding submitted buffer bufferId:32495722561542 framenumber:22103
05-03 21:15:49.552 E/BLASTBufferQueue( 7566): [SurfaceView[com.solodevlab.solara/com.solodevlab.solara.MainActivity]#1](f:0,a:2) Faking releaseBufferCallback from transactionCompleteCallback 22105
05-03 21:15:49.602 E/BLASTBufferQueue( 7566): [SurfaceView[com.solodevlab.solara/com.solodevlab.solara.MainActivity]#1](f:0,a:2) ERROR: releaseBufferCallback without corresponding submitted buffer bufferId:32495722561540 framenumber:22105
05-03 21:15:49.602 E/BLASTBufferQueue( 7566): [SurfaceView[com.solodevlab.solara/com.solodevlab.solara.MainActivity]#1](f:0,a:2) Faking releaseBufferCallback from transactionCompleteCallback 22107
05-03 21:15:49.636 E/BLASTBufferQueue( 7566): [SurfaceView[com.solodevlab.solara/com.solodevlab.solara.MainActivity]#1](f:0,a:2) ERROR: releaseBufferCallback without corresponding submitted buffer bufferId:32495722561539 framenumber:22107
05-03 21:15:49.636 E/BLASTBufferQueue( 7566): [SurfaceView[com.solodevlab.solara/com.solodevlab.solara.MainActivity]#1](f:0,a:2) Faking releaseBufferCallback from transactionCompleteCallback 22108
05-03 21:15:49.653 E/BLASTBufferQueue( 7566): [SurfaceView[com.solodevlab.solara/com.solodevlab.solara.MainActivity]#1](f:0,a:2) ERROR: releaseBufferCallback without corresponding submitted buffer bufferId:32495722561540 framenumber:22108
05-03 21:15:50.354 E/BLASTBufferQueue( 7566): [SurfaceView[com.solodevlab.solara/com.solodevlab.solara.MainActivity]#1](f:0,a:2) Faking releaseBufferCallback from transactionCompleteCallback 22151
05-03 21:15:50.372 E/BLASTBufferQueue( 7566): [SurfaceView[com.solodevlab.solara/com.solodevlab.solara.MainActivity]#1](f:0,a:1) ERROR: releaseBufferCallback without corresponding submitted buffer bufferId:32495722561542 framenumber:22151
05-03 21:15:50.622 E/BLASTBufferQueue( 7566): [SurfaceView[com.solodevlab.solara/com.solodevlab.solara.MainActivity]#1](f:0,a:2) Faking releaseBufferCallback from transactionCompleteCallback 22166
05-03 21:15:50.639 E/BLASTBufferQueue( 7566): [SurfaceView[com.solodevlab.solara/com.solodevlab.solara.MainActivity]#1](f:0,a:1) ERROR: releaseBufferCallback without corresponding submitted buffer bufferId:32495722561542 framenumber:22166
05-03 21:15:50.688 E/BLASTBufferQueue( 7566): [SurfaceView[com.solodevlab.solara/com.solodevlab.solara.MainActivity]#1](f:0,a:2) Faking releaseBufferCallback from transactionCompleteCallback 22170
05-03 21:15:50.706 E/BLASTBufferQueue( 7566): [SurfaceView[com.solodevlab.solara/com.solodevlab.solara.MainActivity]#1](f:0,a:1) ERROR: releaseBufferCallback without corresponding submitted buffer bufferId:32495722561539 framenumber:22170
05-03 21:17:14.749 E/BLASTBufferQueue( 7566): [SurfaceView[com.solodevlab.solara/com.solodevlab.solara.MainActivity]#1](f:0,a:2) Faking releaseBufferCallback from transactionCompleteCallback 27200
05-03 21:17:14.771 E/BLASTBufferQueue( 7566): [SurfaceView[com.solodevlab.solara/com.solodevlab.solara.MainActivity]#1](f:0,a:2) ERROR: releaseBufferCallback without corresponding submitted buffer bufferId:32495722561542 framenumber:27200
05-03 21:24:19.177 E/BLASTBufferQueue( 7566): [SurfaceView[com.solodevlab.solara/com.solodevlab.solara.MainActivity]#1](f:0,a:2) Faking releaseBufferCallback from transactionCompleteCallback 52600
05-03 21:24:19.211 E/BLASTBufferQueue( 7566): [SurfaceView[com.solodevlab.solara/com.solodevlab.solara.MainActivity]#1](f:0,a:1) ERROR: releaseBufferCallback without corresponding submitted buffer bufferId:32495722561540 framenumber:52600
05-03 21:24:19.226 E/BLASTBufferQueue( 7566): [SurfaceView[com.solodevlab.solara/com.solodevlab.solara.MainActivity]#1](f:0,a:2) Faking releaseBufferCallback from transactionCompleteCallback 52603
05-03 21:24:19.244 E/BLASTBufferQueue( 7566): [SurfaceView[com.solodevlab.solara/com.solodevlab.solara.MainActivity]#1](f:0,a:1) ERROR: releaseBufferCallback without corresponding submitted buffer bufferId:32495722561540 framenumber:52603
05-03 21:24:19.260 E/BLASTBufferQueue( 7566): [SurfaceView[com.solodevlab.solara/com.solodevlab.solara.MainActivity]#1](f:0,a:2) Faking releaseBufferCallback from transactionCompleteCallback 52605
05-03 21:24:19.315 E/BLASTBufferQueue( 7566): [SurfaceView[com.solodevlab.solara/com.solodevlab.solara.MainActivity]#1](f:0,a:1) ERROR: releaseBufferCallback without corresponding submitted buffer bufferId:32495722561539 framenumber:52605
05-03 21:24:19.327 E/BLASTBufferQueue( 7566): [SurfaceView[com.solodevlab.solara/com.solodevlab.solara.MainActivity]#1](f:0,a:2) Faking releaseBufferCallback from transactionCompleteCallback 52609
05-03 21:24:24.682 E/BLASTBufferQueue( 7566): [SurfaceView[com.solodevlab.solara/com.solodevlab.solara.MainActivity]#1](f:0,a:2) Faking releaseBufferCallback from transactionCompleteCallback 52689
05-03 21:24:24.776 E/BLASTBufferQueue( 7566): [SurfaceView[com.solodevlab.solara/com.solodevlab.solara.MainActivity]#1](f:0,a:2) ERROR: releaseBufferCallback without corresponding submitted buffer bufferId:32495722561539 framenumber:52689
05-03 21:24:24.776 E/BLASTBufferQueue( 7566): [SurfaceView[com.solodevlab.solara/com.solodevlab.solara.MainActivity]#1](f:0,a:2) Faking releaseBufferCallback from transactionCompleteCallback 52690
05-03 21:24:24.877 E/BLASTBufferQueue( 7566): [SurfaceView[com.solodevlab.solara/com.solodevlab.solara.MainActivity]#1](f:0,a:2) ERROR: releaseBufferCallback without corresponding submitted buffer bufferId:32495722561540 framenumber:52690
05-03 21:24:24.877 E/BLASTBufferQueue( 7566): [SurfaceView[com.solodevlab.solara/com.solodevlab.solara.MainActivity]#1](f:0,a:2) Faking releaseBufferCallback from transactionCompleteCallback 52691
05-03 21:24:24.962 E/BLASTBufferQueue( 7566): [SurfaceView[com.solodevlab.solara/com.solodevlab.solara.MainActivity]#1](f:0,a:2) ERROR: releaseBufferCallback without corresponding submitted buffer bufferId:32495722561542 framenumber:52691
05-03 21:24:24.963 E/BLASTBufferQueue( 7566): [SurfaceView[com.solodevlab.solara/com.solodevlab.solara.MainActivity]#1](f:0,a:2) Faking releaseBufferCallback from transactionCompleteCallback 52692
05-03 21:24:25.061 E/BLASTBufferQueue( 7566): [SurfaceView[com.solodevlab.solara/com.solodevlab.solara.MainActivity]#1](f:0,a:2) ERROR: releaseBufferCallback without corresponding submitted buffer bufferId:32495722561539 framenumber:52692
05-03 21:24:25.061 E/BLASTBufferQueue( 7566): [SurfaceView[com.solodevlab.solara/com.solodevlab.solara.MainActivity]#1](f:0,a:2) Faking releaseBufferCallback from transactionCompleteCallback 52693
05-03 21:24:25.160 E/BLASTBufferQueue( 7566): [SurfaceView[com.solodevlab.solara/com.solodevlab.solara.MainActivity]#1](f:0,a:2) ERROR: releaseBufferCallback without corresponding submitted buffer bufferId:32495722561540 framenumber:52693
05-03 21:24:25.160 E/BLASTBufferQueue( 7566): [SurfaceView[com.solodevlab.solara/com.solodevlab.solara.MainActivity]#1](f:0,a:2) Faking releaseBufferCallback from transactionCompleteCallback 52694
05-03 21:24:25.355 E/BLASTBufferQueue( 7566): [SurfaceView[com.solodevlab.solara/com.solodevlab.solara.MainActivity]#1](f:0,a:2) Faking releaseBufferCallback from transactionCompleteCallback 52696
05-03 21:24:25.444 E/BLASTBufferQueue( 7566): [SurfaceView[com.solodevlab.solara/com.solodevlab.solara.MainActivity]#1](f:0,a:2) ERROR: releaseBufferCallback without corresponding submitted buffer bufferId:32495722561540 framenumber:52696
05-03 21:24:25.444 E/BLASTBufferQueue( 7566): [SurfaceView[com.solodevlab.solara/com.solodevlab.solara.MainActivity]#1](f:0,a:2) Faking releaseBufferCallback from transactionCompleteCallback 52697
05-03 21:24:25.545 E/BLASTBufferQueue( 7566): [SurfaceView[com.solodevlab.solara/com.solodevlab.solara.MainActivity]#1](f:0,a:2) ERROR: releaseBufferCallback without corresponding submitted buffer bufferId:32495722561542 framenumber:52697
05-03 21:24:25.545 E/BLASTBufferQueue( 7566): [SurfaceView[com.solodevlab.solara/com.solodevlab.solara.MainActivity]#1](f:0,a:2) Faking releaseBufferCallback from transactionCompleteCallback 52698
05-03 21:24:25.652 E/BLASTBufferQueue( 7566): [SurfaceView[com.solodevlab.solara/com.solodevlab.solara.MainActivity]#1](f:0,a:2) ERROR: releaseBufferCallback without corresponding submitted buffer bufferId:32495722561539 framenumber:52698
05-03 21:24:25.652 E/BLASTBufferQueue( 7566): [SurfaceView[com.solodevlab.solara/com.solodevlab.solara.MainActivity]#1](f:0,a:2) Faking releaseBufferCallback from transactionCompleteCallback 52699
05-03 21:24:25.745 E/BLASTBufferQueue( 7566): [SurfaceView[com.solodevlab.solara/com.solodevlab.solara.MainActivity]#1](f:0,a:2) ERROR: releaseBufferCallback without corresponding submitted buffer bufferId:32495722561540 framenumber:52699
05-03 21:24:25.745 E/BLASTBufferQueue( 7566): [SurfaceView[com.solodevlab.solara/com.solodevlab.solara.MainActivity]#1](f:0,a:2) Faking releaseBufferCallback from transactionCompleteCallback 52700
05-03 21:24:25.844 E/BLASTBufferQueue( 7566): [SurfaceView[com.solodevlab.solara/com.solodevlab.solara.MainActivity]#1](f:0,a:2) ERROR: releaseBufferCallback without corresponding submitted buffer bufferId:32495722561542 framenumber:52700
05-03 21:24:25.844 E/BLASTBufferQueue( 7566): [SurfaceView[com.solodevlab.solara/com.solodevlab.solara.MainActivity]#1](f:0,a:2) Faking releaseBufferCallback from transactionCompleteCallback 52701
05-03 21:24:25.928 E/BLASTBufferQueue( 7566): [SurfaceView[com.solodevlab.solara/com.solodevlab.solara.MainActivity]#1](f:0,a:2) ERROR: releaseBufferCallback without corresponding submitted buffer bufferId:32495722561539 framenumber:52701
05-03 21:24:25.928 E/BLASTBufferQueue( 7566): [SurfaceView[com.solodevlab.solara/com.solodevlab.solara.MainActivity]#1](f:0,a:2) Faking releaseBufferCallback from transactionCompleteCallback 52702
05-03 21:24:26.029 E/BLASTBufferQueue( 7566): [SurfaceView[com.solodevlab.solara/com.solodevlab.solara.MainActivity]#1](f:0,a:2) ERROR: releaseBufferCallback without corresponding submitted buffer bufferId:32495722561540 framenumber:52702
05-03 21:24:26.030 E/BLASTBufferQueue( 7566): [SurfaceView[com.solodevlab.solara/com.solodevlab.solara.MainActivity]#1](f:0,a:2) Faking releaseBufferCallback from transactionCompleteCallback 52703
05-03 21:24:26.129 E/BLASTBufferQueue( 7566): [SurfaceView[com.solodevlab.solara/com.solodevlab.solara.MainActivity]#1](f:0,a:2) ERROR: releaseBufferCallback without corresponding submitted buffer bufferId:32495722561542 framenumber:52703
05-03 21:24:26.129 E/BLASTBufferQueue( 7566): [SurfaceView[com.solodevlab.solara/com.solodevlab.solara.MainActivity]#1](f:0,a:2) Faking releaseBufferCallback from transactionCompleteCallback 52704
05-03 21:24:26.232 E/BLASTBufferQueue( 7566): [SurfaceView[com.solodevlab.solara/com.solodevlab.solara.MainActivity]#1](f:0,a:2) ERROR: releaseBufferCallback without corresponding submitted buffer bufferId:32495722561539 framenumber:52704
05-03 21:24:26.232 E/BLASTBufferQueue( 7566): [SurfaceView[com.solodevlab.solara/com.solodevlab.solara.MainActivity]#1](f:0,a:2) Faking releaseBufferCallback from transactionCompleteCallback 52705
05-03 21:24:26.330 E/BLASTBufferQueue( 7566): [SurfaceView[com.solodevlab.solara/com.solodevlab.solara.MainActivity]#1](f:0,a:2) ERROR: releaseBufferCallback without corresponding submitted buffer bufferId:32495722561540 framenumber:52705
05-03 21:24:26.330 E/BLASTBufferQueue( 7566): [SurfaceView[com.solodevlab.solara/com.solodevlab.solara.MainActivity]#1](f:0,a:2) Faking releaseBufferCallback from transactionCompleteCallback 52706
05-03 21:24:26.430 E/BLASTBufferQueue( 7566): [SurfaceView[com.solodevlab.solara/com.solodevlab.solara.MainActivity]#1](f:0,a:2) ERROR: releaseBufferCallback without corresponding submitted buffer bufferId:32495722561542 framenumber:52706
05-03 21:24:26.430 E/BLASTBufferQueue( 7566): [SurfaceView[com.solodevlab.solara/com.solodevlab.solara.MainActivity]#1](f:0,a:2) Faking releaseBufferCallback from transactionCompleteCallback 52707
05-03 21:24:26.531 E/BLASTBufferQueue( 7566): [SurfaceView[com.solodevlab.solara/com.solodevlab.solara.MainActivity]#1](f:0,a:2) ERROR: releaseBufferCallback without corresponding submitted buffer bufferId:32495722561539 framenumber:52707
05-03 21:24:26.531 E/BLASTBufferQueue( 7566): [SurfaceView[com.solodevlab.solara/com.solodevlab.solara.MainActivity]#1](f:0,a:2) Faking releaseBufferCallback from transactionCompleteCallback 52708
05-03 21:24:26.631 E/BLASTBufferQueue( 7566): [SurfaceView[com.solodevlab.solara/com.solodevlab.solara.MainActivity]#1](f:0,a:2) ERROR: releaseBufferCallback without corresponding submitted buffer bufferId:32495722561540 framenumber:52708
05-03 21:24:26.631 E/BLASTBufferQueue( 7566): [SurfaceView[com.solodevlab.solara/com.solodevlab.solara.MainActivity]#1](f:0,a:2) Faking releaseBufferCallback from transactionCompleteCallback 52709
05-03 21:24:26.742 E/BLASTBufferQueue( 7566): [SurfaceView[com.solodevlab.solara/com.solodevlab.solara.MainActivity]#1](f:0,a:2) ERROR: releaseBufferCallback without corresponding submitted buffer bufferId:32495722561542 framenumber:52709
05-03 21:24:26.743 E/BLASTBufferQueue( 7566): [SurfaceView[com.solodevlab.solara/com.solodevlab.solara.MainActivity]#1](f:0,a:2) Faking releaseBufferCallback from transactionCompleteCallback 52710
05-03 21:24:26.819 E/BLASTBufferQueue( 7566): [SurfaceView[com.solodevlab.solara/com.solodevlab.solara.MainActivity]#1](f:0,a:2) ERROR: releaseBufferCallback without corresponding submitted buffer bufferId:32495722561539 framenumber:52710
05-03 21:24:26.819 E/BLASTBufferQueue( 7566): [SurfaceView[com.solodevlab.solara/com.solodevlab.solara.MainActivity]#1](f:0,a:2) Faking releaseBufferCallback from transactionCompleteCallback 52711
05-03 21:24:26.922 E/BLASTBufferQueue( 7566): [SurfaceView[com.solodevlab.solara/com.solodevlab.solara.MainActivity]#1](f:0,a:2) ERROR: releaseBufferCallback without corresponding submitted buffer bufferId:32495722561540 framenumber:52711
05-03 21:24:26.923 E/BLASTBufferQueue( 7566): [SurfaceView[com.solodevlab.solara/com.solodevlab.solara.MainActivity]#1](f:0,a:2) Faking releaseBufferCallback from transactionCompleteCallback 52712
05-03 21:24:27.014 E/BLASTBufferQueue( 7566): [SurfaceView[com.solodevlab.solara/com.solodevlab.solara.MainActivity]#1](f:0,a:2) ERROR: releaseBufferCallback without corresponding submitted buffer bufferId:32495722561542 framenumber:52712
05-03 21:24:27.014 E/BLASTBufferQueue( 7566): [SurfaceView[com.solodevlab.solara/com.solodevlab.solara.MainActivity]#1](f:0,a:2) Faking releaseBufferCallback from transactionCompleteCallback 52713
05-03 21:24:27.115 E/BLASTBufferQueue( 7566): [SurfaceView[com.solodevlab.solara/com.solodevlab.solara.MainActivity]#1](f:0,a:2) ERROR: releaseBufferCallback without corresponding submitted buffer bufferId:32495722561539 framenumber:52713
05-03 21:24:27.115 E/BLASTBufferQueue( 7566): [SurfaceView[com.solodevlab.solara/com.solodevlab.solara.MainActivity]#1](f:0,a:2) Faking releaseBufferCallback from transactionCompleteCallback 52714
05-03 21:24:27.198 E/BLASTBufferQueue( 7566): [SurfaceView[com.solodevlab.solara/com.solodevlab.solara.MainActivity]#1](f:0,a:2) ERROR: releaseBufferCallback without corresponding submitted buffer bufferId:32495722561540 framenumber:52714
05-03 21:24:27.198 E/BLASTBufferQueue( 7566): [SurfaceView[com.solodevlab.solara/com.solodevlab.solara.MainActivity]#1](f:0,a:2) Faking releaseBufferCallback from transactionCompleteCallback 52715
05-03 21:24:27.316 E/BLASTBufferQueue( 7566): [SurfaceView[com.solodevlab.solara/com.solodevlab.solara.MainActivity]#1](f:0,a:2) ERROR: releaseBufferCallback without corresponding submitted buffer bufferId:32495722561542 framenumber:52715
05-03 21:24:27.316 E/BLASTBufferQueue( 7566): [SurfaceView[com.solodevlab.solara/com.solodevlab.solara.MainActivity]#1](f:0,a:2) Faking releaseBufferCallback from transactionCompleteCallback 52716
05-03 21:24:27.404 E/BLASTBufferQueue( 7566): [SurfaceView[com.solodevlab.solara/com.solodevlab.solara.MainActivity]#1](f:0,a:2) ERROR: releaseBufferCallback without corresponding submitted buffer bufferId:32495722561539 framenumber:52716
05-03 21:24:27.404 E/BLASTBufferQueue( 7566): [SurfaceView[com.solodevlab.solara/com.solodevlab.solara.MainActivity]#1](f:0,a:2) Faking releaseBufferCallback from transactionCompleteCallback 52717
05-03 21:24:27.501 E/BLASTBufferQueue( 7566): [SurfaceView[com.solodevlab.solara/com.solodevlab.solara.MainActivity]#1](f:0,a:2) ERROR: releaseBufferCallback without corresponding submitted buffer bufferId:32495722561540 framenumber:52717
05-03 21:24:27.501 E/BLASTBufferQueue( 7566): [SurfaceView[com.solodevlab.solara/com.solodevlab.solara.MainActivity]#1](f:0,a:2) Faking releaseBufferCallback from transactionCompleteCallback 52718
05-03 21:24:27.683 E/BLASTBufferQueue( 7566): [SurfaceView[com.solodevlab.solara/com.solodevlab.solara.MainActivity]#1](f:0,a:2) Faking releaseBufferCallback from transactionCompleteCallback 52720
05-03 21:24:27.784 E/BLASTBufferQueue( 7566): [SurfaceView[com.solodevlab.solara/com.solodevlab.solara.MainActivity]#1](f:0,a:2) ERROR: releaseBufferCallback without corresponding submitted buffer bufferId:32495722561540 framenumber:52720
05-03 21:24:27.784 E/BLASTBufferQueue( 7566): [SurfaceView[com.solodevlab.solara/com.solodevlab.solara.MainActivity]#1](f:0,a:2) Faking releaseBufferCallback from transactionCompleteCallback 52721
05-03 21:24:28.071 E/BLASTBufferQueue( 7566): [SurfaceView[com.solodevlab.solara/com.solodevlab.solara.MainActivity]#1](f:0,a:2) Faking releaseBufferCallback from transactionCompleteCallback 52724
05-03 21:24:28.166 E/BLASTBufferQueue( 7566): [SurfaceView[com.solodevlab.solara/com.solodevlab.solara.MainActivity]#1](f:0,a:2) ERROR: releaseBufferCallback without corresponding submitted buffer bufferId:32495722561542 framenumber:52724
05-03 21:24:28.166 E/BLASTBufferQueue( 7566): [SurfaceView[com.solodevlab.solara/com.solodevlab.solara.MainActivity]#1](f:0,a:2) Faking releaseBufferCallback from transactionCompleteCallback 52725
05-03 21:24:28.350 E/BLASTBufferQueue( 7566): [SurfaceView[com.solodevlab.solara/com.solodevlab.solara.MainActivity]#1](f:0,a:2) Faking releaseBufferCallback from transactionCompleteCallback 52727
05-03 21:24:28.450 E/BLASTBufferQueue( 7566): [SurfaceView[com.solodevlab.solara/com.solodevlab.solara.MainActivity]#1](f:0,a:2) ERROR: releaseBufferCallback without corresponding submitted buffer bufferId:32495722561542 framenumber:52727
05-03 21:24:28.450 E/BLASTBufferQueue( 7566): [SurfaceView[com.solodevlab.solara/com.solodevlab.solara.MainActivity]#1](f:0,a:2) Faking releaseBufferCallback from transactionCompleteCallback 52728
05-03 21:24:28.534 E/BLASTBufferQueue( 7566): [SurfaceView[com.solodevlab.solara/com.solodevlab.solara.MainActivity]#1](f:0,a:2) ERROR: releaseBufferCallback without corresponding submitted buffer bufferId:32495722561539 framenumber:52728
05-03 21:24:28.534 E/BLASTBufferQueue( 7566): [SurfaceView[com.solodevlab.solara/com.solodevlab.solara.MainActivity]#1](f:0,a:2) Faking releaseBufferCallback from transactionCompleteCallback 52729
05-03 21:24:28.634 E/BLASTBufferQueue( 7566): [SurfaceView[com.solodevlab.solara/com.solodevlab.solara.MainActivity]#1](f:0,a:2) ERROR: releaseBufferCallback without corresponding submitted buffer bufferId:32495722561540 framenumber:52729
05-03 21:24:28.636 E/BLASTBufferQueue( 7566): [SurfaceView[com.solodevlab.solara/com.solodevlab.solara.MainActivity]#1](f:0,a:2) Faking releaseBufferCallback from transactionCompleteCallback 52730
05-03 21:24:28.818 E/BLASTBufferQueue( 7566): [SurfaceView[com.solodevlab.solara/com.solodevlab.solara.MainActivity]#1](f:0,a:2) Faking releaseBufferCallback from transactionCompleteCallback 52732
05-03 21:24:28.918 E/BLASTBufferQueue( 7566): [SurfaceView[com.solodevlab.solara/com.solodevlab.solara.MainActivity]#1](f:0,a:2) ERROR: releaseBufferCallback without corresponding submitted buffer bufferId:32495722561540 framenumber:52732
05-03 21:24:28.918 E/BLASTBufferQueue( 7566): [SurfaceView[com.solodevlab.solara/com.solodevlab.solara.MainActivity]#1](f:0,a:2) Faking releaseBufferCallback from transactionCompleteCallback 52733
05-03 21:24:29.002 E/BLASTBufferQueue( 7566): [SurfaceView[com.solodevlab.solara/com.solodevlab.solara.MainActivity]#1](f:0,a:2) ERROR: releaseBufferCallback without corresponding submitted buffer bufferId:32495722561542 framenumber:52733
05-03 21:24:29.002 E/BLASTBufferQueue( 7566): [SurfaceView[com.solodevlab.solara/com.solodevlab.solara.MainActivity]#1](f:0,a:2) Faking releaseBufferCallback from transactionCompleteCallback 52734
05-03 21:24:40.820 E/BLASTBufferQueue( 7566): [SurfaceView[com.solodevlab.solara/com.solodevlab.solara.MainActivity]#1](f:0,a:2) Faking releaseBufferCallback from transactionCompleteCallback 52857
05-03 21:24:41.038 E/BLASTBufferQueue( 7566): [SurfaceView[com.solodevlab.solara/com.solodevlab.solara.MainActivity]#1](f:0,a:2) Faking releaseBufferCallback from transactionCompleteCallback 52859
05-03 21:24:41.155 E/BLASTBufferQueue( 7566): [SurfaceView[com.solodevlab.solara/com.solodevlab.solara.MainActivity]#1](f:0,a:2) ERROR: releaseBufferCallback without corresponding submitted buffer bufferId:32495722561542 framenumber:52859
05-03 21:24:41.155 E/BLASTBufferQueue( 7566): [SurfaceView[com.solodevlab.solara/com.solodevlab.solara.MainActivity]#1](f:0,a:2) Faking releaseBufferCallback from transactionCompleteCallback 52860
05-03 21:25:28.466 E/BLASTBufferQueue( 7566): [SurfaceView[com.solodevlab.solara/com.solodevlab.solara.MainActivity]#1](f:0,a:2) Faking releaseBufferCallback from transactionCompleteCallback 53425
05-03 21:25:28.518 E/BLASTBufferQueue( 7566): [SurfaceView[com.solodevlab.solara/com.solodevlab.solara.MainActivity]#1](f:0,a:2) ERROR: releaseBufferCallback without corresponding submitted buffer bufferId:32495722561540 framenumber:53425
05-03 21:25:28.518 E/BLASTBufferQueue( 7566): [SurfaceView[com.solodevlab.solara/com.solodevlab.solara.MainActivity]#1](f:0,a:2) Faking releaseBufferCallback from transactionCompleteCallback 53427
05-03 21:25:28.667 E/BLASTBufferQueue( 7566): [SurfaceView[com.solodevlab.solara/com.solodevlab.solara.MainActivity]#1](f:0,a:2) ERROR: releaseBufferCallback without corresponding submitted buffer bufferId:32495722561539 framenumber:53427
05-03 21:25:28.667 E/BLASTBufferQueue( 7566): [SurfaceView[com.solodevlab.solara/com.solodevlab.solara.MainActivity]#1](f:0,a:2) Faking releaseBufferCallback from transactionCompleteCallback 53435
05-03 21:25:28.867 E/BLASTBufferQueue( 7566): [SurfaceView[com.solodevlab.solara/com.solodevlab.solara.MainActivity]#1](f:0,a:2) ERROR: releaseBufferCallback without corresponding submitted buffer bufferId:32495722561542 framenumber:53435
05-03 21:25:28.867 E/BLASTBufferQueue( 7566): [SurfaceView[com.solodevlab.solara/com.solodevlab.solara.MainActivity]#1](f:0,a:2) Faking releaseBufferCallback from transactionCompleteCallback 53446
05-03 21:25:29.118 E/BLASTBufferQueue( 7566): [SurfaceView[com.solodevlab.solara/com.solodevlab.solara.MainActivity]#1](f:0,a:2) ERROR: releaseBufferCallback without corresponding submitted buffer bufferId:32495722561540 framenumber:53446
05-03 21:25:29.118 E/BLASTBufferQueue( 7566): [SurfaceView[com.solodevlab.solara/com.solodevlab.solara.MainActivity]#1](f:0,a:2) Faking releaseBufferCallback from transactionCompleteCallback 53460
05-03 21:25:29.269 E/BLASTBufferQueue( 7566): [SurfaceView[com.solodevlab.solara/com.solodevlab.solara.MainActivity]#1](f:0,a:2) ERROR: releaseBufferCallback without corresponding submitted buffer bufferId:32495722561539 framenumber:53460
05-03 21:25:29.269 E/BLASTBufferQueue( 7566): [SurfaceView[com.solodevlab.solara/com.solodevlab.solara.MainActivity]#1](f:0,a:2) Faking releaseBufferCallback from transactionCompleteCallback 53468
05-03 21:25:29.503 E/BLASTBufferQueue( 7566): [SurfaceView[com.solodevlab.solara/com.solodevlab.solara.MainActivity]#1](f:0,a:2) ERROR: releaseBufferCallback without corresponding submitted buffer bufferId:32495722561542 framenumber:53468
05-03 21:25:29.503 E/BLASTBufferQueue( 7566): [SurfaceView[com.solodevlab.solara/com.solodevlab.solara.MainActivity]#1](f:0,a:2) Faking releaseBufferCallback from transactionCompleteCallback 53481
05-03 21:25:29.720 E/BLASTBufferQueue( 7566): [SurfaceView[com.solodevlab.solara/com.solodevlab.solara.MainActivity]#1](f:0,a:2) ERROR: releaseBufferCallback without corresponding submitted buffer bufferId:32495722561539 framenumber:53481
05-03 21:25:29.720 E/BLASTBufferQueue( 7566): [SurfaceView[com.solodevlab.solara/com.solodevlab.solara.MainActivity]#1](f:0,a:2) Faking releaseBufferCallback from transactionCompleteCallback 53493
05-03 21:25:29.786 E/BLASTBufferQueue( 7566): [SurfaceView[com.solodevlab.solara/com.solodevlab.solara.MainActivity]#1](f:0,a:2) ERROR: releaseBufferCallback without corresponding submitted buffer bufferId:32495722561539 framenumber:53493
05-03 21:25:29.787 E/BLASTBufferQueue( 7566): [SurfaceView[com.solodevlab.solara/com.solodevlab.solara.MainActivity]#1](f:0,a:2) Faking releaseBufferCallback from transactionCompleteCallback 53496
05-03 21:25:29.820 E/BLASTBufferQueue( 7566): [SurfaceView[com.solodevlab.solara/com.solodevlab.solara.MainActivity]#1](f:0,a:2) ERROR: releaseBufferCallback without corresponding submitted buffer bufferId:32495722561539 framenumber:53496
05-03 21:25:29.820 E/BLASTBufferQueue( 7566): [SurfaceView[com.solodevlab.solara/com.solodevlab.solara.MainActivity]#1](f:0,a:2) Faking releaseBufferCallback from transactionCompleteCallback 53497
05-03 21:25:29.937 E/BLASTBufferQueue( 7566): [SurfaceView[com.solodevlab.solara/com.solodevlab.solara.MainActivity]#1](f:0,a:2) ERROR: releaseBufferCallback without corresponding submitted buffer bufferId:32495722561540 framenumber:53497
05-03 21:25:29.937 E/BLASTBufferQueue( 7566): [SurfaceView[com.solodevlab.solara/com.solodevlab.solara.MainActivity]#1](f:0,a:2) Faking releaseBufferCallback from transactionCompleteCallback 53503
05-03 21:25:30.004 E/BLASTBufferQueue( 7566): [SurfaceView[com.solodevlab.solara/com.solodevlab.solara.MainActivity]#1](f:0,a:2) ERROR: releaseBufferCallback without corresponding submitted buffer bufferId:32495722561540 framenumber:53503
05-03 21:25:30.004 E/BLASTBufferQueue( 7566): [SurfaceView[com.solodevlab.solara/com.solodevlab.solara.MainActivity]#1](f:0,a:2) Faking releaseBufferCallback from transactionCompleteCallback 53506
05-03 21:25:30.121 E/BLASTBufferQueue( 7566): [SurfaceView[com.solodevlab.solara/com.solodevlab.solara.MainActivity]#1](f:0,a:2) ERROR: releaseBufferCallback without corresponding submitted buffer bufferId:32495722561540 framenumber:53506
05-03 21:25:30.121 E/BLASTBufferQueue( 7566): [SurfaceView[com.solodevlab.solara/com.solodevlab.solara.MainActivity]#1](f:0,a:2) Faking releaseBufferCallback from transactionCompleteCallback 53512
05-03 21:25:30.187 E/BLASTBufferQueue( 7566): [SurfaceView[com.solodevlab.solara/com.solodevlab.solara.MainActivity]#1](f:0,a:2) ERROR: releaseBufferCallback without corresponding submitted buffer bufferId:32495722561540 framenumber:53512
05-03 21:25:30.188 E/BLASTBufferQueue( 7566): [SurfaceView[com.solodevlab.solara/com.solodevlab.solara.MainActivity]#1](f:0,a:2) Faking releaseBufferCallback from transactionCompleteCallback 53515
05-03 21:25:30.405 E/BLASTBufferQueue( 7566): [SurfaceView[com.solodevlab.solara/com.solodevlab.solara.MainActivity]#1](f:0,a:2) ERROR: releaseBufferCallback without corresponding submitted buffer bufferId:32495722561540 framenumber:53515
05-03 21:25:30.405 E/BLASTBufferQueue( 7566): [SurfaceView[com.solodevlab.solara/com.solodevlab.solara.MainActivity]#1](f:0,a:2) Faking releaseBufferCallback from transactionCompleteCallback 53525
05-03 21:25:30.455 E/BLASTBufferQueue( 7566): [SurfaceView[com.solodevlab.solara/com.solodevlab.solara.MainActivity]#1](f:0,a:2) ERROR: releaseBufferCallback without corresponding submitted buffer bufferId:32495722561542 framenumber:53525
05-03 21:25:30.455 E/BLASTBufferQueue( 7566): [SurfaceView[com.solodevlab.solara/com.solodevlab.solara.MainActivity]#1](f:0,a:2) Faking releaseBufferCallback from transactionCompleteCallback 53527
05-03 21:25:30.557 E/BLASTBufferQueue( 7566): [SurfaceView[com.solodevlab.solara/com.solodevlab.solara.MainActivity]#1](f:0,a:2) ERROR: releaseBufferCallback without corresponding submitted buffer bufferId:32495722561540 framenumber:53527
05-03 21:25:30.557 E/BLASTBufferQueue( 7566): [SurfaceView[com.solodevlab.solara/com.solodevlab.solara.MainActivity]#1](f:0,a:2) Faking releaseBufferCallback from transactionCompleteCallback 53532
05-03 21:25:30.589 E/BLASTBufferQueue( 7566): [SurfaceView[com.solodevlab.solara/com.solodevlab.solara.MainActivity]#1](f:0,a:2) ERROR: releaseBufferCallback without corresponding submitted buffer bufferId:32495722561539 framenumber:53532
05-03 21:25:30.589 E/BLASTBufferQueue( 7566): [SurfaceView[com.solodevlab.solara/com.solodevlab.solara.MainActivity]#1](f:0,a:2) Faking releaseBufferCallback from transactionCompleteCallback 53533
05-03 21:25:30.622 E/BLASTBufferQueue( 7566): [SurfaceView[com.solodevlab.solara/com.solodevlab.solara.MainActivity]#1](f:0,a:2) ERROR: releaseBufferCallback without corresponding submitted buffer bufferId:32495722561540 framenumber:53533
05-03 21:25:30.622 E/BLASTBufferQueue( 7566): [SurfaceView[com.solodevlab.solara/com.solodevlab.solara.MainActivity]#1](f:0,a:2) Faking releaseBufferCallback from transactionCompleteCallback 53534
05-03 21:25:30.722 E/BLASTBufferQueue( 7566): [SurfaceView[com.solodevlab.solara/com.solodevlab.solara.MainActivity]#1](f:0,a:2) ERROR: releaseBufferCallback without corresponding submitted buffer bufferId:32495722561542 framenumber:53534
05-03 21:25:30.722 E/BLASTBufferQueue( 7566): [SurfaceView[com.solodevlab.solara/com.solodevlab.solara.MainActivity]#1](f:0,a:2) Faking releaseBufferCallback from transactionCompleteCallback 53539
05-03 21:25:30.806 E/BLASTBufferQueue( 7566): [SurfaceView[com.solodevlab.solara/com.solodevlab.solara.MainActivity]#1](f:0,a:2) ERROR: releaseBufferCallback without corresponding submitted buffer bufferId:32495722561540 framenumber:53539
05-03 21:25:30.806 E/BLASTBufferQueue( 7566): [SurfaceView[com.solodevlab.solara/com.solodevlab.solara.MainActivity]#1](f:0,a:2) Faking releaseBufferCallback from transactionCompleteCallback 53543
05-03 21:25:30.839 E/BLASTBufferQueue( 7566): [SurfaceView[com.solodevlab.solara/com.solodevlab.solara.MainActivity]#1](f:0,a:2) ERROR: releaseBufferCallback without corresponding submitted buffer bufferId:32495722561542 framenumber:53543
05-03 21:25:30.840 E/BLASTBufferQueue( 7566): [SurfaceView[com.solodevlab.solara/com.solodevlab.solara.MainActivity]#1](f:0,a:2) Faking releaseBufferCallback from transactionCompleteCallback 53544
05-03 21:25:30.873 E/BLASTBufferQueue( 7566): [SurfaceView[com.solodevlab.solara/com.solodevlab.solara.MainActivity]#1](f:0,a:2) ERROR: releaseBufferCallback without corresponding submitted buffer bufferId:32495722561539 framenumber:53544
05-03 21:25:30.873 E/BLASTBufferQueue( 7566): [SurfaceView[com.solodevlab.solara/com.solodevlab.solara.MainActivity]#1](f:0,a:2) Faking releaseBufferCallback from transactionCompleteCallback 53545
05-03 21:25:30.908 E/BLASTBufferQueue( 7566): [SurfaceView[com.solodevlab.solara/com.solodevlab.solara.MainActivity]#1](f:0,a:2) ERROR: releaseBufferCallback without corresponding submitted buffer bufferId:32495722561540 framenumber:53545
05-03 21:25:30.908 E/BLASTBufferQueue( 7566): [SurfaceView[com.solodevlab.solara/com.solodevlab.solara.MainActivity]#1](f:0,a:2) Faking releaseBufferCallback from transactionCompleteCallback 53546
05-03 21:25:30.940 E/BLASTBufferQueue( 7566): [SurfaceView[com.solodevlab.solara/com.solodevlab.solara.MainActivity]#1](f:0,a:2) ERROR: releaseBufferCallback without corresponding submitted buffer bufferId:32495722561542 framenumber:53546
05-03 21:25:30.940 E/BLASTBufferQueue( 7566): [SurfaceView[com.solodevlab.solara/com.solodevlab.solara.MainActivity]#1](f:0,a:2) Faking releaseBufferCallback from transactionCompleteCallback 53547
05-03 21:25:30.973 E/BLASTBufferQueue( 7566): [SurfaceView[com.solodevlab.solara/com.solodevlab.solara.MainActivity]#1](f:0,a:2) ERROR: releaseBufferCallback without corresponding submitted buffer bufferId:32495722561539 framenumber:53547
05-03 21:25:30.973 E/BLASTBufferQueue( 7566): [SurfaceView[com.solodevlab.solara/com.solodevlab.solara.MainActivity]#1](f:0,a:2) Faking releaseBufferCallback from transactionCompleteCallback 53548
05-03 21:25:31.040 E/BLASTBufferQueue( 7566): [SurfaceView[com.solodevlab.solara/com.solodevlab.solara.MainActivity]#1](f:0,a:2) ERROR: releaseBufferCallback without corresponding submitted buffer bufferId:32495722561540 framenumber:53548
05-03 21:25:31.040 E/BLASTBufferQueue( 7566): [SurfaceView[com.solodevlab.solara/com.solodevlab.solara.MainActivity]#1](f:0,a:2) Faking releaseBufferCallback from transactionCompleteCallback 53551
05-03 21:25:31.106 E/BLASTBufferQueue( 7566): [SurfaceView[com.solodevlab.solara/com.solodevlab.solara.MainActivity]#1](f:0,a:2) Faking releaseBufferCallback from transactionCompleteCallback 53554
05-03 21:25:31.223 E/BLASTBufferQueue( 7566): [SurfaceView[com.solodevlab.solara/com.solodevlab.solara.MainActivity]#1](f:0,a:2) Faking releaseBufferCallback from transactionCompleteCallback 53560
05-03 21:25:31.324 E/BLASTBufferQueue( 7566): [SurfaceView[com.solodevlab.solara/com.solodevlab.solara.MainActivity]#1](f:0,a:2) ERROR: releaseBufferCallback without corresponding submitted buffer bufferId:32495722561540 framenumber:53560
05-03 21:25:31.324 E/BLASTBufferQueue( 7566): [SurfaceView[com.solodevlab.solara/com.solodevlab.solara.MainActivity]#1](f:0,a:2) Faking releaseBufferCallback from transactionCompleteCallback 53565
05-03 21:25:31.442 E/BLASTBufferQueue( 7566): [SurfaceView[com.solodevlab.solara/com.solodevlab.solara.MainActivity]#1](f:0,a:2) Faking releaseBufferCallback from transactionCompleteCallback 53568
05-03 21:25:31.507 E/BLASTBufferQueue( 7566): [SurfaceView[com.solodevlab.solara/com.solodevlab.solara.MainActivity]#1](f:0,a:2) ERROR: releaseBufferCallback without corresponding submitted buffer bufferId:32495722561539 framenumber:53568
05-03 21:25:31.507 E/BLASTBufferQueue( 7566): [SurfaceView[com.solodevlab.solara/com.solodevlab.solara.MainActivity]#1](f:0,a:2) Faking releaseBufferCallback from transactionCompleteCallback 53569
05-03 21:25:31.574 E/BLASTBufferQueue( 7566): [SurfaceView[com.solodevlab.solara/com.solodevlab.solara.MainActivity]#1](f:0,a:2) Faking releaseBufferCallback from transactionCompleteCallback 53572
05-03 21:25:31.624 E/BLASTBufferQueue( 7566): [SurfaceView[com.solodevlab.solara/com.solodevlab.solara.MainActivity]#1](f:0,a:2) ERROR: releaseBufferCallback without corresponding submitted buffer bufferId:32495722561540 framenumber:53572
05-03 21:25:31.625 E/BLASTBufferQueue( 7566): [SurfaceView[com.solodevlab.solara/com.solodevlab.solara.MainActivity]#1](f:0,a:2) Faking releaseBufferCallback from transactionCompleteCallback 53574
05-03 21:25:31.675 E/BLASTBufferQueue( 7566): [SurfaceView[com.solodevlab.solara/com.solodevlab.solara.MainActivity]#1](f:0,a:1) ERROR: releaseBufferCallback without corresponding submitted buffer bufferId:32495722561539 framenumber:53574
05-03 21:25:31.708 E/BLASTBufferQueue( 7566): [SurfaceView[com.solodevlab.solara/com.solodevlab.solara.MainActivity]#1](f:0,a:2) Faking releaseBufferCallback from transactionCompleteCallback 53579
05-03 21:25:31.826 E/BLASTBufferQueue( 7566): [SurfaceView[com.solodevlab.solara/com.solodevlab.solara.MainActivity]#1](f:0,a:1) ERROR: releaseBufferCallback without corresponding submitted buffer bufferId:32495722561542 framenumber:53579
05-03 21:25:31.842 E/BLASTBufferQueue( 7566): [SurfaceView[com.solodevlab.solara/com.solodevlab.solara.MainActivity]#1](f:0,a:2) Faking releaseBufferCallback from transactionCompleteCallback 53587
05-03 21:25:31.909 E/BLASTBufferQueue( 7566): [SurfaceView[com.solodevlab.solara/com.solodevlab.solara.MainActivity]#1](f:0,a:2) Faking releaseBufferCallback from transactionCompleteCallback 53590
05-03 21:25:31.942 E/BLASTBufferQueue( 7566): [SurfaceView[com.solodevlab.solara/com.solodevlab.solara.MainActivity]#1](f:0,a:1) ERROR: releaseBufferCallback without corresponding submitted buffer bufferId:32495722561540 framenumber:53590
05-03 21:25:31.959 E/BLASTBufferQueue( 7566): [SurfaceView[com.solodevlab.solara/com.solodevlab.solara.MainActivity]#1](f:0,a:2) Faking releaseBufferCallback from transactionCompleteCallback 53593
05-03 21:25:32.010 E/BLASTBufferQueue( 7566): [SurfaceView[com.solodevlab.solara/com.solodevlab.solara.MainActivity]#1](f:0,a:1) ERROR: releaseBufferCallback without corresponding submitted buffer bufferId:32495722561540 framenumber:53593
05-03 21:25:32.025 E/BLASTBufferQueue( 7566): [SurfaceView[com.solodevlab.solara/com.solodevlab.solara.MainActivity]#1](f:0,a:2) Faking releaseBufferCallback from transactionCompleteCallback 53597
05-03 21:25:32.077 E/BLASTBufferQueue( 7566): [SurfaceView[com.solodevlab.solara/com.solodevlab.solara.MainActivity]#1](f:0,a:1) ERROR: releaseBufferCallback without corresponding submitted buffer bufferId:32495722561542 framenumber:53597
05-03 21:25:32.109 E/BLASTBufferQueue( 7566): [SurfaceView[com.solodevlab.solara/com.solodevlab.solara.MainActivity]#1](f:0,a:2) Faking releaseBufferCallback from transactionCompleteCallback 53602
05-03 21:25:32.143 E/BLASTBufferQueue( 7566): [SurfaceView[com.solodevlab.solara/com.solodevlab.solara.MainActivity]#1](f:0,a:1) ERROR: releaseBufferCallback without corresponding submitted buffer bufferId:32495722561540 framenumber:53602
05-03 21:25:32.176 E/BLASTBufferQueue( 7566): [SurfaceView[com.solodevlab.solara/com.solodevlab.solara.MainActivity]#1](f:0,a:2) Faking releaseBufferCallback from transactionCompleteCallback 53606
05-03 21:25:32.276 E/BLASTBufferQueue( 7566): [SurfaceView[com.solodevlab.solara/com.solodevlab.solara.MainActivity]#1](f:0,a:2) Faking releaseBufferCallback from transactionCompleteCallback 53611
05-03 21:25:32.310 E/BLASTBufferQueue( 7566): [SurfaceView[com.solodevlab.solara/com.solodevlab.solara.MainActivity]#1](f:0,a:1) ERROR: releaseBufferCallback without corresponding submitted buffer bufferId:32495722561540 framenumber:53611
05-03 21:25:32.326 E/BLASTBufferQueue( 7566): [SurfaceView[com.solodevlab.solara/com.solodevlab.solara.MainActivity]#1](f:0,a:2) Faking releaseBufferCallback from transactionCompleteCallback 53614
05-03 21:25:32.378 E/BLASTBufferQueue( 7566): [SurfaceView[com.solodevlab.solara/com.solodevlab.solara.MainActivity]#1](f:0,a:1) ERROR: releaseBufferCallback without corresponding submitted buffer bufferId:32495722561540 framenumber:53614
05-03 21:25:32.410 E/BLASTBufferQueue( 7566): [SurfaceView[com.solodevlab.solara/com.solodevlab.solara.MainActivity]#1](f:0,a:2) Faking releaseBufferCallback from transactionCompleteCallback 53619
05-03 21:25:32.444 E/BLASTBufferQueue( 7566): [SurfaceView[com.solodevlab.solara/com.solodevlab.solara.MainActivity]#1](f:0,a:1) ERROR: releaseBufferCallback without corresponding submitted buffer bufferId:32495722561539 framenumber:53619
05-03 21:25:32.460 E/BLASTBufferQueue( 7566): [SurfaceView[com.solodevlab.solara/com.solodevlab.solara.MainActivity]#1](f:0,a:2) Faking releaseBufferCallback from transactionCompleteCallback 53622
05-03 21:25:32.477 E/BLASTBufferQueue( 7566): [SurfaceView[com.solodevlab.solara/com.solodevlab.solara.MainActivity]#1](f:0,a:1) ERROR: releaseBufferCallback without corresponding submitted buffer bufferId:32495722561539 framenumber:53622
05-03 21:25:32.510 E/BLASTBufferQueue( 7566): [SurfaceView[com.solodevlab.solara/com.solodevlab.solara.MainActivity]#1](f:0,a:2) Faking releaseBufferCallback from transactionCompleteCallback 53625
05-03 21:25:32.544 E/BLASTBufferQueue( 7566): [SurfaceView[com.solodevlab.solara/com.solodevlab.solara.MainActivity]#1](f:0,a:1) ERROR: releaseBufferCallback without corresponding submitted buffer bufferId:32495722561539 framenumber:53625
05-03 21:25:32.644 E/BLASTBufferQueue( 7566): [SurfaceView[com.solodevlab.solara/com.solodevlab.solara.MainActivity]#1](f:0,a:2) Faking releaseBufferCallback from transactionCompleteCallback 53632
05-03 21:25:32.661 E/BLASTBufferQueue( 7566): [SurfaceView[com.solodevlab.solara/com.solodevlab.solara.MainActivity]#1](f:0,a:1) ERROR: releaseBufferCallback without corresponding submitted buffer bufferId:32495722561540 framenumber:53632
05-03 21:25:32.677 E/BLASTBufferQueue( 7566): [SurfaceView[com.solodevlab.solara/com.solodevlab.solara.MainActivity]#1](f:0,a:2) Faking releaseBufferCallback from transactionCompleteCallback 53634
05-03 21:25:32.728 E/BLASTBufferQueue( 7566): [SurfaceView[com.solodevlab.solara/com.solodevlab.solara.MainActivity]#1](f:0,a:1) ERROR: releaseBufferCallback without corresponding submitted buffer bufferId:32495722561539 framenumber:53634
05-03 21:25:32.995 E/BLASTBufferQueue( 7566): [SurfaceView[com.solodevlab.solara/com.solodevlab.solara.MainActivity]#1](f:0,a:2) Faking releaseBufferCallback from transactionCompleteCallback 53653
05-03 21:25:33.046 E/BLASTBufferQueue( 7566): [SurfaceView[com.solodevlab.solara/com.solodevlab.solara.MainActivity]#1](f:0,a:2) ERROR: releaseBufferCallback without corresponding submitted buffer bufferId:32495722561540 framenumber:53653
05-03 21:25:33.078 E/BLASTBufferQueue( 7566): [SurfaceView[com.solodevlab.solara/com.solodevlab.solara.MainActivity]#1](f:0,a:2) Faking releaseBufferCallback from transactionCompleteCallback 53658
05-03 21:25:33.096 E/BLASTBufferQueue( 7566): [SurfaceView[com.solodevlab.solara/com.solodevlab.solara.MainActivity]#1](f:0,a:1) ERROR: releaseBufferCallback without corresponding submitted buffer bufferId:32495722561539 framenumber:53658
05-03 21:25:33.128 E/BLASTBufferQueue( 7566): [SurfaceView[com.solodevlab.solara/com.solodevlab.solara.MainActivity]#1](f:0,a:2) Faking releaseBufferCallback from transactionCompleteCallback 53661
05-03 21:25:33.162 E/BLASTBufferQueue( 7566): [SurfaceView[com.solodevlab.solara/com.solodevlab.solara.MainActivity]#1](f:0,a:1) ERROR: releaseBufferCallback without corresponding submitted buffer bufferId:32495722561539 framenumber:53661
05-03 21:25:33.179 E/BLASTBufferQueue( 7566): [SurfaceView[com.solodevlab.solara/com.solodevlab.solara.MainActivity]#1](f:0,a:2) Faking releaseBufferCallback from transactionCompleteCallback 53664
05-03 21:25:33.247 E/BLASTBufferQueue( 7566): [SurfaceView[com.solodevlab.solara/com.solodevlab.solara.MainActivity]#1](f:0,a:1) ERROR: releaseBufferCallback without corresponding submitted buffer bufferId:32495722561539 framenumber:53664
05-03 21:25:33.262 E/BLASTBufferQueue( 7566): [SurfaceView[com.solodevlab.solara/com.solodevlab.solara.MainActivity]#1](f:0,a:2) Faking releaseBufferCallback from transactionCompleteCallback 53669
05-03 21:25:33.330 E/BLASTBufferQueue( 7566): [SurfaceView[com.solodevlab.solara/com.solodevlab.solara.MainActivity]#1](f:0,a:1) ERROR: releaseBufferCallback without corresponding submitted buffer bufferId:32495722561542 framenumber:53669
05-03 21:25:33.346 E/BLASTBufferQueue( 7566): [SurfaceView[com.solodevlab.solara/com.solodevlab.solara.MainActivity]#1](f:0,a:2) Faking releaseBufferCallback from transactionCompleteCallback 53674
05-03 21:25:33.379 E/BLASTBufferQueue( 7566): [SurfaceView[com.solodevlab.solara/com.solodevlab.solara.MainActivity]#1](f:0,a:1) ERROR: releaseBufferCallback without corresponding submitted buffer bufferId:32495722561540 framenumber:53674
05-03 21:25:33.413 E/BLASTBufferQueue( 7566): [SurfaceView[com.solodevlab.solara/com.solodevlab.solara.MainActivity]#1](f:0,a:2) Faking releaseBufferCallback from transactionCompleteCallback 53678
05-03 21:25:33.447 E/BLASTBufferQueue( 7566): [SurfaceView[com.solodevlab.solara/com.solodevlab.solara.MainActivity]#1](f:0,a:1) ERROR: releaseBufferCallback without corresponding submitted buffer bufferId:32495722561542 framenumber:53678
05-03 21:25:33.462 E/BLASTBufferQueue( 7566): [SurfaceView[com.solodevlab.solara/com.solodevlab.solara.MainActivity]#1](f:0,a:2) Faking releaseBufferCallback from transactionCompleteCallback 53681
05-03 21:25:33.496 E/BLASTBufferQueue( 7566): [SurfaceView[com.solodevlab.solara/com.solodevlab.solara.MainActivity]#1](f:0,a:1) ERROR: releaseBufferCallback without corresponding submitted buffer bufferId:32495722561542 framenumber:53681
05-03 21:25:33.530 E/BLASTBufferQueue( 7566): [SurfaceView[com.solodevlab.solara/com.solodevlab.solara.MainActivity]#1](f:0,a:2) Faking releaseBufferCallback from transactionCompleteCallback 53685
05-03 21:25:33.563 E/BLASTBufferQueue( 7566): [SurfaceView[com.solodevlab.solara/com.solodevlab.solara.MainActivity]#1](f:0,a:1) ERROR: releaseBufferCallback without corresponding submitted buffer bufferId:32495722561539 framenumber:53685
05-03 21:25:33.580 E/BLASTBufferQueue( 7566): [SurfaceView[com.solodevlab.solara/com.solodevlab.solara.MainActivity]#1](f:0,a:2) Faking releaseBufferCallback from transactionCompleteCallback 53688
05-03 21:25:33.630 E/BLASTBufferQueue( 7566): [SurfaceView[com.solodevlab.solara/com.solodevlab.solara.MainActivity]#1](f:0,a:1) ERROR: releaseBufferCallback without corresponding submitted buffer bufferId:32495722561539 framenumber:53688
05-03 21:25:33.663 E/BLASTBufferQueue( 7566): [SurfaceView[com.solodevlab.solara/com.solodevlab.solara.MainActivity]#1](f:0,a:3) Faking releaseBufferCallback from transactionCompleteCallback 53693
05-03 21:25:33.681 E/BLASTBufferQueue( 7566): [SurfaceView[com.solodevlab.solara/com.solodevlab.solara.MainActivity]#1](f:0,a:1) ERROR: releaseBufferCallback without corresponding submitted buffer bufferId:32495722561542 framenumber:53693
05-03 21:25:33.696 E/BLASTBufferQueue( 7566): [SurfaceView[com.solodevlab.solara/com.solodevlab.solara.MainActivity]#1](f:0,a:2) Faking releaseBufferCallback from transactionCompleteCallback 53695
05-03 21:25:33.730 E/BLASTBufferQueue( 7566): [SurfaceView[com.solodevlab.solara/com.solodevlab.solara.MainActivity]#1](f:0,a:1) ERROR: releaseBufferCallback without corresponding submitted buffer bufferId:32495722561540 framenumber:53695
05-03 21:25:33.747 E/BLASTBufferQueue( 7566): [SurfaceView[com.solodevlab.solara/com.solodevlab.solara.MainActivity]#1](f:0,a:2) Faking releaseBufferCallback from transactionCompleteCallback 53698
05-03 21:25:33.764 E/BLASTBufferQueue( 7566): [SurfaceView[com.solodevlab.solara/com.solodevlab.solara.MainActivity]#1](f:0,a:1) ERROR: releaseBufferCallback without corresponding submitted buffer bufferId:32495722561540 framenumber:53698
05-03 21:25:33.780 E/BLASTBufferQueue( 7566): [SurfaceView[com.solodevlab.solara/com.solodevlab.solara.MainActivity]#1](f:0,a:2) Faking releaseBufferCallback from transactionCompleteCallback 53700
05-03 21:25:33.798 E/BLASTBufferQueue( 7566): [SurfaceView[com.solodevlab.solara/com.solodevlab.solara.MainActivity]#1](f:0,a:1) ERROR: releaseBufferCallback without corresponding submitted buffer bufferId:32495722561539 framenumber:53700
05-03 21:25:33.813 E/BLASTBufferQueue( 7566): [SurfaceView[com.solodevlab.solara/com.solodevlab.solara.MainActivity]#1](f:0,a:2) Faking releaseBufferCallback from transactionCompleteCallback 53702
05-03 21:25:33.931 E/BLASTBufferQueue( 7566): [SurfaceView[com.solodevlab.solara/com.solodevlab.solara.MainActivity]#1](f:0,a:1) ERROR: releaseBufferCallback without corresponding submitted buffer bufferId:32495722561542 framenumber:53702
05-03 21:25:33.947 E/BLASTBufferQueue( 7566): [SurfaceView[com.solodevlab.solara/com.solodevlab.solara.MainActivity]#1](f:0,a:2) Faking releaseBufferCallback from transactionCompleteCallback 53710
05-03 21:25:33.981 E/BLASTBufferQueue( 7566): [SurfaceView[com.solodevlab.solara/com.solodevlab.solara.MainActivity]#1](f:0,a:1) ERROR: releaseBufferCallback without corresponding submitted buffer bufferId:32495722561540 framenumber:53710
05-03 21:25:33.998 E/BLASTBufferQueue( 7566): [SurfaceView[com.solodevlab.solara/com.solodevlab.solara.MainActivity]#1](f:0,a:2) Faking releaseBufferCallback from transactionCompleteCallback 53713
05-03 21:25:34.114 E/BLASTBufferQueue( 7566): [SurfaceView[com.solodevlab.solara/com.solodevlab.solara.MainActivity]#1](f:0,a:2) Faking releaseBufferCallback from transactionCompleteCallback 53719
05-03 21:25:34.148 E/BLASTBufferQueue( 7566): [SurfaceView[com.solodevlab.solara/com.solodevlab.solara.MainActivity]#1](f:0,a:1) ERROR: releaseBufferCallback without corresponding submitted buffer bufferId:32495722561540 framenumber:53719
05-03 21:25:34.164 E/BLASTBufferQueue( 7566): [SurfaceView[com.solodevlab.solara/com.solodevlab.solara.MainActivity]#1](f:0,a:2) Faking releaseBufferCallback from transactionCompleteCallback 53722
05-03 21:25:34.182 E/BLASTBufferQueue( 7566): [SurfaceView[com.solodevlab.solara/com.solodevlab.solara.MainActivity]#1](f:0,a:1) ERROR: releaseBufferCallback without corresponding submitted buffer bufferId:32495722561540 framenumber:53722
05-03 21:25:34.198 E/BLASTBufferQueue( 7566): [SurfaceView[com.solodevlab.solara/com.solodevlab.solara.MainActivity]#1](f:0,a:2) Faking releaseBufferCallback from transactionCompleteCallback 53724
05-03 21:25:34.232 E/BLASTBufferQueue( 7566): [SurfaceView[com.solodevlab.solara/com.solodevlab.solara.MainActivity]#1](f:0,a:2) ERROR: releaseBufferCallback without corresponding submitted buffer bufferId:32495722561539 framenumber:53724
05-03 21:25:34.265 E/BLASTBufferQueue( 7566): [SurfaceView[com.solodevlab.solara/com.solodevlab.solara.MainActivity]#1](f:0,a:2) Faking releaseBufferCallback from transactionCompleteCallback 53728
05-03 21:25:34.299 E/BLASTBufferQueue( 7566): [SurfaceView[com.solodevlab.solara/com.solodevlab.solara.MainActivity]#1](f:0,a:2) ERROR: releaseBufferCallback without corresponding submitted buffer bufferId:32495722561540 framenumber:53728
05-03 21:25:34.331 E/BLASTBufferQueue( 7566): [SurfaceView[com.solodevlab.solara/com.solodevlab.solara.MainActivity]#1](f:0,a:2) Faking releaseBufferCallback from transactionCompleteCallback 53732
05-03 21:25:34.365 E/BLASTBufferQueue( 7566): [SurfaceView[com.solodevlab.solara/com.solodevlab.solara.MainActivity]#1](f:0,a:1) ERROR: releaseBufferCallback without corresponding submitted buffer bufferId:32495722561542 framenumber:53732
05-03 21:25:34.382 E/BLASTBufferQueue( 7566): [SurfaceView[com.solodevlab.solara/com.solodevlab.solara.MainActivity]#1](f:0,a:2) Faking releaseBufferCallback from transactionCompleteCallback 53735
05-03 21:25:34.399 E/BLASTBufferQueue( 7566): [SurfaceView[com.solodevlab.solara/com.solodevlab.solara.MainActivity]#1](f:0,a:1) ERROR: releaseBufferCallback without corresponding submitted buffer bufferId:32495722561542 framenumber:53735
05-03 21:25:34.415 E/BLASTBufferQueue( 7566): [SurfaceView[com.solodevlab.solara/com.solodevlab.solara.MainActivity]#1](f:0,a:2) Faking releaseBufferCallback from transactionCompleteCallback 53737
05-03 21:25:34.449 E/BLASTBufferQueue( 7566): [SurfaceView[com.solodevlab.solara/com.solodevlab.solara.MainActivity]#1](f:0,a:1) ERROR: releaseBufferCallback without corresponding submitted buffer bufferId:32495722561540 framenumber:53737
05-03 21:25:34.465 E/BLASTBufferQueue( 7566): [SurfaceView[com.solodevlab.solara/com.solodevlab.solara.MainActivity]#1](f:0,a:2) Faking releaseBufferCallback from transactionCompleteCallback 53740
05-03 21:25:34.499 E/BLASTBufferQueue( 7566): [SurfaceView[com.solodevlab.solara/com.solodevlab.solara.MainActivity]#1](f:0,a:1) ERROR: releaseBufferCallback without corresponding submitted buffer bufferId:32495722561540 framenumber:53740
05-03 21:25:34.532 E/BLASTBufferQueue( 7566): [SurfaceView[com.solodevlab.solara/com.solodevlab.solara.MainActivity]#1](f:0,a:2) Faking releaseBufferCallback from transactionCompleteCallback 53744
05-03 21:25:34.584 E/BLASTBufferQueue( 7566): [SurfaceView[com.solodevlab.solara/com.solodevlab.solara.MainActivity]#1](f:0,a:1) ERROR: releaseBufferCallback without corresponding submitted buffer bufferId:32495722561542 framenumber:53744
05-03 21:25:34.599 E/BLASTBufferQueue( 7566): [SurfaceView[com.solodevlab.solara/com.solodevlab.solara.MainActivity]#1](f:0,a:2) Faking releaseBufferCallback from transactionCompleteCallback 53748
05-03 21:25:34.634 E/BLASTBufferQueue( 7566): [SurfaceView[com.solodevlab.solara/com.solodevlab.solara.MainActivity]#1](f:0,a:2) ERROR: releaseBufferCallback without corresponding submitted buffer bufferId:32495722561539 framenumber:53748
05-03 21:25:34.666 E/BLASTBufferQueue( 7566): [SurfaceView[com.solodevlab.solara/com.solodevlab.solara.MainActivity]#1](f:0,a:2) Faking releaseBufferCallback from transactionCompleteCallback 53752
05-03 21:25:34.700 E/BLASTBufferQueue( 7566): [SurfaceView[com.solodevlab.solara/com.solodevlab.solara.MainActivity]#1](f:0,a:1) ERROR: releaseBufferCallback without corresponding submitted buffer bufferId:32495722561540 framenumber:53752
05-03 21:25:34.716 E/BLASTBufferQueue( 7566): [SurfaceView[com.solodevlab.solara/com.solodevlab.solara.MainActivity]#1](f:0,a:2) Faking releaseBufferCallback from transactionCompleteCallback 53755
05-03 21:25:34.750 E/BLASTBufferQueue( 7566): [SurfaceView[com.solodevlab.solara/com.solodevlab.solara.MainActivity]#1](f:0,a:2) ERROR: releaseBufferCallback without corresponding submitted buffer bufferId:32495722561540 framenumber:53755
05-03 21:25:34.783 E/BLASTBufferQueue( 7566): [SurfaceView[com.solodevlab.solara/com.solodevlab.solara.MainActivity]#1](f:0,a:2) Faking releaseBufferCallback from transactionCompleteCallback 53759
05-03 21:25:34.834 E/BLASTBufferQueue( 7566): [SurfaceView[com.solodevlab.solara/com.solodevlab.solara.MainActivity]#1](f:0,a:2) ERROR: releaseBufferCallback without corresponding submitted buffer bufferId:32495722561542 framenumber:53759
05-03 21:25:34.866 E/BLASTBufferQueue( 7566): [SurfaceView[com.solodevlab.solara/com.solodevlab.solara.MainActivity]#1](f:0,a:2) Faking releaseBufferCallback from transactionCompleteCallback 53764
05-03 21:25:34.900 E/BLASTBufferQueue( 7566): [SurfaceView[com.solodevlab.solara/com.solodevlab.solara.MainActivity]#1](f:0,a:1) ERROR: releaseBufferCallback without corresponding submitted buffer bufferId:32495722561540 framenumber:53764
05-03 21:25:34.916 E/BLASTBufferQueue( 7566): [SurfaceView[com.solodevlab.solara/com.solodevlab.solara.MainActivity]#1](f:0,a:2) Faking releaseBufferCallback from transactionCompleteCallback 53767
05-03 21:25:34.968 E/BLASTBufferQueue( 7566): [SurfaceView[com.solodevlab.solara/com.solodevlab.solara.MainActivity]#1](f:0,a:1) ERROR: releaseBufferCallback without corresponding submitted buffer bufferId:32495722561540 framenumber:53767
05-03 21:25:34.983 E/BLASTBufferQueue( 7566): [SurfaceView[com.solodevlab.solara/com.solodevlab.solara.MainActivity]#1](f:0,a:2) Faking releaseBufferCallback from transactionCompleteCallback 53771
05-03 21:25:35.000 E/BLASTBufferQueue( 7566): [SurfaceView[com.solodevlab.solara/com.solodevlab.solara.MainActivity]#1](f:0,a:1) ERROR: releaseBufferCallback without corresponding submitted buffer bufferId:32495722561542 framenumber:53771
05-03 21:25:35.083 E/BLASTBufferQueue( 7566): [SurfaceView[com.solodevlab.solara/com.solodevlab.solara.MainActivity]#1](f:0,a:3) Faking releaseBufferCallback from transactionCompleteCallback 53776
05-03 21:25:35.101 E/BLASTBufferQueue( 7566): [SurfaceView[com.solodevlab.solara/com.solodevlab.solara.MainActivity]#1](f:0,a:1) ERROR: releaseBufferCallback without corresponding submitted buffer bufferId:32495722561540 framenumber:53776
05-03 21:25:35.117 E/BLASTBufferQueue( 7566): [SurfaceView[com.solodevlab.solara/com.solodevlab.solara.MainActivity]#1](f:0,a:2) Faking releaseBufferCallback from transactionCompleteCallback 53778
05-03 21:25:35.151 E/BLASTBufferQueue( 7566): [SurfaceView[com.solodevlab.solara/com.solodevlab.solara.MainActivity]#1](f:0,a:2) ERROR: releaseBufferCallback without corresponding submitted buffer bufferId:32495722561539 framenumber:53778
05-03 21:25:35.184 E/BLASTBufferQueue( 7566): [SurfaceView[com.solodevlab.solara/com.solodevlab.solara.MainActivity]#1](f:0,a:2) Faking releaseBufferCallback from transactionCompleteCallback 53782
05-03 21:25:35.217 E/BLASTBufferQueue( 7566): [SurfaceView[com.solodevlab.solara/com.solodevlab.solara.MainActivity]#1](f:0,a:2) ERROR: releaseBufferCallback without corresponding submitted buffer bufferId:32495722561540 framenumber:53782
05-03 21:25:35.250 E/BLASTBufferQueue( 7566): [SurfaceView[com.solodevlab.solara/com.solodevlab.solara.MainActivity]#1](f:0,a:2) Faking releaseBufferCallback from transactionCompleteCallback 53786
05-03 21:25:35.284 E/BLASTBufferQueue( 7566): [SurfaceView[com.solodevlab.solara/com.solodevlab.solara.MainActivity]#1](f:0,a:1) ERROR: releaseBufferCallback without corresponding submitted buffer bufferId:32495722561542 framenumber:53786
05-03 21:25:35.300 E/BLASTBufferQueue( 7566): [SurfaceView[com.solodevlab.solara/com.solodevlab.solara.MainActivity]#1](f:0,a:2) Faking releaseBufferCallback from transactionCompleteCallback 53789
05-03 21:25:35.367 E/BLASTBufferQueue( 7566): [SurfaceView[com.solodevlab.solara/com.solodevlab.solara.MainActivity]#1](f:0,a:2) Faking releaseBufferCallback from transactionCompleteCallback 53792
05-03 21:25:35.419 E/BLASTBufferQueue( 7566): [SurfaceView[com.solodevlab.solara/com.solodevlab.solara.MainActivity]#1](f:0,a:2) ERROR: releaseBufferCallback without corresponding submitted buffer bufferId:32495722561542 framenumber:53792
05-03 21:25:35.451 E/BLASTBufferQueue( 7566): [SurfaceView[com.solodevlab.solara/com.solodevlab.solara.MainActivity]#1](f:0,a:2) Faking releaseBufferCallback from transactionCompleteCallback 53797
05-03 21:25:35.485 E/BLASTBufferQueue( 7566): [SurfaceView[com.solodevlab.solara/com.solodevlab.solara.MainActivity]#1](f:0,a:1) ERROR: releaseBufferCallback without corresponding submitted buffer bufferId:32495722561540 framenumber:53797
05-03 21:25:35.501 E/BLASTBufferQueue( 7566): [SurfaceView[com.solodevlab.solara/com.solodevlab.solara.MainActivity]#1](f:0,a:2) Faking releaseBufferCallback from transactionCompleteCallback 53800
05-03 21:25:35.536 E/BLASTBufferQueue( 7566): [SurfaceView[com.solodevlab.solara/com.solodevlab.solara.MainActivity]#1](f:0,a:1) ERROR: releaseBufferCallback without corresponding submitted buffer bufferId:32495722561540 framenumber:53800
05-03 21:25:35.551 E/BLASTBufferQueue( 7566): [SurfaceView[com.solodevlab.solara/com.solodevlab.solara.MainActivity]#1](f:0,a:2) Faking releaseBufferCallback from transactionCompleteCallback 53803
05-03 21:25:35.602 E/BLASTBufferQueue( 7566): [SurfaceView[com.solodevlab.solara/com.solodevlab.solara.MainActivity]#1](f:0,a:1) ERROR: releaseBufferCallback without corresponding submitted buffer bufferId:32495722561540 framenumber:53803
05-03 21:25:35.618 E/BLASTBufferQueue( 7566): [SurfaceView[com.solodevlab.solara/com.solodevlab.solara.MainActivity]#1](f:0,a:2) Faking releaseBufferCallback from transactionCompleteCallback 53807
05-03 21:25:35.652 E/BLASTBufferQueue( 7566): [SurfaceView[com.solodevlab.solara/com.solodevlab.solara.MainActivity]#1](f:0,a:1) ERROR: releaseBufferCallback without corresponding submitted buffer bufferId:32495722561542 framenumber:53807
05-03 21:25:35.685 E/BLASTBufferQueue( 7566): [SurfaceView[com.solodevlab.solara/com.solodevlab.solara.MainActivity]#1](f:0,a:2) Faking releaseBufferCallback from transactionCompleteCallback 53811
05-03 21:25:35.719 E/BLASTBufferQueue( 7566): [SurfaceView[com.solodevlab.solara/com.solodevlab.solara.MainActivity]#1](f:0,a:1) ERROR: releaseBufferCallback without corresponding submitted buffer bufferId:32495722561539 framenumber:53811
05-03 21:25:35.735 E/BLASTBufferQueue( 7566): [SurfaceView[com.solodevlab.solara/com.solodevlab.solara.MainActivity]#1](f:0,a:2) Faking releaseBufferCallback from transactionCompleteCallback 53814
05-03 21:25:35.770 E/BLASTBufferQueue( 7566): [SurfaceView[com.solodevlab.solara/com.solodevlab.solara.MainActivity]#1](f:0,a:2) ERROR: releaseBufferCallback without corresponding submitted buffer bufferId:32495722561539 framenumber:53814
05-03 21:25:35.802 E/BLASTBufferQueue( 7566): [SurfaceView[com.solodevlab.solara/com.solodevlab.solara.MainActivity]#1](f:0,a:2) Faking releaseBufferCallback from transactionCompleteCallback 53818
05-03 21:25:35.853 E/BLASTBufferQueue( 7566): [SurfaceView[com.solodevlab.solara/com.solodevlab.solara.MainActivity]#1](f:0,a:1) ERROR: releaseBufferCallback without corresponding submitted buffer bufferId:32495722561540 framenumber:53818
05-03 21:25:35.868 E/BLASTBufferQueue( 7566): [SurfaceView[com.solodevlab.solara/com.solodevlab.solara.MainActivity]#1](f:0,a:2) Faking releaseBufferCallback from transactionCompleteCallback 53822
05-03 21:25:35.935 E/BLASTBufferQueue( 7566): [SurfaceView[com.solodevlab.solara/com.solodevlab.solara.MainActivity]#1](f:0,a:2) ERROR: releaseBufferCallback without corresponding submitted buffer bufferId:32495722561542 framenumber:53822
05-03 21:25:35.935 E/BLASTBufferQueue( 7566): [SurfaceView[com.solodevlab.solara/com.solodevlab.solara.MainActivity]#1](f:0,a:2) Faking releaseBufferCallback from transactionCompleteCallback 53825
05-03 21:25:35.969 E/BLASTBufferQueue( 7566): [SurfaceView[com.solodevlab.solara/com.solodevlab.solara.MainActivity]#1](f:0,a:1) ERROR: releaseBufferCallback without corresponding submitted buffer bufferId:32495722561542 framenumber:53825
05-03 21:25:37.005 E/BLASTBufferQueue( 7566): [SurfaceView[com.solodevlab.solara/com.solodevlab.solara.MainActivity]#1](f:0,a:2) Faking releaseBufferCallback from transactionCompleteCallback 53889
05-03 21:25:37.039 E/BLASTBufferQueue( 7566): [SurfaceView[com.solodevlab.solara/com.solodevlab.solara.MainActivity]#1](f:0,a:1) ERROR: releaseBufferCallback without corresponding submitted buffer bufferId:32495722561539 framenumber:53889
05-03 21:25:37.055 E/BLASTBufferQueue( 7566): [SurfaceView[com.solodevlab.solara/com.solodevlab.solara.MainActivity]#1](f:0,a:2) Faking releaseBufferCallback from transactionCompleteCallback 53892
05-03 21:25:37.089 E/BLASTBufferQueue( 7566): [SurfaceView[com.solodevlab.solara/com.solodevlab.solara.MainActivity]#1](f:0,a:2) ERROR: releaseBufferCallback without corresponding submitted buffer bufferId:32495722561539 framenumber:53892
05-03 21:25:40.564 E/BLASTBufferQueue( 7566): [SurfaceView[com.solodevlab.solara/com.solodevlab.solara.MainActivity]#1](f:0,a:2) Faking releaseBufferCallback from transactionCompleteCallback 54102
05-03 21:25:40.665 E/BLASTBufferQueue( 7566): [SurfaceView[com.solodevlab.solara/com.solodevlab.solara.MainActivity]#1](f:0,a:2) Faking releaseBufferCallback from transactionCompleteCallback 54105
05-03 21:25:40.697 E/BLASTBufferQueue( 7566): [SurfaceView[com.solodevlab.solara/com.solodevlab.solara.MainActivity]#1](f:0,a:2) ERROR: releaseBufferCallback without corresponding submitted buffer bufferId:32495722561539 framenumber:54105
05-03 21:25:40.697 E/BLASTBufferQueue( 7566): [SurfaceView[com.solodevlab.solara/com.solodevlab.solara.MainActivity]#1](f:0,a:2) Faking releaseBufferCallback from transactionCompleteCallback 54106
05-03 21:25:41.265 E/BLASTBufferQueue( 7566): [SurfaceView[com.solodevlab.solara/com.solodevlab.solara.MainActivity]#1](f:0,a:3) Faking releaseBufferCallback from transactionCompleteCallback 54137
05-03 21:25:41.283 E/BLASTBufferQueue( 7566): [SurfaceView[com.solodevlab.solara/com.solodevlab.solara.MainActivity]#1](f:0,a:2) ERROR: releaseBufferCallback without corresponding submitted buffer bufferId:32495722561542 framenumber:54137
05-03 21:25:41.717 E/BLASTBufferQueue( 7566): [SurfaceView[com.solodevlab.solara/com.solodevlab.solara.MainActivity]#1](f:0,a:2) Faking releaseBufferCallback from transactionCompleteCallback 54164
05-03 21:25:41.751 E/BLASTBufferQueue( 7566): [SurfaceView[com.solodevlab.solara/com.solodevlab.solara.MainActivity]#1](f:0,a:1) ERROR: releaseBufferCallback without corresponding submitted buffer bufferId:32495722561542 framenumber:54164
05-03 21:25:42.385 E/BLASTBufferQueue( 7566): [SurfaceView[com.solodevlab.solara/com.solodevlab.solara.MainActivity]#1](f:0,a:3) Faking releaseBufferCallback from transactionCompleteCallback 54204
05-03 21:25:42.403 E/BLASTBufferQueue( 7566): [SurfaceView[com.solodevlab.solara/com.solodevlab.solara.MainActivity]#1](f:0,a:2) ERROR: releaseBufferCallback without corresponding submitted buffer bufferId:32495722561539 framenumber:54204
05-03 21:25:42.435 E/BLASTBufferQueue( 7566): [SurfaceView[com.solodevlab.solara/com.solodevlab.solara.MainActivity]#1](f:0,a:2) Faking releaseBufferCallback from transactionCompleteCallback 54207
05-03 21:25:42.453 E/BLASTBufferQueue( 7566): [SurfaceView[com.solodevlab.solara/com.solodevlab.solara.MainActivity]#1](f:0,a:2) ERROR: releaseBufferCallback without corresponding submitted buffer bufferId:32495722561539 framenumber:54207
05-03 21:25:44.273 E/BLASTBufferQueue( 7566): [SurfaceView[com.solodevlab.solara/com.solodevlab.solara.MainActivity]#1](f:0,a:2) Faking releaseBufferCallback from transactionCompleteCallback 54317
05-03 21:25:45.192 E/BLASTBufferQueue( 7566): [SurfaceView[com.solodevlab.solara/com.solodevlab.solara.MainActivity]#1](f:0,a:3) Faking releaseBufferCallback from transactionCompleteCallback 54371
05-03 21:25:45.211 E/BLASTBufferQueue( 7566): [SurfaceView[com.solodevlab.solara/com.solodevlab.solara.MainActivity]#1](f:0,a:2) ERROR: releaseBufferCallback without corresponding submitted buffer bufferId:32495722561542 framenumber:54371
05-03 21:25:45.433 E/BLASTBufferQueue( 7566): [SurfaceView[com.solodevlab.solara/com.solodevlab.solara.MainActivity]#1](f:0,a:3) Faking releaseBufferCallback from transactionCompleteCallback 54385
05-03 21:25:45.443 E/BLASTBufferQueue( 7566): [SurfaceView[com.solodevlab.solara/com.solodevlab.solara.MainActivity]#1](f:0,a:2) ERROR: releaseBufferCallback without corresponding submitted buffer bufferId:32495722561540 framenumber:54385
05-03 21:25:46.529 E/BLASTBufferQueue( 7566): [SurfaceView[com.solodevlab.solara/com.solodevlab.solara.MainActivity]#1](f:0,a:3) Faking releaseBufferCallback from transactionCompleteCallback 54451
05-03 21:25:46.546 E/BLASTBufferQueue( 7566): [SurfaceView[com.solodevlab.solara/com.solodevlab.solara.MainActivity]#1](f:0,a:2) ERROR: releaseBufferCallback without corresponding submitted buffer bufferId:32495722561540 framenumber:54451
05-03 21:25:48.104 E/BLASTBufferQueue( 7566): [SurfaceView[com.solodevlab.solara/com.solodevlab.solara.MainActivity]#1](f:0,a:2) Faking releaseBufferCallback from transactionCompleteCallback 54536
05-03 21:25:48.199 E/BLASTBufferQueue( 7566): [SurfaceView[com.solodevlab.solara/com.solodevlab.solara.MainActivity]#1](f:0,a:2) ERROR: releaseBufferCallback without corresponding submitted buffer bufferId:32495722561542 framenumber:54536
05-03 21:25:48.199 E/BLASTBufferQueue( 7566): [SurfaceView[com.solodevlab.solara/com.solodevlab.solara.MainActivity]#1](f:0,a:2) Faking releaseBufferCallback from transactionCompleteCallback 54537
05-03 21:25:48.300 E/BLASTBufferQueue( 7566): [SurfaceView[com.solodevlab.solara/com.solodevlab.solara.MainActivity]#1](f:0,a:2) ERROR: releaseBufferCallback without corresponding submitted buffer bufferId:32495722561539 framenumber:54537
05-03 21:25:48.300 E/BLASTBufferQueue( 7566): [SurfaceView[com.solodevlab.solara/com.solodevlab.solara.MainActivity]#1](f:0,a:2) Faking releaseBufferCallback from transactionCompleteCallback 54538
05-03 21:25:48.400 E/BLASTBufferQueue( 7566): [SurfaceView[com.solodevlab.solara/com.solodevlab.solara.MainActivity]#1](f:0,a:2) ERROR: releaseBufferCallback without corresponding submitted buffer bufferId:32495722561540 framenumber:54538
05-03 21:25:48.400 E/BLASTBufferQueue( 7566): [SurfaceView[com.solodevlab.solara/com.solodevlab.solara.MainActivity]#1](f:0,a:2) Faking releaseBufferCallback from transactionCompleteCallback 54539
05-03 21:25:48.483 E/BLASTBufferQueue( 7566): [SurfaceView[com.solodevlab.solara/com.solodevlab.solara.MainActivity]#1](f:0,a:2) ERROR: releaseBufferCallback without corresponding submitted buffer bufferId:32495722561542 framenumber:54539
05-03 21:25:48.483 E/BLASTBufferQueue( 7566): [SurfaceView[com.solodevlab.solara/com.solodevlab.solara.MainActivity]#1](f:0,a:2) Faking releaseBufferCallback from transactionCompleteCallback 54540
05-03 21:25:48.584 E/BLASTBufferQueue( 7566): [SurfaceView[com.solodevlab.solara/com.solodevlab.solara.MainActivity]#1](f:0,a:2) ERROR: releaseBufferCallback without corresponding submitted buffer bufferId:32495722561539 framenumber:54540
05-03 21:25:48.584 E/BLASTBufferQueue( 7566): [SurfaceView[com.solodevlab.solara/com.solodevlab.solara.MainActivity]#1](f:0,a:2) Faking releaseBufferCallback from transactionCompleteCallback 54541
05-03 21:25:48.684 E/BLASTBufferQueue( 7566): [SurfaceView[com.solodevlab.solara/com.solodevlab.solara.MainActivity]#1](f:0,a:2) ERROR: releaseBufferCallback without corresponding submitted buffer bufferId:32495722561540 framenumber:54541
05-03 21:25:48.684 E/BLASTBufferQueue( 7566): [SurfaceView[com.solodevlab.solara/com.solodevlab.solara.MainActivity]#1](f:0,a:2) Faking releaseBufferCallback from transactionCompleteCallback 54542
05-03 21:25:48.868 E/BLASTBufferQueue( 7566): [SurfaceView[com.solodevlab.solara/com.solodevlab.solara.MainActivity]#1](f:0,a:2) Faking releaseBufferCallback from transactionCompleteCallback 54544
05-03 21:25:48.977 E/BLASTBufferQueue( 7566): [SurfaceView[com.solodevlab.solara/com.solodevlab.solara.MainActivity]#1](f:0,a:2) ERROR: releaseBufferCallback without corresponding submitted buffer bufferId:32495722561540 framenumber:54544
05-03 21:25:48.977 E/BLASTBufferQueue( 7566): [SurfaceView[com.solodevlab.solara/com.solodevlab.solara.MainActivity]#1](f:0,a:2) Faking releaseBufferCallback from transactionCompleteCallback 54545
05-03 21:25:49.069 E/BLASTBufferQueue( 7566): [SurfaceView[com.solodevlab.solara/com.solodevlab.solara.MainActivity]#1](f:0,a:2) ERROR: releaseBufferCallback without corresponding submitted buffer bufferId:32495722561542 framenumber:54545
05-03 21:25:49.069 E/BLASTBufferQueue( 7566): [SurfaceView[com.solodevlab.solara/com.solodevlab.solara.MainActivity]#1](f:0,a:2) Faking releaseBufferCallback from transactionCompleteCallback 54546
05-03 21:25:49.252 E/BLASTBufferQueue( 7566): [SurfaceView[com.solodevlab.solara/com.solodevlab.solara.MainActivity]#1](f:0,a:2) Faking releaseBufferCallback from transactionCompleteCallback 54548
05-03 21:25:49.353 E/BLASTBufferQueue( 7566): [SurfaceView[com.solodevlab.solara/com.solodevlab.solara.MainActivity]#1](f:0,a:2) ERROR: releaseBufferCallback without corresponding submitted buffer bufferId:32495722561542 framenumber:54548
05-03 21:25:49.353 E/BLASTBufferQueue( 7566): [SurfaceView[com.solodevlab.solara/com.solodevlab.solara.MainActivity]#1](f:0,a:2) Faking releaseBufferCallback from transactionCompleteCallback 54549
05-03 21:25:49.453 E/BLASTBufferQueue( 7566): [SurfaceView[com.solodevlab.solara/com.solodevlab.solara.MainActivity]#1](f:0,a:2) ERROR: releaseBufferCallback without corresponding submitted buffer bufferId:32495722561539 framenumber:54549
05-03 21:25:49.453 E/BLASTBufferQueue( 7566): [SurfaceView[com.solodevlab.solara/com.solodevlab.solara.MainActivity]#1](f:0,a:2) Faking releaseBufferCallback from transactionCompleteCallback 54550
05-03 21:25:49.643 E/BLASTBufferQueue( 7566): [SurfaceView[com.solodevlab.solara/com.solodevlab.solara.MainActivity]#1](f:0,a:2) Faking releaseBufferCallback from transactionCompleteCallback 54552
05-03 21:25:49.737 E/BLASTBufferQueue( 7566): [SurfaceView[com.solodevlab.solara/com.solodevlab.solara.MainActivity]#1](f:0,a:2) ERROR: releaseBufferCallback without corresponding submitted buffer bufferId:32495722561539 framenumber:54552
05-03 21:25:49.737 E/BLASTBufferQueue( 7566): [SurfaceView[com.solodevlab.solara/com.solodevlab.solara.MainActivity]#1](f:0,a:2) Faking releaseBufferCallback from transactionCompleteCallback 54553
05-03 21:25:49.821 E/BLASTBufferQueue( 7566): [SurfaceView[com.solodevlab.solara/com.solodevlab.solara.MainActivity]#1](f:0,a:2) ERROR: releaseBufferCallback without corresponding submitted buffer bufferId:32495722561540 framenumber:54553
05-03 21:25:49.821 E/BLASTBufferQueue( 7566): [SurfaceView[com.solodevlab.solara/com.solodevlab.solara.MainActivity]#1](f:0,a:2) Faking releaseBufferCallback from transactionCompleteCallback 54554
05-03 21:25:49.921 E/BLASTBufferQueue( 7566): [SurfaceView[com.solodevlab.solara/com.solodevlab.solara.MainActivity]#1](f:0,a:2) ERROR: releaseBufferCallback without corresponding submitted buffer bufferId:32495722561542 framenumber:54554
05-03 21:25:49.921 E/BLASTBufferQueue( 7566): [SurfaceView[com.solodevlab.solara/com.solodevlab.solara.MainActivity]#1](f:0,a:2) Faking releaseBufferCallback from transactionCompleteCallback 54555
05-03 21:25:50.021 E/BLASTBufferQueue( 7566): [SurfaceView[com.solodevlab.solara/com.solodevlab.solara.MainActivity]#1](f:0,a:2) ERROR: releaseBufferCallback without corresponding submitted buffer bufferId:32495722561539 framenumber:54555
05-03 21:25:50.021 E/BLASTBufferQueue( 7566): [SurfaceView[com.solodevlab.solara/com.solodevlab.solara.MainActivity]#1](f:0,a:2) Faking releaseBufferCallback from transactionCompleteCallback 54556
05-03 21:25:50.121 E/BLASTBufferQueue( 7566): [SurfaceView[com.solodevlab.solara/com.solodevlab.solara.MainActivity]#1](f:0,a:2) ERROR: releaseBufferCallback without corresponding submitted buffer bufferId:32495722561540 framenumber:54556
05-03 21:25:50.121 E/BLASTBufferQueue( 7566): [SurfaceView[com.solodevlab.solara/com.solodevlab.solara.MainActivity]#1](f:0,a:2) Faking releaseBufferCallback from transactionCompleteCallback 54557
05-03 21:25:50.204 E/BLASTBufferQueue( 7566): [SurfaceView[com.solodevlab.solara/com.solodevlab.solara.MainActivity]#1](f:0,a:2) ERROR: releaseBufferCallback without corresponding submitted buffer bufferId:32495722561542 framenumber:54557
05-03 21:25:50.204 E/BLASTBufferQueue( 7566): [SurfaceView[com.solodevlab.solara/com.solodevlab.solara.MainActivity]#1](f:0,a:2) Faking releaseBufferCallback from transactionCompleteCallback 54558
05-03 21:25:50.305 E/BLASTBufferQueue( 7566): [SurfaceView[com.solodevlab.solara/com.solodevlab.solara.MainActivity]#1](f:0,a:2) ERROR: releaseBufferCallback without corresponding submitted buffer bufferId:32495722561539 framenumber:54558
05-03 21:25:50.305 E/BLASTBufferQueue( 7566): [SurfaceView[com.solodevlab.solara/com.solodevlab.solara.MainActivity]#1](f:0,a:2) Faking releaseBufferCallback from transactionCompleteCallback 54559
05-03 21:25:50.405 E/BLASTBufferQueue( 7566): [SurfaceView[com.solodevlab.solara/com.solodevlab.solara.MainActivity]#1](f:0,a:2) ERROR: releaseBufferCallback without corresponding submitted buffer bufferId:32495722561540 framenumber:54559
05-03 21:25:50.405 E/BLASTBufferQueue( 7566): [SurfaceView[com.solodevlab.solara/com.solodevlab.solara.MainActivity]#1](f:0,a:2) Faking releaseBufferCallback from transactionCompleteCallback 54560
05-03 21:25:50.505 E/BLASTBufferQueue( 7566): [SurfaceView[com.solodevlab.solara/com.solodevlab.solara.MainActivity]#1](f:0,a:2) ERROR: releaseBufferCallback without corresponding submitted buffer bufferId:32495722561542 framenumber:54560
05-03 21:25:50.505 E/BLASTBufferQueue( 7566): [SurfaceView[com.solodevlab.solara/com.solodevlab.solara.MainActivity]#1](f:0,a:2) Faking releaseBufferCallback from transactionCompleteCallback 54561
05-03 21:25:50.606 E/BLASTBufferQueue( 7566): [SurfaceView[com.solodevlab.solara/com.solodevlab.solara.MainActivity]#1](f:0,a:2) ERROR: releaseBufferCallback without corresponding submitted buffer bufferId:32495722561539 framenumber:54561
05-03 21:25:50.606 E/BLASTBufferQueue( 7566): [SurfaceView[com.solodevlab.solara/com.solodevlab.solara.MainActivity]#1](f:0,a:2) Faking releaseBufferCallback from transactionCompleteCallback 54562
05-03 21:25:50.689 E/BLASTBufferQueue( 7566): [SurfaceView[com.solodevlab.solara/com.solodevlab.solara.MainActivity]#1](f:0,a:2) ERROR: releaseBufferCallback without corresponding submitted buffer bufferId:32495722561540 framenumber:54562
05-03 21:25:50.689 E/BLASTBufferQueue( 7566): [SurfaceView[com.solodevlab.solara/com.solodevlab.solara.MainActivity]#1](f:0,a:2) Faking releaseBufferCallback from transactionCompleteCallback 54563
05-03 21:25:50.790 E/BLASTBufferQueue( 7566): [SurfaceView[com.solodevlab.solara/com.solodevlab.solara.MainActivity]#1](f:0,a:2) ERROR: releaseBufferCallback without corresponding submitted buffer bufferId:32495722561542 framenumber:54563
05-03 21:25:50.790 E/BLASTBufferQueue( 7566): [SurfaceView[com.solodevlab.solara/com.solodevlab.solara.MainActivity]#1](f:0,a:2) Faking releaseBufferCallback from transactionCompleteCallback 54564
05-03 21:25:50.889 E/BLASTBufferQueue( 7566): [SurfaceView[com.solodevlab.solara/com.solodevlab.solara.MainActivity]#1](f:0,a:2) ERROR: releaseBufferCallback without corresponding submitted buffer bufferId:32495722561539 framenumber:54564
05-03 21:25:50.889 E/BLASTBufferQueue( 7566): [SurfaceView[com.solodevlab.solara/com.solodevlab.solara.MainActivity]#1](f:0,a:2) Faking releaseBufferCallback from transactionCompleteCallback 54565
05-03 21:25:50.973 E/BLASTBufferQueue( 7566): [SurfaceView[com.solodevlab.solara/com.solodevlab.solara.MainActivity]#1](f:0,a:2) ERROR: releaseBufferCallback without corresponding submitted buffer bufferId:32495722561540 framenumber:54565
05-03 21:25:50.973 E/BLASTBufferQueue( 7566): [SurfaceView[com.solodevlab.solara/com.solodevlab.solara.MainActivity]#1](f:0,a:2) Faking releaseBufferCallback from transactionCompleteCallback 54566
05-03 21:25:51.073 E/BLASTBufferQueue( 7566): [SurfaceView[com.solodevlab.solara/com.solodevlab.solara.MainActivity]#1](f:0,a:2) ERROR: releaseBufferCallback without corresponding submitted buffer bufferId:32495722561542 framenumber:54566
05-03 21:25:51.073 E/BLASTBufferQueue( 7566): [SurfaceView[com.solodevlab.solara/com.solodevlab.solara.MainActivity]#1](f:0,a:2) Faking releaseBufferCallback from transactionCompleteCallback 54567
05-03 21:25:51.173 E/BLASTBufferQueue( 7566): [SurfaceView[com.solodevlab.solara/com.solodevlab.solara.MainActivity]#1](f:0,a:2) ERROR: releaseBufferCallback without corresponding submitted buffer bufferId:32495722561539 framenumber:54567
05-03 21:25:51.173 E/BLASTBufferQueue( 7566): [SurfaceView[com.solodevlab.solara/com.solodevlab.solara.MainActivity]#1](f:0,a:2) Faking releaseBufferCallback from transactionCompleteCallback 54568
05-03 21:25:51.257 E/BLASTBufferQueue( 7566): [SurfaceView[com.solodevlab.solara/com.solodevlab.solara.MainActivity]#1](f:0,a:2) ERROR: releaseBufferCallback without corresponding submitted buffer bufferId:32495722561540 framenumber:54568
05-03 21:25:51.257 E/BLASTBufferQueue( 7566): [SurfaceView[com.solodevlab.solara/com.solodevlab.solara.MainActivity]#1](f:0,a:2) Faking releaseBufferCallback from transactionCompleteCallback 54569
05-03 21:25:51.357 E/BLASTBufferQueue( 7566): [SurfaceView[com.solodevlab.solara/com.solodevlab.solara.MainActivity]#1](f:0,a:2) ERROR: releaseBufferCallback without corresponding submitted buffer bufferId:32495722561542 framenumber:54569
05-03 21:25:51.357 E/BLASTBufferQueue( 7566): [SurfaceView[com.solodevlab.solara/com.solodevlab.solara.MainActivity]#1](f:0,a:2) Faking releaseBufferCallback from transactionCompleteCallback 54570
05-03 21:25:51.464 E/BLASTBufferQueue( 7566): [SurfaceView[com.solodevlab.solara/com.solodevlab.solara.MainActivity]#1](f:0,a:2) ERROR: releaseBufferCallback without corresponding submitted buffer bufferId:32495722561539 framenumber:54570
05-03 21:25:51.464 E/BLASTBufferQueue( 7566): [SurfaceView[com.solodevlab.solara/com.solodevlab.solara.MainActivity]#1](f:0,a:2) Faking releaseBufferCallback from transactionCompleteCallback 54571
05-03 21:25:51.558 E/BLASTBufferQueue( 7566): [SurfaceView[com.solodevlab.solara/com.solodevlab.solara.MainActivity]#1](f:0,a:2) ERROR: releaseBufferCallback without corresponding submitted buffer bufferId:32495722561540 framenumber:54571
05-03 21:25:51.558 E/BLASTBufferQueue( 7566): [SurfaceView[com.solodevlab.solara/com.solodevlab.solara.MainActivity]#1](f:0,a:2) Faking releaseBufferCallback from transactionCompleteCallback 54572
05-03 21:25:51.658 E/BLASTBufferQueue( 7566): [SurfaceView[com.solodevlab.solara/com.solodevlab.solara.MainActivity]#1](f:0,a:2) ERROR: releaseBufferCallback without corresponding submitted buffer bufferId:32495722561542 framenumber:54572
05-03 21:25:51.659 E/BLASTBufferQueue( 7566): [SurfaceView[com.solodevlab.solara/com.solodevlab.solara.MainActivity]#1](f:0,a:2) Faking releaseBufferCallback from transactionCompleteCallback 54573
05-03 21:25:51.742 E/BLASTBufferQueue( 7566): [SurfaceView[com.solodevlab.solara/com.solodevlab.solara.MainActivity]#1](f:0,a:2) ERROR: releaseBufferCallback without corresponding submitted buffer bufferId:32495722561539 framenumber:54573
05-03 21:25:51.742 E/BLASTBufferQueue( 7566): [SurfaceView[com.solodevlab.solara/com.solodevlab.solara.MainActivity]#1](f:0,a:2) Faking releaseBufferCallback from transactionCompleteCallback 54574
05-03 21:25:51.842 E/BLASTBufferQueue( 7566): [SurfaceView[com.solodevlab.solara/com.solodevlab.solara.MainActivity]#1](f:0,a:2) ERROR: releaseBufferCallback without corresponding submitted buffer bufferId:32495722561540 framenumber:54574
05-03 21:25:51.842 E/BLASTBufferQueue( 7566): [SurfaceView[com.solodevlab.solara/com.solodevlab.solara.MainActivity]#1](f:0,a:2) Faking releaseBufferCallback from transactionCompleteCallback 54575
05-03 21:25:51.942 E/BLASTBufferQueue( 7566): [SurfaceView[com.solodevlab.solara/com.solodevlab.solara.MainActivity]#1](f:0,a:2) ERROR: releaseBufferCallback without corresponding submitted buffer bufferId:32495722561542 framenumber:54575
05-03 21:25:51.942 E/BLASTBufferQueue( 7566): [SurfaceView[com.solodevlab.solara/com.solodevlab.solara.MainActivity]#1](f:0,a:2) Faking releaseBufferCallback from transactionCompleteCallback 54576
05-03 21:25:52.043 E/BLASTBufferQueue( 7566): [SurfaceView[com.solodevlab.solara/com.solodevlab.solara.MainActivity]#1](f:0,a:2) ERROR: releaseBufferCallback without corresponding submitted buffer bufferId:32495722561539 framenumber:54576
05-03 21:25:52.043 E/BLASTBufferQueue( 7566): [SurfaceView[com.solodevlab.solara/com.solodevlab.solara.MainActivity]#1](f:0,a:2) Faking releaseBufferCallback from transactionCompleteCallback 54577
05-03 21:25:52.126 E/BLASTBufferQueue( 7566): [SurfaceView[com.solodevlab.solara/com.solodevlab.solara.MainActivity]#1](f:0,a:2) ERROR: releaseBufferCallback without corresponding submitted buffer bufferId:32495722561540 framenumber:54577
05-03 21:25:52.126 E/BLASTBufferQueue( 7566): [SurfaceView[com.solodevlab.solara/com.solodevlab.solara.MainActivity]#1](f:0,a:2) Faking releaseBufferCallback from transactionCompleteCallback 54578
05-03 21:25:52.226 E/BLASTBufferQueue( 7566): [SurfaceView[com.solodevlab.solara/com.solodevlab.solara.MainActivity]#1](f:0,a:2) ERROR: releaseBufferCallback without corresponding submitted buffer bufferId:32495722561542 framenumber:54578
05-03 21:25:52.226 E/BLASTBufferQueue( 7566): [SurfaceView[com.solodevlab.solara/com.solodevlab.solara.MainActivity]#1](f:0,a:2) Faking releaseBufferCallback from transactionCompleteCallback 54579
05-03 21:25:52.327 E/BLASTBufferQueue( 7566): [SurfaceView[com.solodevlab.solara/com.solodevlab.solara.MainActivity]#1](f:0,a:2) ERROR: releaseBufferCallback without corresponding submitted buffer bufferId:32495722561539 framenumber:54579
05-03 21:25:52.327 E/BLASTBufferQueue( 7566): [SurfaceView[com.solodevlab.solara/com.solodevlab.solara.MainActivity]#1](f:0,a:2) Faking releaseBufferCallback from transactionCompleteCallback 54580
05-03 21:30:50.994 E/BLASTBufferQueue( 7566): [SurfaceView[com.solodevlab.solara/com.solodevlab.solara.MainActivity]#1](f:0,a:2) Faking releaseBufferCallback from transactionCompleteCallback 57620
05-03 21:30:55.025 E/BLASTBufferQueue( 7566): [SurfaceView[com.solodevlab.solara/com.solodevlab.solara.MainActivity]#1](f:0,a:2) Faking releaseBufferCallback from transactionCompleteCallback 57660
05-03 21:30:56.144 E/BLASTBufferQueue( 7566): [SurfaceView[com.solodevlab.solara/com.solodevlab.solara.MainActivity]#1](f:0,a:2) Faking releaseBufferCallback from transactionCompleteCallback 57671
05-03 21:31:01.491 E/BLASTBufferQueue( 7566): [SurfaceView[com.solodevlab.solara/com.solodevlab.solara.MainActivity]#1](f:0,a:2) Faking releaseBufferCallback from transactionCompleteCallback 57724
05-03 21:31:05.119 E/BLASTBufferQueue( 7566): [SurfaceView[com.solodevlab.solara/com.solodevlab.solara.MainActivity]#1](f:0,a:2) Faking releaseBufferCallback from transactionCompleteCallback 57760
05-03 21:31:06.539 E/BLASTBufferQueue( 7566): [SurfaceView[com.solodevlab.solara/com.solodevlab.solara.MainActivity]#1](f:0,a:2) Faking releaseBufferCallback from transactionCompleteCallback 57774
05-03 21:31:08.660 E/BLASTBufferQueue( 7566): [SurfaceView[com.solodevlab.solara/com.solodevlab.solara.MainActivity]#1](f:0,a:2) Faking releaseBufferCallback from transactionCompleteCallback 57795
05-03 21:31:10.179 E/BLASTBufferQueue( 7566): [SurfaceView[com.solodevlab.solara/com.solodevlab.solara.MainActivity]#1](f:0,a:2) Faking releaseBufferCallback from transactionCompleteCallback 57810
05-03 21:31:13.001 E/BLASTBufferQueue( 7566): [SurfaceView[com.solodevlab.solara/com.solodevlab.solara.MainActivity]#1](f:0,a:2) Faking releaseBufferCallback from transactionCompleteCallback 57838
05-03 21:31:15.429 E/BLASTBufferQueue( 7566): [SurfaceView[com.solodevlab.solara/com.solodevlab.solara.MainActivity]#1](f:0,a:2) Faking releaseBufferCallback from transactionCompleteCallback 57862
05-03 21:31:16.754 E/BLASTBufferQueue( 7566): [SurfaceView[com.solodevlab.solara/com.solodevlab.solara.MainActivity]#1](f:0,a:2) Faking releaseBufferCallback from transactionCompleteCallback 57875
05-03 21:31:18.169 E/BLASTBufferQueue( 7566): [SurfaceView[com.solodevlab.solara/com.solodevlab.solara.MainActivity]#1](f:0,a:2) Faking releaseBufferCallback from transactionCompleteCallback 57889
05-03 21:31:20.388 E/BLASTBufferQueue( 7566): [SurfaceView[com.solodevlab.solara/com.solodevlab.solara.MainActivity]#1](f:0,a:2) Faking releaseBufferCallback from transactionCompleteCallback 57911
05-03 21:31:21.808 E/BLASTBufferQueue( 7566): [SurfaceView[com.solodevlab.solara/com.solodevlab.solara.MainActivity]#1](f:0,a:2) Faking releaseBufferCallback from transactionCompleteCallback 57925
05-03 21:31:25.241 E/BLASTBufferQueue( 7566): [SurfaceView[com.solodevlab.solara/com.solodevlab.solara.MainActivity]#1](f:0,a:2) Faking releaseBufferCallback from transactionCompleteCallback 57959
05-03 21:31:31.786 E/BLASTBufferQueue( 7566): [SurfaceView[com.solodevlab.solara/com.solodevlab.solara.MainActivity]#1](f:0,a:2) Faking releaseBufferCallback from transactionCompleteCallback 58024
05-03 21:31:33.215 E/BLASTBufferQueue( 7566): [SurfaceView[com.solodevlab.solara/com.solodevlab.solara.MainActivity]#1](f:0,a:2) Faking releaseBufferCallback from transactionCompleteCallback 58038
05-03 21:31:34.659 E/BLASTBufferQueue( 7566): [SurfaceView[com.solodevlab.solara/com.solodevlab.solara.MainActivity]#1](f:0,a:2) Faking releaseBufferCallback from transactionCompleteCallback 58052
05-03 21:31:37.087 E/BLASTBufferQueue( 7566): [SurfaceView[com.solodevlab.solara/com.solodevlab.solara.MainActivity]#1](f:0,a:2) Faking releaseBufferCallback from transactionCompleteCallback 58076
05-03 21:31:41.825 E/BLASTBufferQueue( 7566): [SurfaceView[com.solodevlab.solara/com.solodevlab.solara.MainActivity]#1](f:0,a:2) Faking releaseBufferCallback from transactionCompleteCallback 58123
05-03 21:31:48.662 E/BLASTBufferQueue( 7566): [SurfaceView[com.solodevlab.solara/com.solodevlab.solara.MainActivity]#1](f:0,a:2) Faking releaseBufferCallback from transactionCompleteCallback 58191
05-03 21:31:49.579 E/BLASTBufferQueue( 7566): [SurfaceView[com.solodevlab.solara/com.solodevlab.solara.MainActivity]#1](f:0,a:2) Faking releaseBufferCallback from transactionCompleteCallback 58200
05-03 21:31:51.803 E/BLASTBufferQueue( 7566): [SurfaceView[com.solodevlab.solara/com.solodevlab.solara.MainActivity]#1](f:0,a:2) Faking releaseBufferCallback from transactionCompleteCallback 58222
05-03 21:31:53.724 E/BLASTBufferQueue( 7566): [SurfaceView[com.solodevlab.solara/com.solodevlab.solara.MainActivity]#1](f:0,a:2) Faking releaseBufferCallback from transactionCompleteCallback 58241
05-03 21:31:56.745 E/BLASTBufferQueue( 7566): [SurfaceView[com.solodevlab.solara/com.solodevlab.solara.MainActivity]#1](f:0,a:2) Faking releaseBufferCallback from transactionCompleteCallback 58271
05-03 21:31:58.065 E/BLASTBufferQueue( 7566): [SurfaceView[com.solodevlab.solara/com.solodevlab.solara.MainActivity]#1](f:0,a:2) Faking releaseBufferCallback from transactionCompleteCallback 58284
05-03 21:31:59.491 E/BLASTBufferQueue( 7566): [SurfaceView[com.solodevlab.solara/com.solodevlab.solara.MainActivity]#1](f:0,a:2) Faking releaseBufferCallback from transactionCompleteCallback 58298
05-03 21:32:03.212 E/BLASTBufferQueue( 7566): [SurfaceView[com.solodevlab.solara/com.solodevlab.solara.MainActivity]#1](f:0,a:2) Faking releaseBufferCallback from transactionCompleteCallback 58335
05-03 21:32:04.945 E/BLASTBufferQueue( 7566): [SurfaceView[com.solodevlab.solara/com.solodevlab.solara.MainActivity]#1](f:0,a:2) Faking releaseBufferCallback from transactionCompleteCallback 58352
05-03 21:32:07.072 E/BLASTBufferQueue( 7566): [SurfaceView[com.solodevlab.solara/com.solodevlab.solara.MainActivity]#1](f:0,a:2) Faking releaseBufferCallback from transactionCompleteCallback 58373
05-03 21:32:09.194 E/BLASTBufferQueue( 7566): [SurfaceView[com.solodevlab.solara/com.solodevlab.solara.MainActivity]#1](f:0,a:2) Faking releaseBufferCallback from transactionCompleteCallback 58394
05-03 21:32:12.517 E/BLASTBufferQueue( 7566): [SurfaceView[com.solodevlab.solara/com.solodevlab.solara.MainActivity]#1](f:0,a:2) Faking releaseBufferCallback from transactionCompleteCallback 58427
05-03 21:32:17.051 E/BLASTBufferQueue( 7566): [SurfaceView[com.solodevlab.solara/com.solodevlab.solara.MainActivity]#1](f:0,a:2) Faking releaseBufferCallback from transactionCompleteCallback 58472
05-03 21:32:17.664 E/BLASTBufferQueue( 7566): [SurfaceView[com.solodevlab.solara/com.solodevlab.solara.MainActivity]#1](f:0,a:2) Faking releaseBufferCallback from transactionCompleteCallback 58478
05-03 21:32:19.193 E/BLASTBufferQueue( 7566): [SurfaceView[com.solodevlab.solara/com.solodevlab.solara.MainActivity]#1](f:0,a:2) Faking releaseBufferCallback from transactionCompleteCallback 58493
05-03 21:32:20.711 E/BLASTBufferQueue( 7566): [SurfaceView[com.solodevlab.solara/com.solodevlab.solara.MainActivity]#1](f:0,a:2) Faking releaseBufferCallback from transactionCompleteCallback 58508
05-03 21:32:24.129 E/BLASTBufferQueue( 7566): [SurfaceView[com.solodevlab.solara/com.solodevlab.solara.MainActivity]#1](f:0,a:2) Faking releaseBufferCallback from transactionCompleteCallback 58542
05-03 21:32:28.453 E/BLASTBufferQueue( 7566): [SurfaceView[com.solodevlab.solara/com.solodevlab.solara.MainActivity]#1](f:0,a:2) Faking releaseBufferCallback from transactionCompleteCallback 58585
05-03 21:32:29.577 E/BLASTBufferQueue( 7566): [SurfaceView[com.solodevlab.solara/com.solodevlab.solara.MainActivity]#1](f:0,a:2) Faking releaseBufferCallback from transactionCompleteCallback 58596
05-03 21:32:35.815 E/BLASTBufferQueue( 7566): [SurfaceView[com.solodevlab.solara/com.solodevlab.solara.MainActivity]#1](f:0,a:2) Faking releaseBufferCallback from transactionCompleteCallback 58658
05-03 21:32:38.542 E/BLASTBufferQueue( 7566): [SurfaceView[com.solodevlab.solara/com.solodevlab.solara.MainActivity]#1](f:0,a:2) Faking releaseBufferCallback from transactionCompleteCallback 58685
05-03 21:32:41.880 E/BLASTBufferQueue( 7566): [SurfaceView[com.solodevlab.solara/com.solodevlab.solara.MainActivity]#1](f:0,a:2) Faking releaseBufferCallback from transactionCompleteCallback 58718
05-03 21:32:44.199 E/BLASTBufferQueue( 7566): [SurfaceView[com.solodevlab.solara/com.solodevlab.solara.MainActivity]#1](f:0,a:2) Faking releaseBufferCallback from transactionCompleteCallback 58741
05-03 21:32:45.531 E/BLASTBufferQueue( 7566): [SurfaceView[com.solodevlab.solara/com.solodevlab.solara.MainActivity]#1](f:0,a:2) Faking releaseBufferCallback from transactionCompleteCallback 58754
05-03 21:32:46.753 E/BLASTBufferQueue( 7566): [SurfaceView[com.solodevlab.solara/com.solodevlab.solara.MainActivity]#1](f:0,a:2) Faking releaseBufferCallback from transactionCompleteCallback 58766
05-03 21:32:48.957 E/BLASTBufferQueue( 7566): [SurfaceView[com.solodevlab.solara/com.solodevlab.solara.MainActivity]#1](f:0,a:2) Faking releaseBufferCallback from transactionCompleteCallback 58824
05-03 21:32:49.053 E/BLASTBufferQueue( 7566): [SurfaceView[com.solodevlab.solara/com.solodevlab.solara.MainActivity]#1](f:0,a:2) ERROR: releaseBufferCallback without corresponding submitted buffer bufferId:32495722561539 framenumber:58824
05-03 21:32:49.053 E/BLASTBufferQueue( 7566): [SurfaceView[com.solodevlab.solara/com.solodevlab.solara.MainActivity]#1](f:0,a:2) Faking releaseBufferCallback from transactionCompleteCallback 58825
05-03 21:32:49.136 E/BLASTBufferQueue( 7566): [SurfaceView[com.solodevlab.solara/com.solodevlab.solara.MainActivity]#1](f:0,a:2) ERROR: releaseBufferCallback without corresponding submitted buffer bufferId:32495722561540 framenumber:58825
05-03 21:32:49.136 E/BLASTBufferQueue( 7566): [SurfaceView[com.solodevlab.solara/com.solodevlab.solara.MainActivity]#1](f:0,a:2) Faking releaseBufferCallback from transactionCompleteCallback 58826
05-03 21:32:49.220 E/BLASTBufferQueue( 7566): [SurfaceView[com.solodevlab.solara/com.solodevlab.solara.MainActivity]#1](f:0,a:2) ERROR: releaseBufferCallback without corresponding submitted buffer bufferId:32495722561542 framenumber:58826
05-03 21:32:49.220 E/BLASTBufferQueue( 7566): [SurfaceView[com.solodevlab.solara/com.solodevlab.solara.MainActivity]#1](f:0,a:2) Faking releaseBufferCallback from transactionCompleteCallback 58827
05-03 21:32:49.287 E/BLASTBufferQueue( 7566): [SurfaceView[com.solodevlab.solara/com.solodevlab.solara.MainActivity]#1](f:0,a:2) ERROR: releaseBufferCallback without corresponding submitted buffer bufferId:32495722561539 framenumber:58827
05-03 21:32:49.287 E/BLASTBufferQueue( 7566): [SurfaceView[com.solodevlab.solara/com.solodevlab.solara.MainActivity]#1](f:0,a:2) Faking releaseBufferCallback from transactionCompleteCallback 58828
05-03 21:32:49.353 E/BLASTBufferQueue( 7566): [SurfaceView[com.solodevlab.solara/com.solodevlab.solara.MainActivity]#1](f:0,a:2) ERROR: releaseBufferCallback without corresponding submitted buffer bufferId:32495722561540 framenumber:58828
05-03 21:32:49.353 E/BLASTBufferQueue( 7566): [SurfaceView[com.solodevlab.solara/com.solodevlab.solara.MainActivity]#1](f:0,a:2) Faking releaseBufferCallback from transactionCompleteCallback 58829
05-03 21:32:50.445 E/BLASTBufferQueue( 7566): [SurfaceView[com.solodevlab.solara/com.solodevlab.solara.MainActivity]#1](f:0,a:2) Faking releaseBufferCallback from transactionCompleteCallback 58886
05-03 21:32:50.540 E/BLASTBufferQueue( 7566): [SurfaceView[com.solodevlab.solara/com.solodevlab.solara.MainActivity]#1](f:0,a:2) ERROR: releaseBufferCallback without corresponding submitted buffer bufferId:32495722561542 framenumber:58886
05-03 21:32:50.540 E/BLASTBufferQueue( 7566): [SurfaceView[com.solodevlab.solara/com.solodevlab.solara.MainActivity]#1](f:0,a:2) Faking releaseBufferCallback from transactionCompleteCallback 58887
05-03 21:32:50.589 E/BLASTBufferQueue( 7566): [SurfaceView[com.solodevlab.solara/com.solodevlab.solara.MainActivity]#1](f:0,a:2) ERROR: releaseBufferCallback without corresponding submitted buffer bufferId:32495722561539 framenumber:58887
05-03 21:32:50.589 E/BLASTBufferQueue( 7566): [SurfaceView[com.solodevlab.solara/com.solodevlab.solara.MainActivity]#1](f:0,a:2) Faking releaseBufferCallback from transactionCompleteCallback 58888
05-03 21:32:50.740 E/BLASTBufferQueue( 7566): [SurfaceView[com.solodevlab.solara/com.solodevlab.solara.MainActivity]#1](f:0,a:2) Faking releaseBufferCallback from transactionCompleteCallback 58892
05-03 21:32:50.857 E/BLASTBufferQueue( 7566): [SurfaceView[com.solodevlab.solara/com.solodevlab.solara.MainActivity]#1](f:0,a:2) Faking releaseBufferCallback from transactionCompleteCallback 58895
05-03 21:32:50.874 E/BLASTBufferQueue( 7566): [SurfaceView[com.solodevlab.solara/com.solodevlab.solara.MainActivity]#1](f:0,a:1) ERROR: releaseBufferCallback without corresponding submitted buffer bufferId:32495722561542 framenumber:58895
05-03 21:32:50.924 E/BLASTBufferQueue( 7566): [SurfaceView[com.solodevlab.solara/com.solodevlab.solara.MainActivity]#1](f:0,a:2) Faking releaseBufferCallback from transactionCompleteCallback 58897
05-03 21:32:50.973 E/BLASTBufferQueue( 7566): [SurfaceView[com.solodevlab.solara/com.solodevlab.solara.MainActivity]#1](f:0,a:2) Faking releaseBufferCallback from transactionCompleteCallback 58899
05-03 21:32:51.042 E/BLASTBufferQueue( 7566): [SurfaceView[com.solodevlab.solara/com.solodevlab.solara.MainActivity]#1](f:0,a:2) Faking releaseBufferCallback from transactionCompleteCallback 58902
05-03 21:32:51.108 E/BLASTBufferQueue( 7566): [SurfaceView[com.solodevlab.solara/com.solodevlab.solara.MainActivity]#1](f:0,a:3) ERROR: releaseBufferCallback without corresponding submitted buffer bufferId:32495722561539 framenumber:58902
05-03 21:32:51.108 E/BLASTBufferQueue( 7566): [SurfaceView[com.solodevlab.solara/com.solodevlab.solara.MainActivity]#1](f:0,a:3) Faking releaseBufferCallback from transactionCompleteCallback 58903
05-03 21:32:51.124 E/BLASTBufferQueue( 7566): [SurfaceView[com.solodevlab.solara/com.solodevlab.solara.MainActivity]#1](f:0,a:2) ERROR: releaseBufferCallback without corresponding submitted buffer bufferId:32495722561540 framenumber:58903
05-03 21:32:51.275 E/BLASTBufferQueue( 7566): [SurfaceView[com.solodevlab.solara/com.solodevlab.solara.MainActivity]#1](f:0,a:2) Faking releaseBufferCallback from transactionCompleteCallback 58911
05-03 21:32:51.692 E/BLASTBufferQueue( 7566): [SurfaceView[com.solodevlab.solara/com.solodevlab.solara.MainActivity]#1](f:0,a:2) Faking releaseBufferCallback from transactionCompleteCallback 58923
05-03 21:32:51.742 E/BLASTBufferQueue( 7566): [SurfaceView[com.solodevlab.solara/com.solodevlab.solara.MainActivity]#1](f:0,a:2) ERROR: releaseBufferCallback without corresponding submitted buffer bufferId:32495722561539 framenumber:58923
05-03 21:32:51.743 E/BLASTBufferQueue( 7566): [SurfaceView[com.solodevlab.solara/com.solodevlab.solara.MainActivity]#1](f:0,a:2) Faking releaseBufferCallback from transactionCompleteCallback 58924
05-03 21:32:51.809 E/BLASTBufferQueue( 7566): [SurfaceView[com.solodevlab.solara/com.solodevlab.solara.MainActivity]#1](f:0,a:2) ERROR: releaseBufferCallback without corresponding submitted buffer bufferId:32495722561540 framenumber:58924
05-03 21:32:51.809 E/BLASTBufferQueue( 7566): [SurfaceView[com.solodevlab.solara/com.solodevlab.solara.MainActivity]#1](f:0,a:2) Faking releaseBufferCallback from transactionCompleteCallback 58925
05-03 21:32:51.859 E/BLASTBufferQueue( 7566): [SurfaceView[com.solodevlab.solara/com.solodevlab.solara.MainActivity]#1](f:0,a:2) ERROR: releaseBufferCallback without corresponding submitted buffer bufferId:32495722561542 framenumber:58925
05-03 21:32:51.859 E/BLASTBufferQueue( 7566): [SurfaceView[com.solodevlab.solara/com.solodevlab.solara.MainActivity]#1](f:0,a:2) Faking releaseBufferCallback from transactionCompleteCallback 58926
05-03 21:32:51.926 E/BLASTBufferQueue( 7566): [SurfaceView[com.solodevlab.solara/com.solodevlab.solara.MainActivity]#1](f:0,a:2) ERROR: releaseBufferCallback without corresponding submitted buffer bufferId:32495722561539 framenumber:58926
05-03 21:32:51.926 E/BLASTBufferQueue( 7566): [SurfaceView[com.solodevlab.solara/com.solodevlab.solara.MainActivity]#1](f:0,a:2) Faking releaseBufferCallback from transactionCompleteCallback 58927
05-03 21:32:51.998 E/BLASTBufferQueue( 7566): [SurfaceView[com.solodevlab.solara/com.solodevlab.solara.MainActivity]#1](f:0,a:2) ERROR: releaseBufferCallback without corresponding submitted buffer bufferId:32495722561540 framenumber:58927
05-03 21:32:51.998 E/BLASTBufferQueue( 7566): [SurfaceView[com.solodevlab.solara/com.solodevlab.solara.MainActivity]#1](f:0,a:2) Faking releaseBufferCallback from transactionCompleteCallback 58928
05-03 21:32:52.043 E/BLASTBufferQueue( 7566): [SurfaceView[com.solodevlab.solara/com.solodevlab.solara.MainActivity]#1](f:0,a:2) ERROR: releaseBufferCallback without corresponding submitted buffer bufferId:32495722561542 framenumber:58928
05-03 21:32:52.043 E/BLASTBufferQueue( 7566): [SurfaceView[com.solodevlab.solara/com.solodevlab.solara.MainActivity]#1](f:0,a:2) Faking releaseBufferCallback from transactionCompleteCallback 58929
05-03 21:32:52.110 E/BLASTBufferQueue( 7566): [SurfaceView[com.solodevlab.solara/com.solodevlab.solara.MainActivity]#1](f:0,a:2) ERROR: releaseBufferCallback without corresponding submitted buffer bufferId:32495722561539 framenumber:58929
05-03 21:32:52.110 E/BLASTBufferQueue( 7566): [SurfaceView[com.solodevlab.solara/com.solodevlab.solara.MainActivity]#1](f:0,a:2) Faking releaseBufferCallback from transactionCompleteCallback 58930
05-03 21:32:52.177 E/BLASTBufferQueue( 7566): [SurfaceView[com.solodevlab.solara/com.solodevlab.solara.MainActivity]#1](f:0,a:2) ERROR: releaseBufferCallback without corresponding submitted buffer bufferId:32495722561540 framenumber:58930
05-03 21:32:52.177 E/BLASTBufferQueue( 7566): [SurfaceView[com.solodevlab.solara/com.solodevlab.solara.MainActivity]#1](f:0,a:2) Faking releaseBufferCallback from transactionCompleteCallback 58931
05-03 21:32:52.361 E/BLASTBufferQueue( 7566): [SurfaceView[com.solodevlab.solara/com.solodevlab.solara.MainActivity]#1](f:0,a:2) Faking releaseBufferCallback from transactionCompleteCallback 58934
05-03 21:32:52.428 E/BLASTBufferQueue( 7566): [SurfaceView[com.solodevlab.solara/com.solodevlab.solara.MainActivity]#1](f:0,a:2) ERROR: releaseBufferCallback without corresponding submitted buffer bufferId:32495722561542 framenumber:58934
05-03 21:32:52.428 E/BLASTBufferQueue( 7566): [SurfaceView[com.solodevlab.solara/com.solodevlab.solara.MainActivity]#1](f:0,a:2) Faking releaseBufferCallback from transactionCompleteCallback 58935
05-03 21:32:52.494 E/BLASTBufferQueue( 7566): [SurfaceView[com.solodevlab.solara/com.solodevlab.solara.MainActivity]#1](f:0,a:2) ERROR: releaseBufferCallback without corresponding submitted buffer bufferId:32495722561539 framenumber:58935
05-03 21:32:52.495 E/BLASTBufferQueue( 7566): [SurfaceView[com.solodevlab.solara/com.solodevlab.solara.MainActivity]#1](f:0,a:2) Faking releaseBufferCallback from transactionCompleteCallback 58936
05-03 21:32:52.545 E/BLASTBufferQueue( 7566): [SurfaceView[com.solodevlab.solara/com.solodevlab.solara.MainActivity]#1](f:0,a:2) ERROR: releaseBufferCallback without corresponding submitted buffer bufferId:32495722561540 framenumber:58936
05-03 21:32:52.545 E/BLASTBufferQueue( 7566): [SurfaceView[com.solodevlab.solara/com.solodevlab.solara.MainActivity]#1](f:0,a:2) Faking releaseBufferCallback from transactionCompleteCallback 58937
05-03 21:32:52.712 E/BLASTBufferQueue( 7566): [SurfaceView[com.solodevlab.solara/com.solodevlab.solara.MainActivity]#1](f:0,a:2) Faking releaseBufferCallback from transactionCompleteCallback 58940
05-03 21:32:52.762 E/BLASTBufferQueue( 7566): [SurfaceView[com.solodevlab.solara/com.solodevlab.solara.MainActivity]#1](f:0,a:2) ERROR: releaseBufferCallback without corresponding submitted buffer bufferId:32495722561542 framenumber:58940
05-03 21:32:52.762 E/BLASTBufferQueue( 7566): [SurfaceView[com.solodevlab.solara/com.solodevlab.solara.MainActivity]#1](f:0,a:2) Faking releaseBufferCallback from transactionCompleteCallback 58941
05-03 21:32:52.862 E/BLASTBufferQueue( 7566): [SurfaceView[com.solodevlab.solara/com.solodevlab.solara.MainActivity]#1](f:0,a:2) Faking releaseBufferCallback from transactionCompleteCallback 58943
05-03 21:32:52.946 E/BLASTBufferQueue( 7566): [SurfaceView[com.solodevlab.solara/com.solodevlab.solara.MainActivity]#1](f:0,a:2) ERROR: releaseBufferCallback without corresponding submitted buffer bufferId:32495722561542 framenumber:58943
05-03 21:32:52.946 E/BLASTBufferQueue( 7566): [SurfaceView[com.solodevlab.solara/com.solodevlab.solara.MainActivity]#1](f:0,a:2) Faking releaseBufferCallback from transactionCompleteCallback 58944
05-03 21:32:53.063 E/BLASTBufferQueue( 7566): [SurfaceView[com.solodevlab.solara/com.solodevlab.solara.MainActivity]#1](f:0,a:2) Faking releaseBufferCallback from transactionCompleteCallback 58946
05-03 21:32:53.314 E/BLASTBufferQueue( 7566): [SurfaceView[com.solodevlab.solara/com.solodevlab.solara.MainActivity]#1](f:0,a:2) Faking releaseBufferCallback from transactionCompleteCallback 58953
05-03 21:32:53.580 E/BLASTBufferQueue( 7566): [SurfaceView[com.solodevlab.solara/com.solodevlab.solara.MainActivity]#1](f:0,a:3) Faking releaseBufferCallback from transactionCompleteCallback 58964
05-03 21:32:53.597 E/BLASTBufferQueue( 7566): [SurfaceView[com.solodevlab.solara/com.solodevlab.solara.MainActivity]#1](f:0,a:2) ERROR: releaseBufferCallback without corresponding submitted buffer bufferId:32495722561542 framenumber:58964
05-03 21:32:54.768 E/BLASTBufferQueue( 7566): [SurfaceView[com.solodevlab.solara/com.solodevlab.solara.MainActivity]#1](f:0,a:2) Faking releaseBufferCallback from transactionCompleteCallback 59031
05-03 21:32:54.817 E/BLASTBufferQueue( 7566): [SurfaceView[com.solodevlab.solara/com.solodevlab.solara.MainActivity]#1](f:0,a:2) ERROR: releaseBufferCallback without corresponding submitted buffer bufferId:32495722561539 framenumber:59031
05-03 21:32:54.817 E/BLASTBufferQueue( 7566): [SurfaceView[com.solodevlab.solara/com.solodevlab.solara.MainActivity]#1](f:0,a:2) Faking releaseBufferCallback from transactionCompleteCallback 59032
05-03 21:32:54.868 E/BLASTBufferQueue( 7566): [SurfaceView[com.solodevlab.solara/com.solodevlab.solara.MainActivity]#1](f:0,a:2) ERROR: releaseBufferCallback without corresponding submitted buffer bufferId:32495722561540 framenumber:59032
05-03 21:32:54.868 E/BLASTBufferQueue( 7566): [SurfaceView[com.solodevlab.solara/com.solodevlab.solara.MainActivity]#1](f:0,a:2) Faking releaseBufferCallback from transactionCompleteCallback 59033
05-03 21:32:54.900 E/BLASTBufferQueue( 7566): [SurfaceView[com.solodevlab.solara/com.solodevlab.solara.MainActivity]#1](f:0,a:3) ERROR: releaseBufferCallback without corresponding submitted buffer bufferId:32495722561542 framenumber:59033
05-03 21:32:54.900 E/BLASTBufferQueue( 7566): [SurfaceView[com.solodevlab.solara/com.solodevlab.solara.MainActivity]#1](f:0,a:3) Faking releaseBufferCallback from transactionCompleteCallback 59034
05-03 21:32:54.934 E/BLASTBufferQueue( 7566): [SurfaceView[com.solodevlab.solara/com.solodevlab.solara.MainActivity]#1](f:0,a:2) ERROR: releaseBufferCallback without corresponding submitted buffer bufferId:32495722561539 framenumber:59034
05-03 21:36:01.053 E/BLASTBufferQueue( 7566): [SurfaceView[com.solodevlab.solara/com.solodevlab.solara.MainActivity]#1](f:0,a:2) Faking releaseBufferCallback from transactionCompleteCallback 70175
05-03 21:36:01.071 E/BLASTBufferQueue( 7566): [SurfaceView[com.solodevlab.solara/com.solodevlab.solara.MainActivity]#1](f:0,a:2) ERROR: releaseBufferCallback without corresponding submitted buffer bufferId:32495722561542 framenumber:70175
05-03 21:37:06.313 E/BLASTBufferQueue( 7566): [SurfaceView[com.solodevlab.solara/com.solodevlab.solara.MainActivity]#1](f:0,a:2) Faking releaseBufferCallback from transactionCompleteCallback 74080
05-03 21:37:06.335 E/BLASTBufferQueue( 7566): [SurfaceView[com.solodevlab.solara/com.solodevlab.solara.MainActivity]#1](f:0,a:2) ERROR: releaseBufferCallback without corresponding submitted buffer bufferId:32495722561540 framenumber:74080
05-03 21:37:22.803 E/BLASTBufferQueue( 7566): [SurfaceView[com.solodevlab.solara/com.solodevlab.solara.MainActivity]#1](f:0,a:2) Faking releaseBufferCallback from transactionCompleteCallback 75067
05-03 21:37:22.821 E/BLASTBufferQueue( 7566): [SurfaceView[com.solodevlab.solara/com.solodevlab.solara.MainActivity]#1](f:0,a:1) ERROR: releaseBufferCallback without corresponding submitted buffer bufferId:32495722561540 framenumber:75067
05-03 21:37:23.790 E/BLASTBufferQueue( 7566): [SurfaceView[com.solodevlab.solara/com.solodevlab.solara.MainActivity]#1](f:0,a:2) Faking releaseBufferCallback from transactionCompleteCallback 75126
05-03 21:37:23.807 E/BLASTBufferQueue( 7566): [SurfaceView[com.solodevlab.solara/com.solodevlab.solara.MainActivity]#1](f:0,a:1) ERROR: releaseBufferCallback without corresponding submitted buffer bufferId:32495722561539 framenumber:75126
05-03 21:37:25.042 E/BLASTBufferQueue( 7566): [SurfaceView[com.solodevlab.solara/com.solodevlab.solara.MainActivity]#1](f:0,a:2) Faking releaseBufferCallback from transactionCompleteCallback 75201
05-03 21:37:25.060 E/BLASTBufferQueue( 7566): [SurfaceView[com.solodevlab.solara/com.solodevlab.solara.MainActivity]#1](f:0,a:1) ERROR: releaseBufferCallback without corresponding submitted buffer bufferId:32495722561539 framenumber:75201
05-03 21:37:25.510 E/BLASTBufferQueue( 7566): [SurfaceView[com.solodevlab.solara/com.solodevlab.solara.MainActivity]#1](f:0,a:2) Faking releaseBufferCallback from transactionCompleteCallback 75229
05-03 21:37:25.528 E/BLASTBufferQueue( 7566): [SurfaceView[com.solodevlab.solara/com.solodevlab.solara.MainActivity]#1](f:0,a:1) ERROR: releaseBufferCallback without corresponding submitted buffer bufferId:32495722561540 framenumber:75229
05-03 21:37:25.878 E/BLASTBufferQueue( 7566): [SurfaceView[com.solodevlab.solara/com.solodevlab.solara.MainActivity]#1](f:0,a:2) Faking releaseBufferCallback from transactionCompleteCallback 75251
05-03 21:37:25.895 E/BLASTBufferQueue( 7566): [SurfaceView[com.solodevlab.solara/com.solodevlab.solara.MainActivity]#1](f:0,a:1) ERROR: releaseBufferCallback without corresponding submitted buffer bufferId:32495722561542 framenumber:75251
05-03 21:37:26.178 E/BLASTBufferQueue( 7566): [SurfaceView[com.solodevlab.solara/com.solodevlab.solara.MainActivity]#1](f:0,a:2) Faking releaseBufferCallback from transactionCompleteCallback 75269
05-03 21:37:26.196 E/BLASTBufferQueue( 7566): [SurfaceView[com.solodevlab.solara/com.solodevlab.solara.MainActivity]#1](f:0,a:1) ERROR: releaseBufferCallback without corresponding submitted buffer bufferId:32495722561542 framenumber:75269
05-03 21:37:26.295 E/BLASTBufferQueue( 7566): [SurfaceView[com.solodevlab.solara/com.solodevlab.solara.MainActivity]#1](f:0,a:2) Faking releaseBufferCallback from transactionCompleteCallback 75276
05-03 21:37:26.313 E/BLASTBufferQueue( 7566): [SurfaceView[com.solodevlab.solara/com.solodevlab.solara.MainActivity]#1](f:0,a:1) ERROR: releaseBufferCallback without corresponding submitted buffer bufferId:32495722561539 framenumber:75276
05-03 21:37:27.599 E/BLASTBufferQueue( 7566): [SurfaceView[com.solodevlab.solara/com.solodevlab.solara.MainActivity]#1](f:0,a:2) Faking releaseBufferCallback from transactionCompleteCallback 75354
05-03 21:37:27.616 E/BLASTBufferQueue( 7566): [SurfaceView[com.solodevlab.solara/com.solodevlab.solara.MainActivity]#1](f:0,a:1) ERROR: releaseBufferCallback without corresponding submitted buffer bufferId:32495722561539 framenumber:75354
05-03 21:37:27.699 E/BLASTBufferQueue( 7566): [SurfaceView[com.solodevlab.solara/com.solodevlab.solara.MainActivity]#1](f:0,a:2) Faking releaseBufferCallback from transactionCompleteCallback 75360
05-03 21:37:27.717 E/BLASTBufferQueue( 7566): [SurfaceView[com.solodevlab.solara/com.solodevlab.solara.MainActivity]#1](f:0,a:1) ERROR: releaseBufferCallback without corresponding submitted buffer bufferId:32495722561539 framenumber:75360
05-03 21:37:27.816 E/BLASTBufferQueue( 7566): [SurfaceView[com.solodevlab.solara/com.solodevlab.solara.MainActivity]#1](f:0,a:2) Faking releaseBufferCallback from transactionCompleteCallback 75367
05-03 21:37:27.833 E/BLASTBufferQueue( 7566): [SurfaceView[com.solodevlab.solara/com.solodevlab.solara.MainActivity]#1](f:0,a:1) ERROR: releaseBufferCallback without corresponding submitted buffer bufferId:32495722561540 framenumber:75367
05-03 21:37:28.634 E/BLASTBufferQueue( 7566): [SurfaceView[com.solodevlab.solara/com.solodevlab.solara.MainActivity]#1](f:0,a:2) Faking releaseBufferCallback from transactionCompleteCallback 75416
05-03 21:37:28.669 E/BLASTBufferQueue( 7566): [SurfaceView[com.solodevlab.solara/com.solodevlab.solara.MainActivity]#1](f:0,a:1) ERROR: releaseBufferCallback without corresponding submitted buffer bufferId:32495722561542 framenumber:75416
05-03 21:37:29.019 E/BLASTBufferQueue( 7566): [SurfaceView[com.solodevlab.solara/com.solodevlab.solara.MainActivity]#1](f:0,a:2) Faking releaseBufferCallback from transactionCompleteCallback 75439
05-03 21:37:29.036 E/BLASTBufferQueue( 7566): [SurfaceView[com.solodevlab.solara/com.solodevlab.solara.MainActivity]#1](f:0,a:1) ERROR: releaseBufferCallback without corresponding submitted buffer bufferId:32495722561540 framenumber:75439
05-03 21:37:29.136 E/BLASTBufferQueue( 7566): [SurfaceView[com.solodevlab.solara/com.solodevlab.solara.MainActivity]#1](f:0,a:2) Faking releaseBufferCallback from transactionCompleteCallback 75446
05-03 21:37:29.153 E/BLASTBufferQueue( 7566): [SurfaceView[com.solodevlab.solara/com.solodevlab.solara.MainActivity]#1](f:0,a:1) ERROR: releaseBufferCallback without corresponding submitted buffer bufferId:32495722561542 framenumber:75446
05-03 21:37:29.236 E/BLASTBufferQueue( 7566): [SurfaceView[com.solodevlab.solara/com.solodevlab.solara.MainActivity]#1](f:0,a:2) Faking releaseBufferCallback from transactionCompleteCallback 75452
05-03 21:37:29.253 E/BLASTBufferQueue( 7566): [SurfaceView[com.solodevlab.solara/com.solodevlab.solara.MainActivity]#1](f:0,a:1) ERROR: releaseBufferCallback without corresponding submitted buffer bufferId:32495722561542 framenumber:75452
05-03 21:37:29.721 E/BLASTBufferQueue( 7566): [SurfaceView[com.solodevlab.solara/com.solodevlab.solara.MainActivity]#1](f:0,a:2) Faking releaseBufferCallback from transactionCompleteCallback 75481
05-03 21:37:29.756 E/BLASTBufferQueue( 7566): [SurfaceView[com.solodevlab.solara/com.solodevlab.solara.MainActivity]#1](f:0,a:1) ERROR: releaseBufferCallback without corresponding submitted buffer bufferId:32495722561540 framenumber:75481
05-03 21:37:30.172 E/BLASTBufferQueue( 7566): [SurfaceView[com.solodevlab.solara/com.solodevlab.solara.MainActivity]#1](f:0,a:2) Faking releaseBufferCallback from transactionCompleteCallback 75508
05-03 21:37:30.189 E/BLASTBufferQueue( 7566): [SurfaceView[com.solodevlab.solara/com.solodevlab.solara.MainActivity]#1](f:0,a:1) ERROR: releaseBufferCallback without corresponding submitted buffer bufferId:32495722561540 framenumber:75508
05-03 21:37:30.439 E/BLASTBufferQueue( 7566): [SurfaceView[com.solodevlab.solara/com.solodevlab.solara.MainActivity]#1](f:0,a:2) Faking releaseBufferCallback from transactionCompleteCallback 75524
05-03 21:37:30.457 E/BLASTBufferQueue( 7566): [SurfaceView[com.solodevlab.solara/com.solodevlab.solara.MainActivity]#1](f:0,a:1) ERROR: releaseBufferCallback without corresponding submitted buffer bufferId:32495722561542 framenumber:75524
05-03 21:39:08.936 E/BLASTBufferQueue( 7566): [SurfaceView[com.solodevlab.solara/com.solodevlab.solara.MainActivity]#1](f:0,a:2) Faking releaseBufferCallback from transactionCompleteCallback 81418
05-03 21:39:08.953 E/BLASTBufferQueue( 7566): [SurfaceView[com.solodevlab.solara/com.solodevlab.solara.MainActivity]#1](f:0,a:1) ERROR: releaseBufferCallback without corresponding submitted buffer bufferId:32495722561540 framenumber:81418
05-03 21:39:09.019 E/BLASTBufferQueue( 7566): [SurfaceView[com.solodevlab.solara/com.solodevlab.solara.MainActivity]#1](f:0,a:2) Faking releaseBufferCallback from transactionCompleteCallback 81423
05-03 21:39:09.036 E/BLASTBufferQueue( 7566): [SurfaceView[com.solodevlab.solara/com.solodevlab.solara.MainActivity]#1](f:0,a:1) ERROR: releaseBufferCallback without corresponding submitted buffer bufferId:32495722561539 framenumber:81423
05-03 21:39:09.119 E/BLASTBufferQueue( 7566): [SurfaceView[com.solodevlab.solara/com.solodevlab.solara.MainActivity]#1](f:0,a:2) Faking releaseBufferCallback from transactionCompleteCallback 81429
05-03 21:39:09.137 E/BLASTBufferQueue( 7566): [SurfaceView[com.solodevlab.solara/com.solodevlab.solara.MainActivity]#1](f:0,a:1) ERROR: releaseBufferCallback without corresponding submitted buffer bufferId:32495722561539 framenumber:81429
05-03 21:39:09.687 E/BLASTBufferQueue( 7566): [SurfaceView[com.solodevlab.solara/com.solodevlab.solara.MainActivity]#1](f:0,a:2) Faking releaseBufferCallback from transactionCompleteCallback 81463
05-03 21:39:09.705 E/BLASTBufferQueue( 7566): [SurfaceView[com.solodevlab.solara/com.solodevlab.solara.MainActivity]#1](f:0,a:1) ERROR: releaseBufferCallback without corresponding submitted buffer bufferId:32495722561540 framenumber:81463
05-03 21:39:09.954 E/BLASTBufferQueue( 7566): [SurfaceView[com.solodevlab.solara/com.solodevlab.solara.MainActivity]#1](f:0,a:2) Faking releaseBufferCallback from transactionCompleteCallback 81479
05-03 21:39:09.973 E/BLASTBufferQueue( 7566): [SurfaceView[com.solodevlab.solara/com.solodevlab.solara.MainActivity]#1](f:0,a:1) ERROR: releaseBufferCallback without corresponding submitted buffer bufferId:32495722561542 framenumber:81479
05-03 21:39:10.039 E/BLASTBufferQueue( 7566): [SurfaceView[com.solodevlab.solara/com.solodevlab.solara.MainActivity]#1](f:0,a:2) Faking releaseBufferCallback from transactionCompleteCallback 81484
05-03 21:39:10.055 E/BLASTBufferQueue( 7566): [SurfaceView[com.solodevlab.solara/com.solodevlab.solara.MainActivity]#1](f:0,a:1) ERROR: releaseBufferCallback without corresponding submitted buffer bufferId:32495722561540 framenumber:81484
05-03 21:39:10.740 E/BLASTBufferQueue( 7566): [SurfaceView[com.solodevlab.solara/com.solodevlab.solara.MainActivity]#1](f:0,a:2) Faking releaseBufferCallback from transactionCompleteCallback 81526
05-03 21:39:10.775 E/BLASTBufferQueue( 7566): [SurfaceView[com.solodevlab.solara/com.solodevlab.solara.MainActivity]#1](f:0,a:1) ERROR: releaseBufferCallback without corresponding submitted buffer bufferId:32495722561540 framenumber:81526
05-03 21:39:10.857 E/BLASTBufferQueue( 7566): [SurfaceView[com.solodevlab.solara/com.solodevlab.solara.MainActivity]#1](f:0,a:2) Faking releaseBufferCallback from transactionCompleteCallback 81533
05-03 21:39:10.874 E/BLASTBufferQueue( 7566): [SurfaceView[com.solodevlab.solara/com.solodevlab.solara.MainActivity]#1](f:0,a:1) ERROR: releaseBufferCallback without corresponding submitted buffer bufferId:32495722561542 framenumber:81533
05-03 21:39:11.575 E/BLASTBufferQueue( 7566): [SurfaceView[com.solodevlab.solara/com.solodevlab.solara.MainActivity]#1](f:0,a:2) Faking releaseBufferCallback from transactionCompleteCallback 81576
05-03 21:39:11.593 E/BLASTBufferQueue( 7566): [SurfaceView[com.solodevlab.solara/com.solodevlab.solara.MainActivity]#1](f:0,a:1) ERROR: releaseBufferCallback without corresponding submitted buffer bufferId:32495722561539 framenumber:81576
05-03 21:39:11.759 E/BLASTBufferQueue( 7566): [SurfaceView[com.solodevlab.solara/com.solodevlab.solara.MainActivity]#1](f:0,a:2) Faking releaseBufferCallback from transactionCompleteCallback 81587
05-03 21:39:11.794 E/BLASTBufferQueue( 7566): [SurfaceView[com.solodevlab.solara/com.solodevlab.solara.MainActivity]#1](f:0,a:1) ERROR: releaseBufferCallback without corresponding submitted buffer bufferId:32495722561542 framenumber:81587
05-03 21:39:12.193 E/BLASTBufferQueue( 7566): [SurfaceView[com.solodevlab.solara/com.solodevlab.solara.MainActivity]#1](f:0,a:2) Faking releaseBufferCallback from transactionCompleteCallback 81613
05-03 21:39:12.211 E/BLASTBufferQueue( 7566): [SurfaceView[com.solodevlab.solara/com.solodevlab.solara.MainActivity]#1](f:0,a:1) ERROR: releaseBufferCallback without corresponding submitted buffer bufferId:32495722561540 framenumber:81613
05-03 21:39:12.360 E/BLASTBufferQueue( 7566): [SurfaceView[com.solodevlab.solara/com.solodevlab.solara.MainActivity]#1](f:0,a:2) Faking releaseBufferCallback from transactionCompleteCallback 81623
05-03 21:39:12.378 E/BLASTBufferQueue( 7566): [SurfaceView[com.solodevlab.solara/com.solodevlab.solara.MainActivity]#1](f:0,a:1) ERROR: releaseBufferCallback without corresponding submitted buffer bufferId:32495722561542 framenumber:81623
05-03 21:39:12.879 E/BLASTBufferQueue( 7566): [SurfaceView[com.solodevlab.solara/com.solodevlab.solara.MainActivity]#1](f:0,a:2) Faking releaseBufferCallback from transactionCompleteCallback 81654
05-03 21:39:12.896 E/BLASTBufferQueue( 7566): [SurfaceView[com.solodevlab.solara/com.solodevlab.solara.MainActivity]#1](f:0,a:1) ERROR: releaseBufferCallback without corresponding submitted buffer bufferId:32495722561539 framenumber:81654
05-03 21:39:41.406 E/BLASTBufferQueue( 7566): [SurfaceView[com.solodevlab.solara/com.solodevlab.solara.MainActivity]#1](f:0,a:2) Faking releaseBufferCallback from transactionCompleteCallback 83360
05-03 21:39:41.418 E/BLASTBufferQueue( 7566): [SurfaceView[com.solodevlab.solara/com.solodevlab.solara.MainActivity]#1](f:0,a:1) ERROR: releaseBufferCallback without corresponding submitted buffer bufferId:32495722561542 framenumber:83360
05-03 21:39:41.667 E/BLASTBufferQueue( 7566): [SurfaceView[com.solodevlab.solara/com.solodevlab.solara.MainActivity]#1](f:0,a:2) Faking releaseBufferCallback from transactionCompleteCallback 83376
05-03 21:39:41.685 E/BLASTBufferQueue( 7566): [SurfaceView[com.solodevlab.solara/com.solodevlab.solara.MainActivity]#1](f:0,a:1) ERROR: releaseBufferCallback without corresponding submitted buffer bufferId:32495722561539 framenumber:83376
05-03 21:39:42.419 E/BLASTBufferQueue( 7566): [SurfaceView[com.solodevlab.solara/com.solodevlab.solara.MainActivity]#1](f:0,a:2) Faking releaseBufferCallback from transactionCompleteCallback 83421
05-03 21:39:42.437 E/BLASTBufferQueue( 7566): [SurfaceView[com.solodevlab.solara/com.solodevlab.solara.MainActivity]#1](f:0,a:1) ERROR: releaseBufferCallback without corresponding submitted buffer bufferId:32495722561539 framenumber:83421
05-03 21:40:39.245 E/BLASTBufferQueue( 7566): [SurfaceView[com.solodevlab.solara/com.solodevlab.solara.MainActivity]#1](f:0,a:2) Faking releaseBufferCallback from transactionCompleteCallback 86820
05-03 21:40:39.262 E/BLASTBufferQueue( 7566): [SurfaceView[com.solodevlab.solara/com.solodevlab.solara.MainActivity]#1](f:0,a:1) ERROR: releaseBufferCallback without corresponding submitted buffer bufferId:32495722561539 framenumber:86820
05-03 21:40:55.318 E/BLASTBufferQueue( 7566): [SurfaceView[com.solodevlab.solara/com.solodevlab.solara.MainActivity]#1](f:0,a:2) Faking releaseBufferCallback from transactionCompleteCallback 87782
05-03 21:40:55.337 E/BLASTBufferQueue( 7566): [SurfaceView[com.solodevlab.solara/com.solodevlab.solara.MainActivity]#1](f:0,a:1) ERROR: releaseBufferCallback without corresponding submitted buffer bufferId:32495722561542 framenumber:87782
05-03 21:40:55.351 E/BLASTBufferQueue( 7566): [SurfaceView[com.solodevlab.solara/com.solodevlab.solara.MainActivity]#1](f:0,a:2) Faking releaseBufferCallback from transactionCompleteCallback 87784
05-03 21:40:55.369 E/BLASTBufferQueue( 7566): [SurfaceView[com.solodevlab.solara/com.solodevlab.solara.MainActivity]#1](f:0,a:1) ERROR: releaseBufferCallback without corresponding submitted buffer bufferId:32495722561540 framenumber:87784
05-03 21:45:33.029 E/BLASTBufferQueue( 7566): [SurfaceView[com.solodevlab.solara/com.solodevlab.solara.MainActivity]#1](f:0,a:2) Faking releaseBufferCallback from transactionCompleteCallback 104400
05-03 21:45:33.046 E/BLASTBufferQueue( 7566): [SurfaceView[com.solodevlab.solara/com.solodevlab.solara.MainActivity]#1](f:0,a:1) ERROR: releaseBufferCallback without corresponding submitted buffer bufferId:32495722561539 framenumber:104400
05-03 21:45:33.598 E/BLASTBufferQueue( 7566): [SurfaceView[com.solodevlab.solara/com.solodevlab.solara.MainActivity]#1](f:0,a:2) Faking releaseBufferCallback from transactionCompleteCallback 104434
05-03 21:45:33.615 E/BLASTBufferQueue( 7566): [SurfaceView[com.solodevlab.solara/com.solodevlab.solara.MainActivity]#1](f:0,a:1) ERROR: releaseBufferCallback without corresponding submitted buffer bufferId:32495722561540 framenumber:104434
05-03 21:45:33.798 E/BLASTBufferQueue( 7566): [SurfaceView[com.solodevlab.solara/com.solodevlab.solara.MainActivity]#1](f:0,a:2) Faking releaseBufferCallback from transactionCompleteCallback 104446
05-03 21:45:33.815 E/BLASTBufferQueue( 7566): [SurfaceView[com.solodevlab.solara/com.solodevlab.solara.MainActivity]#1](f:0,a:1) ERROR: releaseBufferCallback without corresponding submitted buffer bufferId:32495722561540 framenumber:104446
05-03 21:45:33.882 E/BLASTBufferQueue( 7566): [SurfaceView[com.solodevlab.solara/com.solodevlab.solara.MainActivity]#1](f:0,a:2) Faking releaseBufferCallback from transactionCompleteCallback 104451
05-03 21:45:33.900 E/BLASTBufferQueue( 7566): [SurfaceView[com.solodevlab.solara/com.solodevlab.solara.MainActivity]#1](f:0,a:1) ERROR: releaseBufferCallback without corresponding submitted buffer bufferId:32495722561539 framenumber:104451
05-03 21:45:34.199 E/BLASTBufferQueue( 7566): [SurfaceView[com.solodevlab.solara/com.solodevlab.solara.MainActivity]#1](f:0,a:2) Faking releaseBufferCallback from transactionCompleteCallback 104470
05-03 21:45:34.217 E/BLASTBufferQueue( 7566): [SurfaceView[com.solodevlab.solara/com.solodevlab.solara.MainActivity]#1](f:0,a:1) ERROR: releaseBufferCallback without corresponding submitted buffer bufferId:32495722561540 framenumber:104470
05-03 21:46:38.426 E/BLASTBufferQueue( 7566): [SurfaceView[com.solodevlab.solara/com.solodevlab.solara.MainActivity]#1](f:0,a:2) Faking releaseBufferCallback from transactionCompleteCallback 108313
05-03 21:46:38.444 E/BLASTBufferQueue( 7566): [SurfaceView[com.solodevlab.solara/com.solodevlab.solara.MainActivity]#1](f:0,a:1) ERROR: releaseBufferCallback without corresponding submitted buffer bufferId:32495722561540 framenumber:108313
05-03 21:46:39.061 E/BLASTBufferQueue( 7566): [SurfaceView[com.solodevlab.solara/com.solodevlab.solara.MainActivity]#1](f:0,a:2) Faking releaseBufferCallback from transactionCompleteCallback 108351
05-03 21:46:39.080 E/BLASTBufferQueue( 7566): [SurfaceView[com.solodevlab.solara/com.solodevlab.solara.MainActivity]#1](f:0,a:1) ERROR: releaseBufferCallback without corresponding submitted buffer bufferId:32495722561539 framenumber:108351
05-03 21:46:40.314 E/BLASTBufferQueue( 7566): [SurfaceView[com.solodevlab.solara/com.solodevlab.solara.MainActivity]#1](f:0,a:2) Faking releaseBufferCallback from transactionCompleteCallback 108426
05-03 21:46:40.332 E/BLASTBufferQueue( 7566): [SurfaceView[com.solodevlab.solara/com.solodevlab.solara.MainActivity]#1](f:0,a:1) ERROR: releaseBufferCallback without corresponding submitted buffer bufferId:32495722561539 framenumber:108426
05-03 21:46:40.498 E/BLASTBufferQueue( 7566): [SurfaceView[com.solodevlab.solara/com.solodevlab.solara.MainActivity]#1](f:0,a:2) Faking releaseBufferCallback from transactionCompleteCallback 108437
05-03 21:46:40.550 E/BLASTBufferQueue( 7566): [SurfaceView[com.solodevlab.solara/com.solodevlab.solara.MainActivity]#1](f:0,a:1) ERROR: releaseBufferCallback without corresponding submitted buffer bufferId:32495722561542 framenumber:108437
05-03 21:46:40.615 E/BLASTBufferQueue( 7566): [SurfaceView[com.solodevlab.solara/com.solodevlab.solara.MainActivity]#1](f:0,a:2) Faking releaseBufferCallback from transactionCompleteCallback 108444
05-03 21:46:40.633 E/BLASTBufferQueue( 7566): [SurfaceView[com.solodevlab.solara/com.solodevlab.solara.MainActivity]#1](f:0,a:1) ERROR: releaseBufferCallback without corresponding submitted buffer bufferId:32495722561539 framenumber:108444
05-03 21:46:40.699 E/BLASTBufferQueue( 7566): [SurfaceView[com.solodevlab.solara/com.solodevlab.solara.MainActivity]#1](f:0,a:2) Faking releaseBufferCallback from transactionCompleteCallback 108449
05-03 21:46:40.716 E/BLASTBufferQueue( 7566): [SurfaceView[com.solodevlab.solara/com.solodevlab.solara.MainActivity]#1](f:0,a:1) ERROR: releaseBufferCallback without corresponding submitted buffer bufferId:32495722561542 framenumber:108449
05-03 21:46:41.083 E/BLASTBufferQueue( 7566): [SurfaceView[com.solodevlab.solara/com.solodevlab.solara.MainActivity]#1](f:0,a:2) Faking releaseBufferCallback from transactionCompleteCallback 108472
05-03 21:46:41.101 E/BLASTBufferQueue( 7566): [SurfaceView[com.solodevlab.solara/com.solodevlab.solara.MainActivity]#1](f:0,a:1) ERROR: releaseBufferCallback without corresponding submitted buffer bufferId:32495722561540 framenumber:108472
05-03 21:46:42.219 E/BLASTBufferQueue( 7566): [SurfaceView[com.solodevlab.solara/com.solodevlab.solara.MainActivity]#1](f:0,a:2) Faking releaseBufferCallback from transactionCompleteCallback 108540
05-03 21:46:42.237 E/BLASTBufferQueue( 7566): [SurfaceView[com.solodevlab.solara/com.solodevlab.solara.MainActivity]#1](f:0,a:1) ERROR: releaseBufferCallback without corresponding submitted buffer bufferId:32495722561539 framenumber:108540
05-03 21:46:42.319 E/BLASTBufferQueue( 7566): [SurfaceView[com.solodevlab.solara/com.solodevlab.solara.MainActivity]#1](f:0,a:2) Faking releaseBufferCallback from transactionCompleteCallback 108546
05-03 21:46:42.337 E/BLASTBufferQueue( 7566): [SurfaceView[com.solodevlab.solara/com.solodevlab.solara.MainActivity]#1](f:0,a:1) ERROR: releaseBufferCallback without corresponding submitted buffer bufferId:32495722561539 framenumber:108546
05-03 21:46:42.520 E/BLASTBufferQueue( 7566): [SurfaceView[com.solodevlab.solara/com.solodevlab.solara.MainActivity]#1](f:0,a:2) Faking releaseBufferCallback from transactionCompleteCallback 108558
05-03 21:46:42.537 E/BLASTBufferQueue( 7566): [SurfaceView[com.solodevlab.solara/com.solodevlab.solara.MainActivity]#1](f:0,a:1) ERROR: releaseBufferCallback without corresponding submitted buffer bufferId:32495722561539 framenumber:108558
05-03 21:46:42.821 E/BLASTBufferQueue( 7566): [SurfaceView[com.solodevlab.solara/com.solodevlab.solara.MainActivity]#1](f:0,a:2) Faking releaseBufferCallback from transactionCompleteCallback 108576
05-03 21:46:42.838 E/BLASTBufferQueue( 7566): [SurfaceView[com.solodevlab.solara/com.solodevlab.solara.MainActivity]#1](f:0,a:1) ERROR: releaseBufferCallback without corresponding submitted buffer bufferId:32495722561539 framenumber:108576
05-03 21:46:43.773 E/BLASTBufferQueue( 7566): [SurfaceView[com.solodevlab.solara/com.solodevlab.solara.MainActivity]#1](f:0,a:2) Faking releaseBufferCallback from transactionCompleteCallback 108633
05-03 21:48:50.758 E/BLASTBufferQueue( 7566): [SurfaceView[com.solodevlab.solara/com.solodevlab.solara.MainActivity]#1](f:0,a:2) Faking releaseBufferCallback from transactionCompleteCallback 116232
05-03 21:48:50.775 E/BLASTBufferQueue( 7566): [SurfaceView[com.solodevlab.solara/com.solodevlab.solara.MainActivity]#1](f:0,a:1) ERROR: releaseBufferCallback without corresponding submitted buffer bufferId:32495722561539 framenumber:116232
05-03 21:48:52.595 E/BLASTBufferQueue( 7566): [SurfaceView[com.solodevlab.solara/com.solodevlab.solara.MainActivity]#1](f:0,a:2) Faking releaseBufferCallback from transactionCompleteCallback 116342
05-03 21:48:52.613 E/BLASTBufferQueue( 7566): [SurfaceView[com.solodevlab.solara/com.solodevlab.solara.MainActivity]#1](f:0,a:1) ERROR: releaseBufferCallback without corresponding submitted buffer bufferId:32495722561542 framenumber:116342
05-03 21:48:52.679 E/BLASTBufferQueue( 7566): [SurfaceView[com.solodevlab.solara/com.solodevlab.solara.MainActivity]#1](f:0,a:2) Faking releaseBufferCallback from transactionCompleteCallback 116347
05-03 21:48:52.696 E/BLASTBufferQueue( 7566): [SurfaceView[com.solodevlab.solara/com.solodevlab.solara.MainActivity]#1](f:0,a:1) ERROR: releaseBufferCallback without corresponding submitted buffer bufferId:32495722561540 framenumber:116347
05-03 21:48:52.779 E/BLASTBufferQueue( 7566): [SurfaceView[com.solodevlab.solara/com.solodevlab.solara.MainActivity]#1](f:0,a:2) Faking releaseBufferCallback from transactionCompleteCallback 116353
05-03 21:48:52.797 E/BLASTBufferQueue( 7566): [SurfaceView[com.solodevlab.solara/com.solodevlab.solara.MainActivity]#1](f:0,a:1) ERROR: releaseBufferCallback without corresponding submitted buffer bufferId:32495722561540 framenumber:116353
05-03 21:48:52.879 E/BLASTBufferQueue( 7566): [SurfaceView[com.solodevlab.solara/com.solodevlab.solara.MainActivity]#1](f:0,a:2) Faking releaseBufferCallback from transactionCompleteCallback 116359
05-03 21:48:52.897 E/BLASTBufferQueue( 7566): [SurfaceView[com.solodevlab.solara/com.solodevlab.solara.MainActivity]#1](f:0,a:1) ERROR: releaseBufferCallback without corresponding submitted buffer bufferId:32495722561540 framenumber:116359
05-03 21:48:53.330 E/BLASTBufferQueue( 7566): [SurfaceView[com.solodevlab.solara/com.solodevlab.solara.MainActivity]#1](f:0,a:2) Faking releaseBufferCallback from transactionCompleteCallback 116386
05-03 21:48:53.365 E/BLASTBufferQueue( 7566): [SurfaceView[com.solodevlab.solara/com.solodevlab.solara.MainActivity]#1](f:0,a:1) ERROR: releaseBufferCallback without corresponding submitted buffer bufferId:32495722561540 framenumber:116386
05-03 21:48:53.648 E/BLASTBufferQueue( 7566): [SurfaceView[com.solodevlab.solara/com.solodevlab.solara.MainActivity]#1](f:0,a:2) Faking releaseBufferCallback from transactionCompleteCallback 116405
05-03 21:48:53.665 E/BLASTBufferQueue( 7566): [SurfaceView[com.solodevlab.solara/com.solodevlab.solara.MainActivity]#1](f:0,a:1) ERROR: releaseBufferCallback without corresponding submitted buffer bufferId:32495722561542 framenumber:116405
05-03 21:48:54.400 E/BLASTBufferQueue( 7566): [SurfaceView[com.solodevlab.solara/com.solodevlab.solara.MainActivity]#1](f:0,a:2) Faking releaseBufferCallback from transactionCompleteCallback 116450
05-03 21:48:54.417 E/BLASTBufferQueue( 7566): [SurfaceView[com.solodevlab.solara/com.solodevlab.solara.MainActivity]#1](f:0,a:1) ERROR: releaseBufferCallback without corresponding submitted buffer bufferId:32495722561542 framenumber:116450
05-03 21:48:55.870 E/BLASTBufferQueue( 7566): [SurfaceView[com.solodevlab.solara/com.solodevlab.solara.MainActivity]#1](f:0,a:2) Faking releaseBufferCallback from transactionCompleteCallback 116538
05-03 21:48:55.888 E/BLASTBufferQueue( 7566): [SurfaceView[com.solodevlab.solara/com.solodevlab.solara.MainActivity]#1](f:0,a:1) ERROR: releaseBufferCallback without corresponding submitted buffer bufferId:32495722561539 framenumber:116538
05-03 21:48:56.054 E/BLASTBufferQueue( 7566): [SurfaceView[com.solodevlab.solara/com.solodevlab.solara.MainActivity]#1](f:0,a:2) Faking releaseBufferCallback from transactionCompleteCallback 116549
05-03 21:48:56.071 E/BLASTBufferQueue( 7566): [SurfaceView[com.solodevlab.solara/com.solodevlab.solara.MainActivity]#1](f:0,a:1) ERROR: releaseBufferCallback without corresponding submitted buffer bufferId:32495722561542 framenumber:116549
05-03 21:49:53.498 E/BLASTBufferQueue( 7566): [SurfaceView[com.solodevlab.solara/com.solodevlab.solara.MainActivity]#1](f:0,a:2) Faking releaseBufferCallback from transactionCompleteCallback 119986
05-03 21:49:53.520 E/BLASTBufferQueue( 7566): [SurfaceView[com.solodevlab.solara/com.solodevlab.solara.MainActivity]#1](f:0,a:2) ERROR: releaseBufferCallback without corresponding submitted buffer bufferId:32495722561540 framenumber:119986
05-03 21:50:43.439 E/BLASTBufferQueue( 7566): [SurfaceView[com.solodevlab.solara/com.solodevlab.solara.MainActivity]#1](f:0,a:2) Faking releaseBufferCallback from transactionCompleteCallback 122975
05-03 21:51:31.443 E/BLASTBufferQueue( 7566): [SurfaceView[com.solodevlab.solara/com.solodevlab.solara.MainActivity]#1](f:0,a:2) Faking releaseBufferCallback from transactionCompleteCallback 125847
05-03 21:51:31.465 E/BLASTBufferQueue( 7566): [SurfaceView[com.solodevlab.solara/com.solodevlab.solara.MainActivity]#1](f:0,a:2) ERROR: releaseBufferCallback without corresponding submitted buffer bufferId:32495722561539 framenumber:125847
05-03 21:51:47.967 E/BLASTBufferQueue( 7566): [SurfaceView[com.solodevlab.solara/com.solodevlab.solara.MainActivity]#1](f:0,a:2) Faking releaseBufferCallback from transactionCompleteCallback 126836
05-03 21:51:47.985 E/BLASTBufferQueue( 7566): [SurfaceView[com.solodevlab.solara/com.solodevlab.solara.MainActivity]#1](f:0,a:1) ERROR: releaseBufferCallback without corresponding submitted buffer bufferId:32495722561542 framenumber:126836
05-03 21:51:48.318 E/BLASTBufferQueue( 7566): [SurfaceView[com.solodevlab.solara/com.solodevlab.solara.MainActivity]#1](f:0,a:2) Faking releaseBufferCallback from transactionCompleteCallback 126857
05-03 21:51:48.335 E/BLASTBufferQueue( 7566): [SurfaceView[com.solodevlab.solara/com.solodevlab.solara.MainActivity]#1](f:0,a:1) ERROR: releaseBufferCallback without corresponding submitted buffer bufferId:32495722561542 framenumber:126857
05-03 21:51:48.635 E/BLASTBufferQueue( 7566): [SurfaceView[com.solodevlab.solara/com.solodevlab.solara.MainActivity]#1](f:0,a:2) Faking releaseBufferCallback from transactionCompleteCallback 126876
05-03 21:51:48.653 E/BLASTBufferQueue( 7566): [SurfaceView[com.solodevlab.solara/com.solodevlab.solara.MainActivity]#1](f:0,a:1) ERROR: releaseBufferCallback without corresponding submitted buffer bufferId:32495722561539 framenumber:126876
05-03 21:51:48.719 E/BLASTBufferQueue( 7566): [SurfaceView[com.solodevlab.solara/com.solodevlab.solara.MainActivity]#1](f:0,a:2) Faking releaseBufferCallback from transactionCompleteCallback 126881
05-03 21:51:48.737 E/BLASTBufferQueue( 7566): [SurfaceView[com.solodevlab.solara/com.solodevlab.solara.MainActivity]#1](f:0,a:1) ERROR: releaseBufferCallback without corresponding submitted buffer bufferId:32495722561542 framenumber:126881
05-03 21:51:49.555 E/BLASTBufferQueue( 7566): [SurfaceView[com.solodevlab.solara/com.solodevlab.solara.MainActivity]#1](f:0,a:2) Faking releaseBufferCallback from transactionCompleteCallback 126931
05-03 21:51:49.573 E/BLASTBufferQueue( 7566): [SurfaceView[com.solodevlab.solara/com.solodevlab.solara.MainActivity]#1](f:0,a:1) ERROR: releaseBufferCallback without corresponding submitted buffer bufferId:32495722561540 framenumber:126931
05-03 21:51:49.655 E/BLASTBufferQueue( 7566): [SurfaceView[com.solodevlab.solara/com.solodevlab.solara.MainActivity]#1](f:0,a:2) Faking releaseBufferCallback from transactionCompleteCallback 126937
05-03 21:51:49.673 E/BLASTBufferQueue( 7566): [SurfaceView[com.solodevlab.solara/com.solodevlab.solara.MainActivity]#1](f:0,a:1) ERROR: releaseBufferCallback without corresponding submitted buffer bufferId:32495722561540 framenumber:126937
05-03 21:51:50.356 E/BLASTBufferQueue( 7566): [SurfaceView[com.solodevlab.solara/com.solodevlab.solara.MainActivity]#1](f:0,a:2) Faking releaseBufferCallback from transactionCompleteCallback 126979
05-03 21:51:50.374 E/BLASTBufferQueue( 7566): [SurfaceView[com.solodevlab.solara/com.solodevlab.solara.MainActivity]#1](f:0,a:1) ERROR: releaseBufferCallback without corresponding submitted buffer bufferId:32495722561540 framenumber:126979
05-03 21:51:50.975 E/BLASTBufferQueue( 7566): [SurfaceView[com.solodevlab.solara/com.solodevlab.solara.MainActivity]#1](f:0,a:2) Faking releaseBufferCallback from transactionCompleteCallback 127016
05-03 21:56:25.411 E/BLASTBufferQueue( 7566): [SurfaceView[com.solodevlab.solara/com.solodevlab.solara.MainActivity]#1](f:0,a:2) Faking releaseBufferCallback from transactionCompleteCallback 143439
05-03 21:56:25.429 E/BLASTBufferQueue( 7566): [SurfaceView[com.solodevlab.solara/com.solodevlab.solara.MainActivity]#1](f:0,a:1) ERROR: releaseBufferCallback without corresponding submitted buffer bufferId:32495722561539 framenumber:143439
05-03 21:56:25.678 E/BLASTBufferQueue( 7566): [SurfaceView[com.solodevlab.solara/com.solodevlab.solara.MainActivity]#1](f:0,a:2) Faking releaseBufferCallback from transactionCompleteCallback 143455
05-03 21:56:25.713 E/BLASTBufferQueue( 7566): [SurfaceView[com.solodevlab.solara/com.solodevlab.solara.MainActivity]#1](f:0,a:1) ERROR: releaseBufferCallback without corresponding submitted buffer bufferId:32495722561540 framenumber:143455
05-03 21:56:26.447 E/BLASTBufferQueue( 7566): [SurfaceView[com.solodevlab.solara/com.solodevlab.solara.MainActivity]#1](f:0,a:2) Faking releaseBufferCallback from transactionCompleteCallback 143501
05-03 21:56:26.464 E/BLASTBufferQueue( 7566): [SurfaceView[com.solodevlab.solara/com.solodevlab.solara.MainActivity]#1](f:0,a:1) ERROR: releaseBufferCallback without corresponding submitted buffer bufferId:32495722561542 framenumber:143501
05-03 21:56:26.614 E/BLASTBufferQueue( 7566): [SurfaceView[com.solodevlab.solara/com.solodevlab.solara.MainActivity]#1](f:0,a:2) Faking releaseBufferCallback from transactionCompleteCallback 143511
05-03 21:56:26.632 E/BLASTBufferQueue( 7566): [SurfaceView[com.solodevlab.solara/com.solodevlab.solara.MainActivity]#1](f:0,a:1) ERROR: releaseBufferCallback without corresponding submitted buffer bufferId:32495722561539 framenumber:143511
05-03 21:56:26.731 E/BLASTBufferQueue( 7566): [SurfaceView[com.solodevlab.solara/com.solodevlab.solara.MainActivity]#1](f:0,a:2) Faking releaseBufferCallback from transactionCompleteCallback 143518
05-03 21:56:26.749 E/BLASTBufferQueue( 7566): [SurfaceView[com.solodevlab.solara/com.solodevlab.solara.MainActivity]#1](f:0,a:1) ERROR: releaseBufferCallback without corresponding submitted buffer bufferId:32495722561540 framenumber:143518
05-03 21:56:27.098 E/BLASTBufferQueue( 7566): [SurfaceView[com.solodevlab.solara/com.solodevlab.solara.MainActivity]#1](f:0,a:2) Faking releaseBufferCallback from transactionCompleteCallback 143540
05-03 21:56:27.116 E/BLASTBufferQueue( 7566): [SurfaceView[com.solodevlab.solara/com.solodevlab.solara.MainActivity]#1](f:0,a:1) ERROR: releaseBufferCallback without corresponding submitted buffer bufferId:32495722561542 framenumber:143540
05-03 21:56:27.199 E/BLASTBufferQueue( 7566): [SurfaceView[com.solodevlab.solara/com.solodevlab.solara.MainActivity]#1](f:0,a:2) Faking releaseBufferCallback from transactionCompleteCallback 143546
05-03 21:56:27.216 E/BLASTBufferQueue( 7566): [SurfaceView[com.solodevlab.solara/com.solodevlab.solara.MainActivity]#1](f:0,a:1) ERROR: releaseBufferCallback without corresponding submitted buffer bufferId:32495722561542 framenumber:143546
05-03 21:59:08.586 E/BLASTBufferQueue( 7566): [SurfaceView[com.solodevlab.solara/com.solodevlab.solara.MainActivity]#1](f:0,a:2) Faking releaseBufferCallback from transactionCompleteCallback 153201
05-03 21:59:08.603 E/BLASTBufferQueue( 7566): [SurfaceView[com.solodevlab.solara/com.solodevlab.solara.MainActivity]#1](f:0,a:1) ERROR: releaseBufferCallback without corresponding submitted buffer bufferId:32495722561539 framenumber:153201
05-03 21:59:08.619 E/BLASTBufferQueue( 7566): [SurfaceView[com.solodevlab.solara/com.solodevlab.solara.MainActivity]#1](f:0,a:2) Faking releaseBufferCallback from transactionCompleteCallback 153203
05-03 21:59:08.637 E/BLASTBufferQueue( 7566): [SurfaceView[com.solodevlab.solara/com.solodevlab.solara.MainActivity]#1](f:0,a:1) ERROR: releaseBufferCallback without corresponding submitted buffer bufferId:32495722561542 framenumber:153203
05-03 22:00:01.604 E/BLASTBufferQueue( 7566): [SurfaceView[com.solodevlab.solara/com.solodevlab.solara.MainActivity]#1](f:0,a:2) Faking releaseBufferCallback from transactionCompleteCallback 156371
05-03 22:00:01.620 E/BLASTBufferQueue( 7566): [SurfaceView[com.solodevlab.solara/com.solodevlab.solara.MainActivity]#1](f:0,a:2) ERROR: releaseBufferCallback without corresponding submitted buffer bufferId:32495722561542 framenumber:156371
05-03 22:00:13.816 E/BLASTBufferQueue( 7566): [SurfaceView[com.solodevlab.solara/com.solodevlab.solara.MainActivity]#1](f:0,a:2) Faking releaseBufferCallback from transactionCompleteCallback 157101
05-03 22:00:13.838 E/BLASTBufferQueue( 7566): [SurfaceView[com.solodevlab.solara/com.solodevlab.solara.MainActivity]#1](f:0,a:2) ERROR: releaseBufferCallback without corresponding submitted buffer bufferId:32495722561539 framenumber:157101
05-03 22:02:32.964 E/BLASTBufferQueue( 7566): [SurfaceView[com.solodevlab.solara/com.solodevlab.solara.MainActivity]#1](f:0,a:2) Faking releaseBufferCallback from transactionCompleteCallback 165426
05-03 22:02:32.981 E/BLASTBufferQueue( 7566): [SurfaceView[com.solodevlab.solara/com.solodevlab.solara.MainActivity]#1](f:0,a:1) ERROR: releaseBufferCallback without corresponding submitted buffer bufferId:32495722561539 framenumber:165426
05-03 22:02:33.199 E/BLASTBufferQueue( 7566): [SurfaceView[com.solodevlab.solara/com.solodevlab.solara.MainActivity]#1](f:0,a:2) Faking releaseBufferCallback from transactionCompleteCallback 165440
05-03 22:02:33.215 E/BLASTBufferQueue( 7566): [SurfaceView[com.solodevlab.solara/com.solodevlab.solara.MainActivity]#1](f:0,a:1) ERROR: releaseBufferCallback without corresponding submitted buffer bufferId:32495722561542 framenumber:165440
05-03 22:02:33.314 E/BLASTBufferQueue( 7566): [SurfaceView[com.solodevlab.solara/com.solodevlab.solara.MainActivity]#1](f:0,a:2) Faking releaseBufferCallback from transactionCompleteCallback 165447
05-03 22:02:33.333 E/BLASTBufferQueue( 7566): [SurfaceView[com.solodevlab.solara/com.solodevlab.solara.MainActivity]#1](f:0,a:1) ERROR: releaseBufferCallback without corresponding submitted buffer bufferId:32495722561539 framenumber:165447
05-03 22:02:33.348 E/BLASTBufferQueue( 7566): [SurfaceView[com.solodevlab.solara/com.solodevlab.solara.MainActivity]#1](f:0,a:2) Faking releaseBufferCallback from transactionCompleteCallback 165449
05-03 22:02:33.383 E/BLASTBufferQueue( 7566): [SurfaceView[com.solodevlab.solara/com.solodevlab.solara.MainActivity]#1](f:0,a:1) ERROR: releaseBufferCallback without corresponding submitted buffer bufferId:32495722561542 framenumber:165449
05-03 22:02:33.398 E/BLASTBufferQueue( 7566): [SurfaceView[com.solodevlab.solara/com.solodevlab.solara.MainActivity]#1](f:0,a:2) Faking releaseBufferCallback from transactionCompleteCallback 165452
05-03 22:02:33.416 E/BLASTBufferQueue( 7566): [SurfaceView[com.solodevlab.solara/com.solodevlab.solara.MainActivity]#1](f:0,a:1) ERROR: releaseBufferCallback without corresponding submitted buffer bufferId:32495722561542 framenumber:165452
05-03 22:02:33.566 E/BLASTBufferQueue( 7566): [SurfaceView[com.solodevlab.solara/com.solodevlab.solara.MainActivity]#1](f:0,a:2) Faking releaseBufferCallback from transactionCompleteCallback 165462
05-03 22:02:33.583 E/BLASTBufferQueue( 7566): [SurfaceView[com.solodevlab.solara/com.solodevlab.solara.MainActivity]#1](f:0,a:1) ERROR: releaseBufferCallback without corresponding submitted buffer bufferId:32495722561539 framenumber:165462
05-03 22:02:33.699 E/BLASTBufferQueue( 7566): [SurfaceView[com.solodevlab.solara/com.solodevlab.solara.MainActivity]#1](f:0,a:2) Faking releaseBufferCallback from transactionCompleteCallback 165470
05-03 22:02:33.716 E/BLASTBufferQueue( 7566): [SurfaceView[com.solodevlab.solara/com.solodevlab.solara.MainActivity]#1](f:0,a:1) ERROR: releaseBufferCallback without corresponding submitted buffer bufferId:32495722561542 framenumber:165470
05-03 22:02:34.601 E/BLASTBufferQueue( 7566): [SurfaceView[com.solodevlab.solara/com.solodevlab.solara.MainActivity]#1](f:0,a:2) Faking releaseBufferCallback from transactionCompleteCallback 165524
05-03 22:02:34.618 E/BLASTBufferQueue( 7566): [SurfaceView[com.solodevlab.solara/com.solodevlab.solara.MainActivity]#1](f:0,a:1) ERROR: releaseBufferCallback without corresponding submitted buffer bufferId:32495722561542 framenumber:165524
05-03 22:02:35.136 E/BLASTBufferQueue( 7566): [SurfaceView[com.solodevlab.solara/com.solodevlab.solara.MainActivity]#1](f:0,a:2) Faking releaseBufferCallback from transactionCompleteCallback 165556
05-03 22:02:35.153 E/BLASTBufferQueue( 7566): [SurfaceView[com.solodevlab.solara/com.solodevlab.solara.MainActivity]#1](f:0,a:1) ERROR: releaseBufferCallback without corresponding submitted buffer bufferId:32495722561540 framenumber:165556
05-03 22:02:35.220 E/BLASTBufferQueue( 7566): [SurfaceView[com.solodevlab.solara/com.solodevlab.solara.MainActivity]#1](f:0,a:2) Faking releaseBufferCallback from transactionCompleteCallback 165561
05-03 22:02:35.237 E/BLASTBufferQueue( 7566): [SurfaceView[com.solodevlab.solara/com.solodevlab.solara.MainActivity]#1](f:0,a:1) ERROR: releaseBufferCallback without corresponding submitted buffer bufferId:32495722561539 framenumber:165561
05-03 22:02:35.420 E/BLASTBufferQueue( 7566): [SurfaceView[com.solodevlab.solara/com.solodevlab.solara.MainActivity]#1](f:0,a:2) Faking releaseBufferCallback from transactionCompleteCallback 165573
05-03 22:02:35.437 E/BLASTBufferQueue( 7566): [SurfaceView[com.solodevlab.solara/com.solodevlab.solara.MainActivity]#1](f:0,a:1) ERROR: releaseBufferCallback without corresponding submitted buffer bufferId:32495722561539 framenumber:165573
05-03 22:02:35.671 E/BLASTBufferQueue( 7566): [SurfaceView[com.solodevlab.solara/com.solodevlab.solara.MainActivity]#1](f:0,a:2) Faking releaseBufferCallback from transactionCompleteCallback 165588
05-03 22:02:35.688 E/BLASTBufferQueue( 7566): [SurfaceView[com.solodevlab.solara/com.solodevlab.solara.MainActivity]#1](f:0,a:1) ERROR: releaseBufferCallback without corresponding submitted buffer bufferId:32495722561539 framenumber:165588
05-03 22:11:10.925 W/lodevlab.solara( 7566): Reducing the number of considered missed Gc histogram windows from 279 to 100
05-03 22:24:39.104 W/libc    ( 7566): Access denied finding property "vendor.display.enable_optimal_refresh_rate"
05-03 22:24:39.100 W/lodevlab.solara( 7566): type=1400 audit(0.0:30657): avc:  denied  { read } for  name="u:object_r:vendor_display_prop:s0" dev="tmpfs" ino=12796 scontext=u:r:untrusted_app:s0:c2,c257,c512,c768 tcontext=u:object_r:vendor_display_prop:s0 tclass=file permissive=0
05-03 22:24:39.119 E/OpenGLRenderer( 7566): Unable to match the desired swap behavior.
05-03 22:24:39.124 W/lodevlab.solara( 7566): type=1400 audit(0.0:30658): avc:  denied  { read } for  name="u:object_r:vendor_display_prop:s0" dev="tmpfs" ino=12796 scontext=u:r:untrusted_app:s0:c2,c257,c512,c768 tcontext=u:object_r:vendor_display_prop:s0 tclass=file permissive=0
05-03 22:24:39.130 W/libc    ( 7566): Access denied finding property "vendor.display.enable_optimal_refresh_rate"
05-03 22:24:40.206 E/BLASTBufferQueue( 7566): [SurfaceView[com.solodevlab.solara/com.solodevlab.solara.MainActivity]#3](f:0,a:2) Faking releaseBufferCallback from transactionCompleteCallback 34
05-03 22:24:40.224 E/BLASTBufferQueue( 7566): [SurfaceView[com.solodevlab.solara/com.solodevlab.solara.MainActivity]#3](f:0,a:2) ERROR: releaseBufferCallback without corresponding submitted buffer bufferId:32495722561545 framenumber:34
05-03 22:24:42.369 E/BLASTBufferQueue( 7566): [SurfaceView[com.solodevlab.solara/com.solodevlab.solara.MainActivity]#3](f:0,a:2) Faking releaseBufferCallback from transactionCompleteCallback 129
05-03 22:24:42.556 E/BLASTBufferQueue( 7566): [SurfaceView[com.solodevlab.solara/com.solodevlab.solara.MainActivity]#3](f:0,a:3) Faking releaseBufferCallback from transactionCompleteCallback 131
05-03 22:24:42.571 E/BLASTBufferQueue( 7566): [SurfaceView[com.solodevlab.solara/com.solodevlab.solara.MainActivity]#3](f:0,a:1) ERROR: releaseBufferCallback without corresponding submitted buffer bufferId:32495722561547 framenumber:131
05-03 22:24:42.948 E/BLASTBufferQueue( 7566): [SurfaceView[com.solodevlab.solara/com.solodevlab.solara.MainActivity]#3](f:0,a:2) Faking releaseBufferCallback from transactionCompleteCallback 136
05-03 22:24:42.984 E/BLASTBufferQueue( 7566): [SurfaceView[com.solodevlab.solara/com.solodevlab.solara.MainActivity]#3](f:0,a:2) ERROR: releaseBufferCallback without corresponding submitted buffer bufferId:32495722561545 framenumber:136
05-03 22:24:42.984 E/BLASTBufferQueue( 7566): [SurfaceView[com.solodevlab.solara/com.solodevlab.solara.MainActivity]#3](f:0,a:2) Faking releaseBufferCallback from transactionCompleteCallback 137
05-03 22:24:43.916 E/BLASTBufferQueue( 7566): [SurfaceView[com.solodevlab.solara/com.solodevlab.solara.MainActivity]#3](f:0,a:2) Faking releaseBufferCallback from transactionCompleteCallback 170
05-03 22:24:43.933 E/BLASTBufferQueue( 7566): [SurfaceView[com.solodevlab.solara/com.solodevlab.solara.MainActivity]#3](f:0,a:1) ERROR: releaseBufferCallback without corresponding submitted buffer bufferId:32495722561547 framenumber:170
05-03 22:24:44.016 E/BLASTBufferQueue( 7566): [SurfaceView[com.solodevlab.solara/com.solodevlab.solara.MainActivity]#3](f:0,a:2) Faking releaseBufferCallback from transactionCompleteCallback 176
05-03 22:24:44.039 E/BLASTBufferQueue( 7566): [SurfaceView[com.solodevlab.solara/com.solodevlab.solara.MainActivity]#3](f:0,a:2) ERROR: releaseBufferCallback without corresponding submitted buffer bufferId:32495722561547 framenumber:176
05-03 22:24:45.052 E/BLASTBufferQueue( 7566): [SurfaceView[com.solodevlab.solara/com.solodevlab.solara.MainActivity]#3](f:0,a:2) Faking releaseBufferCallback from transactionCompleteCallback 232
05-03 22:24:45.068 E/BLASTBufferQueue( 7566): [SurfaceView[com.solodevlab.solara/com.solodevlab.solara.MainActivity]#3](f:0,a:1) ERROR: releaseBufferCallback without corresponding submitted buffer bufferId:32495722561545 framenumber:232
05-03 22:24:45.302 E/BLASTBufferQueue( 7566): [SurfaceView[com.solodevlab.solara/com.solodevlab.solara.MainActivity]#3](f:0,a:2) Faking releaseBufferCallback from transactionCompleteCallback 247
05-03 22:24:45.319 E/BLASTBufferQueue( 7566): [SurfaceView[com.solodevlab.solara/com.solodevlab.solara.MainActivity]#3](f:0,a:1) ERROR: releaseBufferCallback without corresponding submitted buffer bufferId:32495722561545 framenumber:247
05-03 22:24:45.556 W/WindowOnBackDispatcher( 7566): sendCancelIfRunning: isInProgress=falsecallback=ImeCallback=ImeOnBackInvokedCallback@179324420 Callback=android.window.IOnBackInvokedCallback$Stub$Proxy@73e526c
05-03 22:24:45.855 E/BLASTBufferQueue( 7566): [SurfaceView[com.solodevlab.solara/com.solodevlab.solara.MainActivity]#3](f:0,a:2) Faking releaseBufferCallback from transactionCompleteCallback 257
05-03 22:24:45.888 E/BLASTBufferQueue( 7566): [SurfaceView[com.solodevlab.solara/com.solodevlab.solara.MainActivity]#3](f:0,a:2) ERROR: releaseBufferCallback without corresponding submitted buffer bufferId:32495722561547 framenumber:257
05-03 22:24:45.888 E/BLASTBufferQueue( 7566): [SurfaceView[com.solodevlab.solara/com.solodevlab.solara.MainActivity]#3](f:0,a:2) Faking releaseBufferCallback from transactionCompleteCallback 258
05-03 22:24:45.923 E/BLASTBufferQueue( 7566): [SurfaceView[com.solodevlab.solara/com.solodevlab.solara.MainActivity]#3](f:0,a:2) ERROR: releaseBufferCallback without corresponding submitted buffer bufferId:32495722561548 framenumber:258
05-03 22:24:46.327 W/WindowOnBackDispatcher( 7566): OnBackInvokedCallback is not enabled for the application.
05-03 22:24:46.327 W/WindowOnBackDispatcher( 7566): Set 'android:enableOnBackInvokedCallback="true"' in the application manifest.
05-03 22:24:46.410 E/BLASTBufferQueue( 7566): [SurfaceView[com.solodevlab.solara/com.solodevlab.solara.MainActivity]#3](f:0,a:2) Faking releaseBufferCallback from transactionCompleteCallback 266
05-03 22:24:46.472 E/BLASTBufferQueue( 7566): [SurfaceView[com.solodevlab.solara/com.solodevlab.solara.MainActivity]#3](f:0,a:2) Faking releaseBufferCallback from transactionCompleteCallback 269
05-03 22:24:46.623 E/BLASTBufferQueue( 7566): [SurfaceView[com.solodevlab.solara/com.solodevlab.solara.MainActivity]#3](f:0,a:2) Faking releaseBufferCallback from transactionCompleteCallback 275
05-03 22:24:46.639 E/BLASTBufferQueue( 7566): [SurfaceView[com.solodevlab.solara/com.solodevlab.solara.MainActivity]#3](f:0,a:1) ERROR: releaseBufferCallback without corresponding submitted buffer bufferId:32495722561547 framenumber:275
05-03 22:24:46.689 E/BLASTBufferQueue( 7566): [SurfaceView[com.solodevlab.solara/com.solodevlab.solara.MainActivity]#3](f:0,a:2) Faking releaseBufferCallback from transactionCompleteCallback 278
05-03 22:24:46.722 E/BLASTBufferQueue( 7566): [SurfaceView[com.solodevlab.solara/com.solodevlab.solara.MainActivity]#3](f:0,a:1) ERROR: releaseBufferCallback without corresponding submitted buffer bufferId:32495722561547 framenumber:278
05-03 22:24:46.738 E/BLASTBufferQueue( 7566): [SurfaceView[com.solodevlab.solara/com.solodevlab.solara.MainActivity]#3](f:0,a:2) Faking releaseBufferCallback from transactionCompleteCallback 281
05-03 22:24:46.807 E/BLASTBufferQueue( 7566): [SurfaceView[com.solodevlab.solara/com.solodevlab.solara.MainActivity]#3](f:0,a:1) ERROR: releaseBufferCallback without corresponding submitted buffer bufferId:32495722561547 framenumber:281
05-03 22:24:46.822 E/BLASTBufferQueue( 7566): [SurfaceView[com.solodevlab.solara/com.solodevlab.solara.MainActivity]#3](f:0,a:2) Faking releaseBufferCallback from transactionCompleteCallback 286
05-03 22:24:47.308 E/BLASTBufferQueue( 7566): [SurfaceView[com.solodevlab.solara/com.solodevlab.solara.MainActivity]#3](f:0,a:2) Faking releaseBufferCallback from transactionCompleteCallback 312
05-03 22:24:49.044 E/BLASTBufferQueue( 7566): [SurfaceView[com.solodevlab.solara/com.solodevlab.solara.MainActivity]#3](f:0,a:2) Faking releaseBufferCallback from transactionCompleteCallback 414
05-03 22:24:49.063 E/BLASTBufferQueue( 7566): [SurfaceView[com.solodevlab.solara/com.solodevlab.solara.MainActivity]#3](f:0,a:2) ERROR: releaseBufferCallback without corresponding submitted buffer bufferId:32495722561548 framenumber:414
05-03 22:24:49.902 E/BLASTBufferQueue( 7566): [SurfaceView[com.solodevlab.solara/com.solodevlab.solara.MainActivity]#3](f:0,a:2) Faking releaseBufferCallback from transactionCompleteCallback 458
05-03 22:24:49.930 E/BLASTBufferQueue( 7566): [SurfaceView[com.solodevlab.solara/com.solodevlab.solara.MainActivity]#3](f:0,a:2) ERROR: releaseBufferCallback without corresponding submitted buffer bufferId:32495722561547 framenumber:458
05-03 22:24:49.930 E/BLASTBufferQueue( 7566): [SurfaceView[com.solodevlab.solara/com.solodevlab.solara.MainActivity]#3](f:0,a:2) Faking releaseBufferCallback from transactionCompleteCallback 459
05-03 22:24:49.964 E/BLASTBufferQueue( 7566): [SurfaceView[com.solodevlab.solara/com.solodevlab.solara.MainActivity]#3](f:0,a:2) ERROR: releaseBufferCallback without corresponding submitted buffer bufferId:32495722561548 framenumber:459
05-03 22:24:49.966 E/BLASTBufferQueue( 7566): [SurfaceView[com.solodevlab.solara/com.solodevlab.solara.MainActivity]#3](f:0,a:2) Faking releaseBufferCallback from transactionCompleteCallback 460
05-03 22:25:33.089 E/BLASTBufferQueue( 7566): [SurfaceView[com.solodevlab.solara/com.solodevlab.solara.MainActivity]#3](f:0,a:2) Faking releaseBufferCallback from transactionCompleteCallback 3035
05-03 22:25:33.106 E/BLASTBufferQueue( 7566): [SurfaceView[com.solodevlab.solara/com.solodevlab.solara.MainActivity]#3](f:0,a:2) ERROR: releaseBufferCallback without corresponding submitted buffer bufferId:32495722561547 framenumber:3035
05-03 22:25:33.272 E/BLASTBufferQueue( 7566): [SurfaceView[com.solodevlab.solara/com.solodevlab.solara.MainActivity]#3](f:0,a:2) Faking releaseBufferCallback from transactionCompleteCallback 3046
05-03 22:25:33.292 E/BLASTBufferQueue( 7566): [SurfaceView[com.solodevlab.solara/com.solodevlab.solara.MainActivity]#3](f:0,a:2) ERROR: releaseBufferCallback without corresponding submitted buffer bufferId:32495722561545 framenumber:3046
05-03 22:26:13.344 E/BLASTBufferQueue( 7566): [SurfaceView[com.solodevlab.solara/com.solodevlab.solara.MainActivity]#3](f:0,a:2) Faking releaseBufferCallback from transactionCompleteCallback 5444
05-03 22:26:13.440 E/BLASTBufferQueue( 7566): [SurfaceView[com.solodevlab.solara/com.solodevlab.solara.MainActivity]#3](f:0,a:1) ERROR: releaseBufferCallback without corresponding submitted buffer bufferId:32495722561547 framenumber:5444
05-03 22:26:13.456 E/BLASTBufferQueue( 7566): [SurfaceView[com.solodevlab.solara/com.solodevlab.solara.MainActivity]#3](f:0,a:2) Faking releaseBufferCallback from transactionCompleteCallback 5451
05-03 22:26:13.490 E/BLASTBufferQueue( 7566): [SurfaceView[com.solodevlab.solara/com.solodevlab.solara.MainActivity]#3](f:0,a:1) ERROR: releaseBufferCallback without corresponding submitted buffer bufferId:32495722561548 framenumber:5451
05-03 22:26:13.505 E/BLASTBufferQueue( 7566): [SurfaceView[com.solodevlab.solara/com.solodevlab.solara.MainActivity]#3](f:0,a:2) Faking releaseBufferCallback from transactionCompleteCallback 5454
05-03 22:26:13.523 E/BLASTBufferQueue( 7566): [SurfaceView[com.solodevlab.solara/com.solodevlab.solara.MainActivity]#3](f:0,a:1) ERROR: releaseBufferCallback without corresponding submitted buffer bufferId:32495722561548 framenumber:5454
05-03 22:26:13.539 E/BLASTBufferQueue( 7566): [SurfaceView[com.solodevlab.solara/com.solodevlab.solara.MainActivity]#3](f:0,a:2) Faking releaseBufferCallback from transactionCompleteCallback 5456
05-03 22:26:13.691 E/BLASTBufferQueue( 7566): [SurfaceView[com.solodevlab.solara/com.solodevlab.solara.MainActivity]#3](f:0,a:1) ERROR: releaseBufferCallback without corresponding submitted buffer bufferId:32495722561547 framenumber:5456
05-03 22:26:13.706 E/BLASTBufferQueue( 7566): [SurfaceView[com.solodevlab.solara/com.solodevlab.solara.MainActivity]#3](f:0,a:2) Faking releaseBufferCallback from transactionCompleteCallback 5466
05-03 22:26:13.757 E/BLASTBufferQueue( 7566): [SurfaceView[com.solodevlab.solara/com.solodevlab.solara.MainActivity]#3](f:0,a:1) ERROR: releaseBufferCallback without corresponding submitted buffer bufferId:32495722561548 framenumber:5466
05-03 22:26:13.773 E/BLASTBufferQueue( 7566): [SurfaceView[com.solodevlab.solara/com.solodevlab.solara.MainActivity]#3](f:0,a:2) Faking releaseBufferCallback from transactionCompleteCallback 5470
05-03 22:26:13.907 E/BLASTBufferQueue( 7566): [SurfaceView[com.solodevlab.solara/com.solodevlab.solara.MainActivity]#3](f:0,a:1) ERROR: releaseBufferCallback without corresponding submitted buffer bufferId:32495722561545 framenumber:5470
05-03 22:26:13.923 E/BLASTBufferQueue( 7566): [SurfaceView[com.solodevlab.solara/com.solodevlab.solara.MainActivity]#3](f:0,a:2) Faking releaseBufferCallback from transactionCompleteCallback 5479
05-03 22:26:13.990 E/BLASTBufferQueue( 7566): [SurfaceView[com.solodevlab.solara/com.solodevlab.solara.MainActivity]#3](f:0,a:1) ERROR: releaseBufferCallback without corresponding submitted buffer bufferId:32495722561545 framenumber:5479
05-03 22:26:14.007 E/BLASTBufferQueue( 7566): [SurfaceView[com.solodevlab.solara/com.solodevlab.solara.MainActivity]#3](f:0,a:2) Faking releaseBufferCallback from transactionCompleteCallback 5484
05-03 22:26:14.091 E/BLASTBufferQueue( 7566): [SurfaceView[com.solodevlab.solara/com.solodevlab.solara.MainActivity]#3](f:0,a:1) ERROR: releaseBufferCallback without corresponding submitted buffer bufferId:32495722561548 framenumber:5484
05-03 22:26:14.107 E/BLASTBufferQueue( 7566): [SurfaceView[com.solodevlab.solara/com.solodevlab.solara.MainActivity]#3](f:0,a:2) Faking releaseBufferCallback from transactionCompleteCallback 5490
05-03 22:26:14.259 E/BLASTBufferQueue( 7566): [SurfaceView[com.solodevlab.solara/com.solodevlab.solara.MainActivity]#3](f:0,a:1) ERROR: releaseBufferCallback without corresponding submitted buffer bufferId:32495722561548 framenumber:5490
05-03 22:26:14.274 E/BLASTBufferQueue( 7566): [SurfaceView[com.solodevlab.solara/com.solodevlab.solara.MainActivity]#3](f:0,a:2) Faking releaseBufferCallback from transactionCompleteCallback 5500
05-03 22:26:14.342 E/BLASTBufferQueue( 7566): [SurfaceView[com.solodevlab.solara/com.solodevlab.solara.MainActivity]#3](f:0,a:1) ERROR: releaseBufferCallback without corresponding submitted buffer bufferId:32495722561545 framenumber:5500
05-03 22:26:14.357 E/BLASTBufferQueue( 7566): [SurfaceView[com.solodevlab.solara/com.solodevlab.solara.MainActivity]#3](f:0,a:2) Faking releaseBufferCallback from transactionCompleteCallback 5505
05-03 22:26:14.375 E/BLASTBufferQueue( 7566): [SurfaceView[com.solodevlab.solara/com.solodevlab.solara.MainActivity]#3](f:0,a:1) ERROR: releaseBufferCallback without corresponding submitted buffer bufferId:32495722561548 framenumber:5505
05-03 22:26:14.391 E/BLASTBufferQueue( 7566): [SurfaceView[com.solodevlab.solara/com.solodevlab.solara.MainActivity]#3](f:0,a:2) Faking releaseBufferCallback from transactionCompleteCallback 5507
05-03 22:26:14.442 E/BLASTBufferQueue( 7566): [SurfaceView[com.solodevlab.solara/com.solodevlab.solara.MainActivity]#3](f:0,a:1) ERROR: releaseBufferCallback without corresponding submitted buffer bufferId:32495722561547 framenumber:5507
05-03 22:26:14.458 E/BLASTBufferQueue( 7566): [SurfaceView[com.solodevlab.solara/com.solodevlab.solara.MainActivity]#3](f:0,a:2) Faking releaseBufferCallback from transactionCompleteCallback 5511
05-03 22:26:14.559 E/BLASTBufferQueue( 7566): [SurfaceView[com.solodevlab.solara/com.solodevlab.solara.MainActivity]#3](f:0,a:1) ERROR: releaseBufferCallback without corresponding submitted buffer bufferId:32495722561548 framenumber:5511
05-03 22:26:14.575 E/BLASTBufferQueue( 7566): [SurfaceView[com.solodevlab.solara/com.solodevlab.solara.MainActivity]#3](f:0,a:2) Faking releaseBufferCallback from transactionCompleteCallback 5518
05-03 22:26:14.793 E/BLASTBufferQueue( 7566): [SurfaceView[com.solodevlab.solara/com.solodevlab.solara.MainActivity]#3](f:0,a:1) ERROR: releaseBufferCallback without corresponding submitted buffer bufferId:32495722561545 framenumber:5518
05-03 22:26:14.809 E/BLASTBufferQueue( 7566): [SurfaceView[com.solodevlab.solara/com.solodevlab.solara.MainActivity]#3](f:0,a:2) Faking releaseBufferCallback from transactionCompleteCallback 5532
05-03 22:26:14.843 E/BLASTBufferQueue( 7566): [SurfaceView[com.solodevlab.solara/com.solodevlab.solara.MainActivity]#3](f:0,a:1) ERROR: releaseBufferCallback without corresponding submitted buffer bufferId:32495722561548 framenumber:5532
05-03 22:26:14.859 E/BLASTBufferQueue( 7566): [SurfaceView[com.solodevlab.solara/com.solodevlab.solara.MainActivity]#3](f:0,a:2) Faking releaseBufferCallback from transactionCompleteCallback 5535
05-03 22:26:14.894 E/BLASTBufferQueue( 7566): [SurfaceView[com.solodevlab.solara/com.solodevlab.solara.MainActivity]#3](f:0,a:1) ERROR: releaseBufferCallback without corresponding submitted buffer bufferId:32495722561548 framenumber:5535
05-03 22:26:14.909 E/BLASTBufferQueue( 7566): [SurfaceView[com.solodevlab.solara/com.solodevlab.solara.MainActivity]#3](f:0,a:2) Faking releaseBufferCallback from transactionCompleteCallback 5538
05-03 22:26:14.927 E/BLASTBufferQueue( 7566): [SurfaceView[com.solodevlab.solara/com.solodevlab.solara.MainActivity]#3](f:0,a:1) ERROR: releaseBufferCallback without corresponding submitted buffer bufferId:32495722561548 framenumber:5538
05-03 22:26:14.943 E/BLASTBufferQueue( 7566): [SurfaceView[com.solodevlab.solara/com.solodevlab.solara.MainActivity]#3](f:0,a:2) Faking releaseBufferCallback from transactionCompleteCallback 5540
05-03 22:26:14.960 E/BLASTBufferQueue( 7566): [SurfaceView[com.solodevlab.solara/com.solodevlab.solara.MainActivity]#3](f:0,a:1) ERROR: releaseBufferCallback without corresponding submitted buffer bufferId:32495722561547 framenumber:5540
05-03 22:26:14.976 E/BLASTBufferQueue( 7566): [SurfaceView[com.solodevlab.solara/com.solodevlab.solara.MainActivity]#3](f:0,a:2) Faking releaseBufferCallback from transactionCompleteCallback 5542
05-03 22:26:15.043 E/BLASTBufferQueue( 7566): [SurfaceView[com.solodevlab.solara/com.solodevlab.solara.MainActivity]#3](f:0,a:1) ERROR: releaseBufferCallback without corresponding submitted buffer bufferId:32495722561545 framenumber:5542
05-03 22:26:15.059 E/BLASTBufferQueue( 7566): [SurfaceView[com.solodevlab.solara/com.solodevlab.solara.MainActivity]#3](f:0,a:2) Faking releaseBufferCallback from transactionCompleteCallback 5547
05-03 22:26:15.128 E/BLASTBufferQueue( 7566): [SurfaceView[com.solodevlab.solara/com.solodevlab.solara.MainActivity]#3](f:0,a:1) ERROR: releaseBufferCallback without corresponding submitted buffer bufferId:32495722561548 framenumber:5547
05-03 22:26:15.143 E/BLASTBufferQueue( 7566): [SurfaceView[com.solodevlab.solara/com.solodevlab.solara.MainActivity]#3](f:0,a:2) Faking releaseBufferCallback from transactionCompleteCallback 5552
05-03 22:26:15.160 E/BLASTBufferQueue( 7566): [SurfaceView[com.solodevlab.solara/com.solodevlab.solara.MainActivity]#3](f:0,a:1) ERROR: releaseBufferCallback without corresponding submitted buffer bufferId:32495722561547 framenumber:5552
05-03 22:26:15.177 E/BLASTBufferQueue( 7566): [SurfaceView[com.solodevlab.solara/com.solodevlab.solara.MainActivity]#3](f:0,a:2) Faking releaseBufferCallback from transactionCompleteCallback 5554
05-03 22:26:15.211 E/BLASTBufferQueue( 7566): [SurfaceView[com.solodevlab.solara/com.solodevlab.solara.MainActivity]#3](f:0,a:1) ERROR: releaseBufferCallback without corresponding submitted buffer bufferId:32495722561545 framenumber:5554
05-03 22:26:15.226 E/BLASTBufferQueue( 7566): [SurfaceView[com.solodevlab.solara/com.solodevlab.solara.MainActivity]#3](f:0,a:2) Faking releaseBufferCallback from transactionCompleteCallback 5557
05-03 22:26:15.379 E/BLASTBufferQueue( 7566): [SurfaceView[com.solodevlab.solara/com.solodevlab.solara.MainActivity]#3](f:0,a:1) ERROR: releaseBufferCallback without corresponding submitted buffer bufferId:32495722561545 framenumber:5557
05-03 22:26:15.393 E/BLASTBufferQueue( 7566): [SurfaceView[com.solodevlab.solara/com.solodevlab.solara.MainActivity]#3](f:0,a:2) Faking releaseBufferCallback from transactionCompleteCallback 5567
05-03 22:26:15.411 E/BLASTBufferQueue( 7566): [SurfaceView[com.solodevlab.solara/com.solodevlab.solara.MainActivity]#3](f:0,a:1) ERROR: releaseBufferCallback without corresponding submitted buffer bufferId:32495722561547 framenumber:5567
05-03 22:26:15.427 E/BLASTBufferQueue( 7566): [SurfaceView[com.solodevlab.solara/com.solodevlab.solara.MainActivity]#3](f:0,a:2) Faking releaseBufferCallback from transactionCompleteCallback 5569
05-03 22:26:15.494 E/BLASTBufferQueue( 7566): [SurfaceView[com.solodevlab.solara/com.solodevlab.solara.MainActivity]#3](f:0,a:1) ERROR: releaseBufferCallback without corresponding submitted buffer bufferId:32495722561545 framenumber:5569
05-03 22:26:15.510 E/BLASTBufferQueue( 7566): [SurfaceView[com.solodevlab.solara/com.solodevlab.solara.MainActivity]#3](f:0,a:2) Faking releaseBufferCallback from transactionCompleteCallback 5574
05-03 22:26:15.579 E/BLASTBufferQueue( 7566): [SurfaceView[com.solodevlab.solara/com.solodevlab.solara.MainActivity]#3](f:0,a:1) ERROR: releaseBufferCallback without corresponding submitted buffer bufferId:32495722561548 framenumber:5574
05-03 22:26:15.594 E/BLASTBufferQueue( 7566): [SurfaceView[com.solodevlab.solara/com.solodevlab.solara.MainActivity]#3](f:0,a:2) Faking releaseBufferCallback from transactionCompleteCallback 5579
05-03 22:26:15.628 E/BLASTBufferQueue( 7566): [SurfaceView[com.solodevlab.solara/com.solodevlab.solara.MainActivity]#3](f:0,a:1) ERROR: releaseBufferCallback without corresponding submitted buffer bufferId:32495722561547 framenumber:5579
05-03 22:26:15.645 E/BLASTBufferQueue( 7566): [SurfaceView[com.solodevlab.solara/com.solodevlab.solara.MainActivity]#3](f:0,a:2) Faking releaseBufferCallback from transactionCompleteCallback 5582
05-03 22:26:15.728 E/BLASTBufferQueue( 7566): [SurfaceView[com.solodevlab.solara/com.solodevlab.solara.MainActivity]#3](f:0,a:1) ERROR: releaseBufferCallback without corresponding submitted buffer bufferId:32495722561547 framenumber:5582
05-03 22:26:15.745 E/BLASTBufferQueue( 7566): [SurfaceView[com.solodevlab.solara/com.solodevlab.solara.MainActivity]#3](f:0,a:2) Faking releaseBufferCallback from transactionCompleteCallback 5588
05-03 22:26:15.779 E/BLASTBufferQueue( 7566): [SurfaceView[com.solodevlab.solara/com.solodevlab.solara.MainActivity]#3](f:0,a:1) ERROR: releaseBufferCallback without corresponding submitted buffer bufferId:32495722561547 framenumber:5588
05-03 22:26:15.794 E/BLASTBufferQueue( 7566): [SurfaceView[com.solodevlab.solara/com.solodevlab.solara.MainActivity]#3](f:0,a:2) Faking releaseBufferCallback from transactionCompleteCallback 5591
05-03 22:26:15.812 E/BLASTBufferQueue( 7566): [SurfaceView[com.solodevlab.solara/com.solodevlab.solara.MainActivity]#3](f:0,a:1) ERROR: releaseBufferCallback without corresponding submitted buffer bufferId:32495722561547 framenumber:5591
05-03 22:26:15.828 E/BLASTBufferQueue( 7566): [SurfaceView[com.solodevlab.solara/com.solodevlab.solara.MainActivity]#3](f:0,a:2) Faking releaseBufferCallback from transactionCompleteCallback 5593
05-03 22:26:15.845 E/BLASTBufferQueue( 7566): [SurfaceView[com.solodevlab.solara/com.solodevlab.solara.MainActivity]#3](f:0,a:1) ERROR: releaseBufferCallback without corresponding submitted buffer bufferId:32495722561545 framenumber:5593
05-03 22:26:15.861 E/BLASTBufferQueue( 7566): [SurfaceView[com.solodevlab.solara/com.solodevlab.solara.MainActivity]#3](f:0,a:2) Faking releaseBufferCallback from transactionCompleteCallback 5595
05-03 22:26:15.980 E/BLASTBufferQueue( 7566): [SurfaceView[com.solodevlab.solara/com.solodevlab.solara.MainActivity]#3](f:0,a:1) ERROR: releaseBufferCallback without corresponding submitted buffer bufferId:32495722561548 framenumber:5595
05-03 22:26:15.995 E/BLASTBufferQueue( 7566): [SurfaceView[com.solodevlab.solara/com.solodevlab.solara.MainActivity]#3](f:0,a:2) Faking releaseBufferCallback from transactionCompleteCallback 5603
05-03 22:26:16.063 E/BLASTBufferQueue( 7566): [SurfaceView[com.solodevlab.solara/com.solodevlab.solara.MainActivity]#3](f:0,a:1) ERROR: releaseBufferCallback without corresponding submitted buffer bufferId:32495722561547 framenumber:5603
05-03 22:26:16.078 E/BLASTBufferQueue( 7566): [SurfaceView[com.solodevlab.solara/com.solodevlab.solara.MainActivity]#3](f:0,a:2) Faking releaseBufferCallback from transactionCompleteCallback 5608
05-03 22:26:16.096 E/BLASTBufferQueue( 7566): [SurfaceView[com.solodevlab.solara/com.solodevlab.solara.MainActivity]#3](f:0,a:1) ERROR: releaseBufferCallback without corresponding submitted buffer bufferId:32495722561545 framenumber:5608
05-03 22:26:16.113 E/BLASTBufferQueue( 7566): [SurfaceView[com.solodevlab.solara/com.solodevlab.solara.MainActivity]#3](f:0,a:2) Faking releaseBufferCallback from transactionCompleteCallback 5610
05-03 22:26:16.164 E/BLASTBufferQueue( 7566): [SurfaceView[com.solodevlab.solara/com.solodevlab.solara.MainActivity]#3](f:0,a:1) ERROR: releaseBufferCallback without corresponding submitted buffer bufferId:32495722561548 framenumber:5610
05-03 22:26:16.179 E/BLASTBufferQueue( 7566): [SurfaceView[com.solodevlab.solara/com.solodevlab.solara.MainActivity]#3](f:0,a:2) Faking releaseBufferCallback from transactionCompleteCallback 5614
05-03 22:26:16.246 E/BLASTBufferQueue( 7566): [SurfaceView[com.solodevlab.solara/com.solodevlab.solara.MainActivity]#3](f:0,a:1) ERROR: releaseBufferCallback without corresponding submitted buffer bufferId:32495722561545 framenumber:5614
05-03 22:26:16.262 E/BLASTBufferQueue( 7566): [SurfaceView[com.solodevlab.solara/com.solodevlab.solara.MainActivity]#3](f:0,a:2) Faking releaseBufferCallback from transactionCompleteCallback 5619
05-03 22:26:16.331 E/BLASTBufferQueue( 7566): [SurfaceView[com.solodevlab.solara/com.solodevlab.solara.MainActivity]#3](f:0,a:1) ERROR: releaseBufferCallback without corresponding submitted buffer bufferId:32495722561548 framenumber:5619
05-03 22:26:16.346 E/BLASTBufferQueue( 7566): [SurfaceView[com.solodevlab.solara/com.solodevlab.solara.MainActivity]#3](f:0,a:2) Faking releaseBufferCallback from transactionCompleteCallback 5624
05-03 22:26:16.397 E/BLASTBufferQueue( 7566): [SurfaceView[com.solodevlab.solara/com.solodevlab.solara.MainActivity]#3](f:0,a:1) ERROR: releaseBufferCallback without corresponding submitted buffer bufferId:32495722561547 framenumber:5624
05-03 22:26:16.413 E/BLASTBufferQueue( 7566): [SurfaceView[com.solodevlab.solara/com.solodevlab.solara.MainActivity]#3](f:0,a:2) Faking releaseBufferCallback from transactionCompleteCallback 5628
05-03 22:26:16.430 E/BLASTBufferQueue( 7566): [SurfaceView[com.solodevlab.solara/com.solodevlab.solara.MainActivity]#3](f:0,a:1) ERROR: releaseBufferCallback without corresponding submitted buffer bufferId:32495722561548 framenumber:5628
05-03 22:26:16.446 E/BLASTBufferQueue( 7566): [SurfaceView[com.solodevlab.solara/com.solodevlab.solara.MainActivity]#3](f:0,a:2) Faking releaseBufferCallback from transactionCompleteCallback 5630
05-03 22:26:16.564 E/BLASTBufferQueue( 7566): [SurfaceView[com.solodevlab.solara/com.solodevlab.solara.MainActivity]#3](f:0,a:1) ERROR: releaseBufferCallback without corresponding submitted buffer bufferId:32495722561547 framenumber:5630
05-03 22:26:16.580 E/BLASTBufferQueue( 7566): [SurfaceView[com.solodevlab.solara/com.solodevlab.solara.MainActivity]#3](f:0,a:2) Faking releaseBufferCallback from transactionCompleteCallback 5638
05-03 22:26:16.648 E/BLASTBufferQueue( 7566): [SurfaceView[com.solodevlab.solara/com.solodevlab.solara.MainActivity]#3](f:0,a:1) ERROR: releaseBufferCallback without corresponding submitted buffer bufferId:32495722561545 framenumber:5638
05-03 22:26:16.663 E/BLASTBufferQueue( 7566): [SurfaceView[com.solodevlab.solara/com.solodevlab.solara.MainActivity]#3](f:0,a:2) Faking releaseBufferCallback from transactionCompleteCallback 5643
05-03 22:26:16.732 E/BLASTBufferQueue( 7566): [SurfaceView[com.solodevlab.solara/com.solodevlab.solara.MainActivity]#3](f:0,a:1) ERROR: releaseBufferCallback without corresponding submitted buffer bufferId:32495722561548 framenumber:5643
05-03 22:26:16.747 E/BLASTBufferQueue( 7566): [SurfaceView[com.solodevlab.solara/com.solodevlab.solara.MainActivity]#3](f:0,a:2) Faking releaseBufferCallback from transactionCompleteCallback 5648
05-03 22:26:16.797 E/BLASTBufferQueue( 7566): [SurfaceView[com.solodevlab.solara/com.solodevlab.solara.MainActivity]#3](f:0,a:1) ERROR: releaseBufferCallback without corresponding submitted buffer bufferId:32495722561547 framenumber:5648
05-03 22:26:16.813 E/BLASTBufferQueue( 7566): [SurfaceView[com.solodevlab.solara/com.solodevlab.solara.MainActivity]#3](f:0,a:2) Faking releaseBufferCallback from transactionCompleteCallback 5652
05-03 22:26:16.898 E/BLASTBufferQueue( 7566): [SurfaceView[com.solodevlab.solara/com.solodevlab.solara.MainActivity]#3](f:0,a:1) ERROR: releaseBufferCallback without corresponding submitted buffer bufferId:32495722561548 framenumber:5652
05-03 22:26:16.914 E/BLASTBufferQueue( 7566): [SurfaceView[com.solodevlab.solara/com.solodevlab.solara.MainActivity]#3](f:0,a:2) Faking releaseBufferCallback from transactionCompleteCallback 5658
05-03 22:26:16.998 E/BLASTBufferQueue( 7566): [SurfaceView[com.solodevlab.solara/com.solodevlab.solara.MainActivity]#3](f:0,a:1) ERROR: releaseBufferCallback without corresponding submitted buffer bufferId:32495722561548 framenumber:5658
05-03 22:26:17.014 E/BLASTBufferQueue( 7566): [SurfaceView[com.solodevlab.solara/com.solodevlab.solara.MainActivity]#3](f:0,a:2) Faking releaseBufferCallback from transactionCompleteCallback 5664
05-03 22:26:17.115 E/BLASTBufferQueue( 7566): [SurfaceView[com.solodevlab.solara/com.solodevlab.solara.MainActivity]#3](f:0,a:1) ERROR: releaseBufferCallback without corresponding submitted buffer bufferId:32495722561548 framenumber:5664
05-03 22:26:17.131 E/BLASTBufferQueue( 7566): [SurfaceView[com.solodevlab.solara/com.solodevlab.solara.MainActivity]#3](f:0,a:2) Faking releaseBufferCallback from transactionCompleteCallback 5671
05-03 22:26:17.198 E/BLASTBufferQueue( 7566): [SurfaceView[com.solodevlab.solara/com.solodevlab.solara.MainActivity]#3](f:0,a:1) ERROR: releaseBufferCallback without corresponding submitted buffer bufferId:32495722561545 framenumber:5671
05-03 22:26:17.215 E/BLASTBufferQueue( 7566): [SurfaceView[com.solodevlab.solara/com.solodevlab.solara.MainActivity]#3](f:0,a:2) Faking releaseBufferCallback from transactionCompleteCallback 5676
05-03 22:26:17.284 E/BLASTBufferQueue( 7566): [SurfaceView[com.solodevlab.solara/com.solodevlab.solara.MainActivity]#3](f:0,a:1) ERROR: releaseBufferCallback without corresponding submitted buffer bufferId:32495722561548 framenumber:5676
05-03 22:26:17.298 E/BLASTBufferQueue( 7566): [SurfaceView[com.solodevlab.solara/com.solodevlab.solara.MainActivity]#3](f:0,a:2) Faking releaseBufferCallback from transactionCompleteCallback 5681
05-03 22:26:17.316 E/BLASTBufferQueue( 7566): [SurfaceView[com.solodevlab.solara/com.solodevlab.solara.MainActivity]#3](f:0,a:1) ERROR: releaseBufferCallback without corresponding submitted buffer bufferId:32495722561547 framenumber:5681
05-03 22:26:17.332 E/BLASTBufferQueue( 7566): [SurfaceView[com.solodevlab.solara/com.solodevlab.solara.MainActivity]#3](f:0,a:2) Faking releaseBufferCallback from transactionCompleteCallback 5683
05-03 22:26:17.384 E/BLASTBufferQueue( 7566): [SurfaceView[com.solodevlab.solara/com.solodevlab.solara.MainActivity]#3](f:0,a:1) ERROR: releaseBufferCallback without corresponding submitted buffer bufferId:32495722561545 framenumber:5683
05-03 22:26:17.398 E/BLASTBufferQueue( 7566): [SurfaceView[com.solodevlab.solara/com.solodevlab.solara.MainActivity]#3](f:0,a:2) Faking releaseBufferCallback from transactionCompleteCallback 5687
05-03 22:26:17.466 E/BLASTBufferQueue( 7566): [SurfaceView[com.solodevlab.solara/com.solodevlab.solara.MainActivity]#3](f:0,a:1) ERROR: releaseBufferCallback without corresponding submitted buffer bufferId:32495722561547 framenumber:5687
05-03 22:26:17.482 E/BLASTBufferQueue( 7566): [SurfaceView[com.solodevlab.solara/com.solodevlab.solara.MainActivity]#3](f:0,a:2) Faking releaseBufferCallback from transactionCompleteCallback 5692
05-03 22:26:17.551 E/BLASTBufferQueue( 7566): [SurfaceView[com.solodevlab.solara/com.solodevlab.solara.MainActivity]#3](f:0,a:1) ERROR: releaseBufferCallback without corresponding submitted buffer bufferId:32495722561545 framenumber:5692
05-03 22:26:17.565 E/BLASTBufferQueue( 7566): [SurfaceView[com.solodevlab.solara/com.solodevlab.solara.MainActivity]#3](f:0,a:2) Faking releaseBufferCallback from transactionCompleteCallback 5697
05-03 22:26:17.583 E/BLASTBufferQueue( 7566): [SurfaceView[com.solodevlab.solara/com.solodevlab.solara.MainActivity]#3](f:0,a:1) ERROR: releaseBufferCallback without corresponding submitted buffer bufferId:32495722561548 framenumber:5697
05-03 22:26:17.599 E/BLASTBufferQueue( 7566): [SurfaceView[com.solodevlab.solara/com.solodevlab.solara.MainActivity]#3](f:0,a:2) Faking releaseBufferCallback from transactionCompleteCallback 5699
05-03 22:26:17.617 E/BLASTBufferQueue( 7566): [SurfaceView[com.solodevlab.solara/com.solodevlab.solara.MainActivity]#3](f:0,a:1) ERROR: releaseBufferCallback without corresponding submitted buffer bufferId:32495722561547 framenumber:5699
05-03 22:26:17.632 E/BLASTBufferQueue( 7566): [SurfaceView[com.solodevlab.solara/com.solodevlab.solara.MainActivity]#3](f:0,a:2) Faking releaseBufferCallback from transactionCompleteCallback 5701
05-03 22:26:17.735 E/BLASTBufferQueue( 7566): [SurfaceView[com.solodevlab.solara/com.solodevlab.solara.MainActivity]#3](f:0,a:1) ERROR: releaseBufferCallback without corresponding submitted buffer bufferId:32495722561545 framenumber:5701
05-03 22:26:17.749 E/BLASTBufferQueue( 7566): [SurfaceView[com.solodevlab.solara/com.solodevlab.solara.MainActivity]#3](f:0,a:2) Faking releaseBufferCallback from transactionCompleteCallback 5708
05-03 22:26:17.783 E/BLASTBufferQueue( 7566): [SurfaceView[com.solodevlab.solara/com.solodevlab.solara.MainActivity]#3](f:0,a:1) ERROR: releaseBufferCallback without corresponding submitted buffer bufferId:32495722561547 framenumber:5708
05-03 22:26:17.799 E/BLASTBufferQueue( 7566): [SurfaceView[com.solodevlab.solara/com.solodevlab.solara.MainActivity]#3](f:0,a:2) Faking releaseBufferCallback from transactionCompleteCallback 5711
05-03 22:26:17.850 E/BLASTBufferQueue( 7566): [SurfaceView[com.solodevlab.solara/com.solodevlab.solara.MainActivity]#3](f:0,a:1) ERROR: releaseBufferCallback without corresponding submitted buffer bufferId:32495722561547 framenumber:5711
05-03 22:26:17.866 E/BLASTBufferQueue( 7566): [SurfaceView[com.solodevlab.solara/com.solodevlab.solara.MainActivity]#3](f:0,a:2) Faking releaseBufferCallback from transactionCompleteCallback 5715
05-03 22:26:17.968 E/BLASTBufferQueue( 7566): [SurfaceView[com.solodevlab.solara/com.solodevlab.solara.MainActivity]#3](f:0,a:1) ERROR: releaseBufferCallback without corresponding submitted buffer bufferId:32495722561548 framenumber:5715
05-03 22:26:17.983 E/BLASTBufferQueue( 7566): [SurfaceView[com.solodevlab.solara/com.solodevlab.solara.MainActivity]#3](f:0,a:2) Faking releaseBufferCallback from transactionCompleteCallback 5722
05-03 22:26:18.051 E/BLASTBufferQueue( 7566): [SurfaceView[com.solodevlab.solara/com.solodevlab.solara.MainActivity]#3](f:0,a:1) ERROR: releaseBufferCallback without corresponding submitted buffer bufferId:32495722561545 framenumber:5722
05-03 22:26:18.067 E/BLASTBufferQueue( 7566): [SurfaceView[com.solodevlab.solara/com.solodevlab.solara.MainActivity]#3](f:0,a:2) Faking releaseBufferCallback from transactionCompleteCallback 5727
05-03 22:26:18.151 E/BLASTBufferQueue( 7566): [SurfaceView[com.solodevlab.solara/com.solodevlab.solara.MainActivity]#3](f:0,a:1) ERROR: releaseBufferCallback without corresponding submitted buffer bufferId:32495722561548 framenumber:5727
05-03 22:26:18.167 E/BLASTBufferQueue( 7566): [SurfaceView[com.solodevlab.solara/com.solodevlab.solara.MainActivity]#3](f:0,a:2) Faking releaseBufferCallback from transactionCompleteCallback 5733
05-03 22:26:18.201 E/BLASTBufferQueue( 7566): [SurfaceView[com.solodevlab.solara/com.solodevlab.solara.MainActivity]#3](f:0,a:1) ERROR: releaseBufferCallback without corresponding submitted buffer bufferId:32495722561548 framenumber:5733
05-03 22:26:18.217 E/BLASTBufferQueue( 7566): [SurfaceView[com.solodevlab.solara/com.solodevlab.solara.MainActivity]#3](f:0,a:2) Faking releaseBufferCallback from transactionCompleteCallback 5736
05-03 22:26:18.235 E/BLASTBufferQueue( 7566): [SurfaceView[com.solodevlab.solara/com.solodevlab.solara.MainActivity]#3](f:0,a:1) ERROR: releaseBufferCallback without corresponding submitted buffer bufferId:32495722561548 framenumber:5736
05-03 22:26:18.250 E/BLASTBufferQueue( 7566): [SurfaceView[com.solodevlab.solara/com.solodevlab.solara.MainActivity]#3](f:0,a:2) Faking releaseBufferCallback from transactionCompleteCallback 5738
05-03 22:26:18.302 E/BLASTBufferQueue( 7566): [SurfaceView[com.solodevlab.solara/com.solodevlab.solara.MainActivity]#3](f:0,a:1) ERROR: releaseBufferCallback without corresponding submitted buffer bufferId:32495722561547 framenumber:5738
05-03 22:26:18.318 E/BLASTBufferQueue( 7566): [SurfaceView[com.solodevlab.solara/com.solodevlab.solara.MainActivity]#3](f:0,a:2) Faking releaseBufferCallback from transactionCompleteCallback 5742
05-03 22:26:18.385 E/BLASTBufferQueue( 7566): [SurfaceView[com.solodevlab.solara/com.solodevlab.solara.MainActivity]#3](f:0,a:1) ERROR: releaseBufferCallback without corresponding submitted buffer bufferId:32495722561548 framenumber:5742
05-03 22:26:18.401 E/BLASTBufferQueue( 7566): [SurfaceView[com.solodevlab.solara/com.solodevlab.solara.MainActivity]#3](f:0,a:2) Faking releaseBufferCallback from transactionCompleteCallback 5747
05-03 22:26:18.418 E/BLASTBufferQueue( 7566): [SurfaceView[com.solodevlab.solara/com.solodevlab.solara.MainActivity]#3](f:0,a:1) ERROR: releaseBufferCallback without corresponding submitted buffer bufferId:32495722561547 framenumber:5747
05-03 22:26:18.434 E/BLASTBufferQueue( 7566): [SurfaceView[com.solodevlab.solara/com.solodevlab.solara.MainActivity]#3](f:0,a:2) Faking releaseBufferCallback from transactionCompleteCallback 5749
05-03 22:26:18.469 E/BLASTBufferQueue( 7566): [SurfaceView[com.solodevlab.solara/com.solodevlab.solara.MainActivity]#3](f:0,a:1) ERROR: releaseBufferCallback without corresponding submitted buffer bufferId:32495722561545 framenumber:5749
05-03 22:26:18.485 E/BLASTBufferQueue( 7566): [SurfaceView[com.solodevlab.solara/com.solodevlab.solara.MainActivity]#3](f:0,a:2) Faking releaseBufferCallback from transactionCompleteCallback 5752
05-03 22:26:18.503 E/BLASTBufferQueue( 7566): [SurfaceView[com.solodevlab.solara/com.solodevlab.solara.MainActivity]#3](f:0,a:1) ERROR: releaseBufferCallback without corresponding submitted buffer bufferId:32495722561545 framenumber:5752
05-03 22:26:18.518 E/BLASTBufferQueue( 7566): [SurfaceView[com.solodevlab.solara/com.solodevlab.solara.MainActivity]#3](f:0,a:2) Faking releaseBufferCallback from transactionCompleteCallback 5754
05-03 22:26:18.602 E/BLASTBufferQueue( 7566): [SurfaceView[com.solodevlab.solara/com.solodevlab.solara.MainActivity]#3](f:0,a:1) ERROR: releaseBufferCallback without corresponding submitted buffer bufferId:32495722561548 framenumber:5754
05-03 22:26:18.618 E/BLASTBufferQueue( 7566): [SurfaceView[com.solodevlab.solara/com.solodevlab.solara.MainActivity]#3](f:0,a:2) Faking releaseBufferCallback from transactionCompleteCallback 5760
05-03 22:26:18.670 E/BLASTBufferQueue( 7566): [SurfaceView[com.solodevlab.solara/com.solodevlab.solara.MainActivity]#3](f:0,a:1) ERROR: releaseBufferCallback without corresponding submitted buffer bufferId:32495722561548 framenumber:5760
05-03 22:26:37.839 E/BLASTBufferQueue( 7566): [SurfaceView[com.solodevlab.solara/com.solodevlab.solara.MainActivity]#3](f:0,a:2) Faking releaseBufferCallback from transactionCompleteCallback 6909
05-03 22:26:37.868 E/BLASTBufferQueue( 7566): [SurfaceView[com.solodevlab.solara/com.solodevlab.solara.MainActivity]#3](f:0,a:1) ERROR: releaseBufferCallback without corresponding submitted buffer bufferId:32495722561548 framenumber:6909
05-03 22:26:37.883 E/BLASTBufferQueue( 7566): [SurfaceView[com.solodevlab.solara/com.solodevlab.solara.MainActivity]#3](f:0,a:2) Faking releaseBufferCallback from transactionCompleteCallback 6912
05-03 22:26:37.901 E/BLASTBufferQueue( 7566): [SurfaceView[com.solodevlab.solara/com.solodevlab.solara.MainActivity]#3](f:0,a:1) ERROR: releaseBufferCallback without corresponding submitted buffer bufferId:32495722561548 framenumber:6912
05-03 22:26:37.916 E/BLASTBufferQueue( 7566): [SurfaceView[com.solodevlab.solara/com.solodevlab.solara.MainActivity]#3](f:0,a:2) Faking releaseBufferCallback from transactionCompleteCallback 6914
05-03 22:26:37.968 E/BLASTBufferQueue( 7566): [SurfaceView[com.solodevlab.solara/com.solodevlab.solara.MainActivity]#3](f:0,a:1) ERROR: releaseBufferCallback without corresponding submitted buffer bufferId:32495722561547 framenumber:6914
05-03 22:26:37.984 E/BLASTBufferQueue( 7566): [SurfaceView[com.solodevlab.solara/com.solodevlab.solara.MainActivity]#3](f:0,a:2) Faking releaseBufferCallback from transactionCompleteCallback 6918
05-03 22:26:38.019 E/BLASTBufferQueue( 7566): [SurfaceView[com.solodevlab.solara/com.solodevlab.solara.MainActivity]#3](f:0,a:1) ERROR: releaseBufferCallback without corresponding submitted buffer bufferId:32495722561548 framenumber:6918
05-03 22:26:38.033 E/BLASTBufferQueue( 7566): [SurfaceView[com.solodevlab.solara/com.solodevlab.solara.MainActivity]#3](f:0,a:2) Faking releaseBufferCallback from transactionCompleteCallback 6921
05-03 22:26:38.051 E/BLASTBufferQueue( 7566): [SurfaceView[com.solodevlab.solara/com.solodevlab.solara.MainActivity]#3](f:0,a:1) ERROR: releaseBufferCallback without corresponding submitted buffer bufferId:32495722561548 framenumber:6921
05-03 22:26:38.067 E/BLASTBufferQueue( 7566): [SurfaceView[com.solodevlab.solara/com.solodevlab.solara.MainActivity]#3](f:0,a:2) Faking releaseBufferCallback from transactionCompleteCallback 6923
05-03 22:26:38.101 E/BLASTBufferQueue( 7566): [SurfaceView[com.solodevlab.solara/com.solodevlab.solara.MainActivity]#3](f:0,a:1) ERROR: releaseBufferCallback without corresponding submitted buffer bufferId:32495722561547 framenumber:6923
05-03 22:26:38.117 E/BLASTBufferQueue( 7566): [SurfaceView[com.solodevlab.solara/com.solodevlab.solara.MainActivity]#3](f:0,a:2) Faking releaseBufferCallback from transactionCompleteCallback 6926
05-03 22:26:38.220 E/BLASTBufferQueue( 7566): [SurfaceView[com.solodevlab.solara/com.solodevlab.solara.MainActivity]#3](f:0,a:1) ERROR: releaseBufferCallback without corresponding submitted buffer bufferId:32495722561547 framenumber:6926
05-03 22:26:38.234 E/BLASTBufferQueue( 7566): [SurfaceView[com.solodevlab.solara/com.solodevlab.solara.MainActivity]#3](f:0,a:2) Faking releaseBufferCallback from transactionCompleteCallback 6933
05-03 22:26:38.252 E/BLASTBufferQueue( 7566): [SurfaceView[com.solodevlab.solara/com.solodevlab.solara.MainActivity]#3](f:0,a:1) ERROR: releaseBufferCallback without corresponding submitted buffer bufferId:32495722561548 framenumber:6933
05-03 22:26:38.267 E/BLASTBufferQueue( 7566): [SurfaceView[com.solodevlab.solara/com.solodevlab.solara.MainActivity]#3](f:0,a:2) Faking releaseBufferCallback from transactionCompleteCallback 6935
05-03 22:27:01.610 E/BLASTBufferQueue( 7566): [SurfaceView[com.solodevlab.solara/com.solodevlab.solara.MainActivity]#3](f:0,a:2) Faking releaseBufferCallback from transactionCompleteCallback 8330
05-03 22:27:01.627 E/BLASTBufferQueue( 7566): [SurfaceView[com.solodevlab.solara/com.solodevlab.solara.MainActivity]#3](f:0,a:1) ERROR: releaseBufferCallback without corresponding submitted buffer bufferId:32495722561547 framenumber:8330
05-03 22:27:18.636 E/BLASTBufferQueue( 7566): [SurfaceView[com.solodevlab.solara/com.solodevlab.solara.MainActivity]#3](f:0,a:2) Faking releaseBufferCallback from transactionCompleteCallback 9349
05-03 22:27:18.658 E/BLASTBufferQueue( 7566): [SurfaceView[com.solodevlab.solara/com.solodevlab.solara.MainActivity]#3](f:0,a:2) ERROR: releaseBufferCallback without corresponding submitted buffer bufferId:32495722561545 framenumber:9349
05-03 22:28:32.119 E/BLASTBufferQueue( 7566): [SurfaceView[com.solodevlab.solara/com.solodevlab.solara.MainActivity]#3](f:0,a:2) Faking releaseBufferCallback from transactionCompleteCallback 13746
05-03 22:28:32.142 E/BLASTBufferQueue( 7566): [SurfaceView[com.solodevlab.solara/com.solodevlab.solara.MainActivity]#3](f:0,a:2) ERROR: releaseBufferCallback without corresponding submitted buffer bufferId:32495722561548 framenumber:13746
05-03 22:29:34.201 W/lodevlab.solara( 7566): Reducing the number of considered missed Gc histogram windows from 110 to 100
05-03 22:29:53.757 E/BLASTBufferQueue( 7566): [SurfaceView[com.solodevlab.solara/com.solodevlab.solara.MainActivity]#3](f:0,a:2) Faking releaseBufferCallback from transactionCompleteCallback 18631
05-03 22:29:53.779 E/BLASTBufferQueue( 7566): [SurfaceView[com.solodevlab.solara/com.solodevlab.solara.MainActivity]#3](f:0,a:2) ERROR: releaseBufferCallback without corresponding submitted buffer bufferId:32495722561545 framenumber:18631
05-03 22:30:10.081 E/BLASTBufferQueue( 7566): [SurfaceView[com.solodevlab.solara/com.solodevlab.solara.MainActivity]#3](f:0,a:2) Faking releaseBufferCallback from transactionCompleteCallback 19608
05-03 22:30:10.103 E/BLASTBufferQueue( 7566): [SurfaceView[com.solodevlab.solara/com.solodevlab.solara.MainActivity]#3](f:0,a:2) ERROR: releaseBufferCallback without corresponding submitted buffer bufferId:32495722561548 framenumber:19608
05-03 22:34:51.172 E/BLASTBufferQueue( 7566): [SurfaceView[com.solodevlab.solara/com.solodevlab.solara.MainActivity]#3](f:0,a:2) Faking releaseBufferCallback from transactionCompleteCallback 36430
05-03 22:34:51.284 E/BLASTBufferQueue( 7566): [SurfaceView[com.solodevlab.solara/com.solodevlab.solara.MainActivity]#3](f:0,a:2) Faking releaseBufferCallback from transactionCompleteCallback 36434
05-03 22:34:51.367 E/BLASTBufferQueue( 7566): [SurfaceView[com.solodevlab.solara/com.solodevlab.solara.MainActivity]#3](f:0,a:2) Faking releaseBufferCallback from transactionCompleteCallback 36438
05-03 22:34:52.859 E/BLASTBufferQueue( 7566): [SurfaceView[com.solodevlab.solara/com.solodevlab.solara.MainActivity]#3](f:0,a:2) Faking releaseBufferCallback from transactionCompleteCallback 36518
05-03 22:34:53.758 E/BLASTBufferQueue( 7566): [SurfaceView[com.solodevlab.solara/com.solodevlab.solara.MainActivity]#3](f:0,a:2) Faking releaseBufferCallback from transactionCompleteCallback 36570
05-03 22:34:53.793 E/BLASTBufferQueue( 7566): [SurfaceView[com.solodevlab.solara/com.solodevlab.solara.MainActivity]#3](f:0,a:1) ERROR: releaseBufferCallback without corresponding submitted buffer bufferId:32495722561548 framenumber:36570
05-03 22:37:16.381 E/BLASTBufferQueue( 7566): [SurfaceView[com.solodevlab.solara/com.solodevlab.solara.MainActivity]#3](f:0,a:2) Faking releaseBufferCallback from transactionCompleteCallback 45100
05-03 22:37:16.400 E/BLASTBufferQueue( 7566): [SurfaceView[com.solodevlab.solara/com.solodevlab.solara.MainActivity]#3](f:0,a:2) ERROR: releaseBufferCallback without corresponding submitted buffer bufferId:32495722561545 framenumber:45100
05-03 22:37:17.168 E/BLASTBufferQueue( 7566): [SurfaceView[com.solodevlab.solara/com.solodevlab.solara.MainActivity]#3](f:0,a:2) Faking releaseBufferCallback from transactionCompleteCallback 45147
05-03 22:37:17.234 E/BLASTBufferQueue( 7566): [SurfaceView[com.solodevlab.solara/com.solodevlab.solara.MainActivity]#3](f:0,a:2) ERROR: releaseBufferCallback without corresponding submitted buffer bufferId:32495722561548 framenumber:45147
05-03 22:37:17.418 E/BLASTBufferQueue( 7566): [SurfaceView[com.solodevlab.solara/com.solodevlab.solara.MainActivity]#3](f:0,a:2) Faking releaseBufferCallback from transactionCompleteCallback 45162
05-03 22:37:17.468 E/BLASTBufferQueue( 7566): [SurfaceView[com.solodevlab.solara/com.solodevlab.solara.MainActivity]#3](f:0,a:2) ERROR: releaseBufferCallback without corresponding submitted buffer bufferId:32495722561548 framenumber:45162
05-03 22:37:17.902 E/BLASTBufferQueue( 7566): [SurfaceView[com.solodevlab.solara/com.solodevlab.solara.MainActivity]#3](f:0,a:2) Faking releaseBufferCallback from transactionCompleteCallback 45191
05-03 22:37:17.952 E/BLASTBufferQueue( 7566): [SurfaceView[com.solodevlab.solara/com.solodevlab.solara.MainActivity]#3](f:0,a:1) ERROR: releaseBufferCallback without corresponding submitted buffer bufferId:32495722561547 framenumber:45191
05-03 22:37:55.363 E/BLASTBufferQueue( 7566): [SurfaceView[com.solodevlab.solara/com.solodevlab.solara.MainActivity]#3](f:0,a:2) Faking releaseBufferCallback from transactionCompleteCallback 47432
05-03 22:37:55.384 E/BLASTBufferQueue( 7566): [SurfaceView[com.solodevlab.solara/com.solodevlab.solara.MainActivity]#3](f:0,a:2) ERROR: releaseBufferCallback without corresponding submitted buffer bufferId:32495722561547 framenumber:47432
05-03 22:38:16.280 E/BLASTBufferQueue( 7566): [SurfaceView[com.solodevlab.solara/com.solodevlab.solara.MainActivity]#3](f:0,a:2) Faking releaseBufferCallback from transactionCompleteCallback 48682
05-03 22:38:16.298 E/BLASTBufferQueue( 7566): [SurfaceView[com.solodevlab.solara/com.solodevlab.solara.MainActivity]#3](f:0,a:2) ERROR: releaseBufferCallback without corresponding submitted buffer bufferId:32495722561545 framenumber:48682
05-03 22:41:27.664 E/BLASTBufferQueue( 7566): [SurfaceView[com.solodevlab.solara/com.solodevlab.solara.MainActivity]#3](f:0,a:2) Faking releaseBufferCallback from transactionCompleteCallback 60134
05-03 22:41:28.310 E/BLASTBufferQueue( 7566): [SurfaceView[com.solodevlab.solara/com.solodevlab.solara.MainActivity]#3](f:0,a:2) Faking releaseBufferCallback from transactionCompleteCallback 60170
05-03 22:41:28.394 E/BLASTBufferQueue( 7566): [SurfaceView[com.solodevlab.solara/com.solodevlab.solara.MainActivity]#3](f:0,a:2) Faking releaseBufferCallback from transactionCompleteCallback 60173
05-03 22:41:28.563 E/BLASTBufferQueue( 7566): [SurfaceView[com.solodevlab.solara/com.solodevlab.solara.MainActivity]#3](f:0,a:2) Faking releaseBufferCallback from transactionCompleteCallback 60179
05-03 22:41:28.661 E/BLASTBufferQueue( 7566): [SurfaceView[com.solodevlab.solara/com.solodevlab.solara.MainActivity]#3](f:0,a:2) Faking releaseBufferCallback from transactionCompleteCallback 60183
05-03 22:41:28.712 E/BLASTBufferQueue( 7566): [SurfaceView[com.solodevlab.solara/com.solodevlab.solara.MainActivity]#3](f:0,a:2) Faking releaseBufferCallback from transactionCompleteCallback 60185
05-03 22:41:30.504 E/BLASTBufferQueue( 7566): [SurfaceView[com.solodevlab.solara/com.solodevlab.solara.MainActivity]#3](f:0,a:2) Faking releaseBufferCallback from transactionCompleteCallback 60288
05-03 22:41:30.533 E/BLASTBufferQueue( 7566): [SurfaceView[com.solodevlab.solara/com.solodevlab.solara.MainActivity]#3](f:0,a:1) ERROR: releaseBufferCallback without corresponding submitted buffer bufferId:32495722561548 framenumber:60288
05-03 22:41:30.549 E/BLASTBufferQueue( 7566): [SurfaceView[com.solodevlab.solara/com.solodevlab.solara.MainActivity]#3](f:0,a:2) Faking releaseBufferCallback from transactionCompleteCallback 60291
05-03 22:41:30.618 E/BLASTBufferQueue( 7566): [SurfaceView[com.solodevlab.solara/com.solodevlab.solara.MainActivity]#3](f:0,a:1) ERROR: releaseBufferCallback without corresponding submitted buffer bufferId:32495722561548 framenumber:60291
05-03 22:41:30.633 E/BLASTBufferQueue( 7566): [SurfaceView[com.solodevlab.solara/com.solodevlab.solara.MainActivity]#3](f:0,a:2) Faking releaseBufferCallback from transactionCompleteCallback 60296
05-03 22:41:30.717 E/BLASTBufferQueue( 7566): [SurfaceView[com.solodevlab.solara/com.solodevlab.solara.MainActivity]#3](f:0,a:1) ERROR: releaseBufferCallback without corresponding submitted buffer bufferId:32495722561547 framenumber:60296
05-03 22:41:30.733 E/BLASTBufferQueue( 7566): [SurfaceView[com.solodevlab.solara/com.solodevlab.solara.MainActivity]#3](f:0,a:2) Faking releaseBufferCallback from transactionCompleteCallback 60302
05-03 22:41:30.750 E/BLASTBufferQueue( 7566): [SurfaceView[com.solodevlab.solara/com.solodevlab.solara.MainActivity]#3](f:0,a:1) ERROR: releaseBufferCallback without corresponding submitted buffer bufferId:32495722561547 framenumber:60302
05-03 22:41:30.766 E/BLASTBufferQueue( 7566): [SurfaceView[com.solodevlab.solara/com.solodevlab.solara.MainActivity]#3](f:0,a:2) Faking releaseBufferCallback from transactionCompleteCallback 60304
05-03 22:41:30.885 E/BLASTBufferQueue( 7566): [SurfaceView[com.solodevlab.solara/com.solodevlab.solara.MainActivity]#3](f:0,a:1) ERROR: releaseBufferCallback without corresponding submitted buffer bufferId:32495722561545 framenumber:60304
05-03 22:41:30.900 E/BLASTBufferQueue( 7566): [SurfaceView[com.solodevlab.solara/com.solodevlab.solara.MainActivity]#3](f:0,a:2) Faking releaseBufferCallback from transactionCompleteCallback 60312
05-03 22:41:30.918 E/BLASTBufferQueue( 7566): [SurfaceView[com.solodevlab.solara/com.solodevlab.solara.MainActivity]#3](f:0,a:1) ERROR: releaseBufferCallback without corresponding submitted buffer bufferId:32495722561548 framenumber:60312
05-03 22:41:30.950 E/BLASTBufferQueue( 7566): [SurfaceView[com.solodevlab.solara/com.solodevlab.solara.MainActivity]#3](f:0,a:2) Faking releaseBufferCallback from transactionCompleteCallback 60315
05-03 22:41:31.035 E/BLASTBufferQueue( 7566): [SurfaceView[com.solodevlab.solara/com.solodevlab.solara.MainActivity]#3](f:0,a:1) ERROR: releaseBufferCallback without corresponding submitted buffer bufferId:32495722561548 framenumber:60315
05-03 22:41:31.051 E/BLASTBufferQueue( 7566): [SurfaceView[com.solodevlab.solara/com.solodevlab.solara.MainActivity]#3](f:0,a:2) Faking releaseBufferCallback from transactionCompleteCallback 60321
05-03 22:41:31.135 E/BLASTBufferQueue( 7566): [SurfaceView[com.solodevlab.solara/com.solodevlab.solara.MainActivity]#3](f:0,a:1) ERROR: releaseBufferCallback without corresponding submitted buffer bufferId:32495722561548 framenumber:60321
05-03 22:41:31.151 E/BLASTBufferQueue( 7566): [SurfaceView[com.solodevlab.solara/com.solodevlab.solara.MainActivity]#3](f:0,a:2) Faking releaseBufferCallback from transactionCompleteCallback 60327
05-03 22:41:31.168 E/BLASTBufferQueue( 7566): [SurfaceView[com.solodevlab.solara/com.solodevlab.solara.MainActivity]#3](f:0,a:1) ERROR: releaseBufferCallback without corresponding submitted buffer bufferId:32495722561548 framenumber:60327
05-03 22:41:31.184 E/BLASTBufferQueue( 7566): [SurfaceView[com.solodevlab.solara/com.solodevlab.solara.MainActivity]#3](f:0,a:2) Faking releaseBufferCallback from transactionCompleteCallback 60329
05-03 22:41:31.202 E/BLASTBufferQueue( 7566): [SurfaceView[com.solodevlab.solara/com.solodevlab.solara.MainActivity]#3](f:0,a:1) ERROR: releaseBufferCallback without corresponding submitted buffer bufferId:32495722561547 framenumber:60329
05-03 22:41:31.217 E/BLASTBufferQueue( 7566): [SurfaceView[com.solodevlab.solara/com.solodevlab.solara.MainActivity]#3](f:0,a:2) Faking releaseBufferCallback from transactionCompleteCallback 60331
05-03 22:41:31.235 E/BLASTBufferQueue( 7566): [SurfaceView[com.solodevlab.solara/com.solodevlab.solara.MainActivity]#3](f:0,a:1) ERROR: releaseBufferCallback without corresponding submitted buffer bufferId:32495722561545 framenumber:60331
05-03 22:41:31.251 E/BLASTBufferQueue( 7566): [SurfaceView[com.solodevlab.solara/com.solodevlab.solara.MainActivity]#3](f:0,a:2) Faking releaseBufferCallback from transactionCompleteCallback 60333
05-03 22:41:31.302 E/BLASTBufferQueue( 7566): [SurfaceView[com.solodevlab.solara/com.solodevlab.solara.MainActivity]#3](f:0,a:1) ERROR: releaseBufferCallback without corresponding submitted buffer bufferId:32495722561548 framenumber:60333
05-03 22:41:31.318 E/BLASTBufferQueue( 7566): [SurfaceView[com.solodevlab.solara/com.solodevlab.solara.MainActivity]#3](f:0,a:2) Faking releaseBufferCallback from transactionCompleteCallback 60337
05-03 22:41:31.335 E/BLASTBufferQueue( 7566): [SurfaceView[com.solodevlab.solara/com.solodevlab.solara.MainActivity]#3](f:0,a:1) ERROR: releaseBufferCallback without corresponding submitted buffer bufferId:32495722561545 framenumber:60337
05-03 22:41:31.351 E/BLASTBufferQueue( 7566): [SurfaceView[com.solodevlab.solara/com.solodevlab.solara.MainActivity]#3](f:0,a:2) Faking releaseBufferCallback from transactionCompleteCallback 60339
05-03 22:41:31.486 E/BLASTBufferQueue( 7566): [SurfaceView[com.solodevlab.solara/com.solodevlab.solara.MainActivity]#3](f:0,a:1) ERROR: releaseBufferCallback without corresponding submitted buffer bufferId:32495722561548 framenumber:60339
05-03 22:41:31.501 E/BLASTBufferQueue( 7566): [SurfaceView[com.solodevlab.solara/com.solodevlab.solara.MainActivity]#3](f:0,a:2) Faking releaseBufferCallback from transactionCompleteCallback 60348
05-03 22:41:31.620 E/BLASTBufferQueue( 7566): [SurfaceView[com.solodevlab.solara/com.solodevlab.solara.MainActivity]#3](f:0,a:1) ERROR: releaseBufferCallback without corresponding submitted buffer bufferId:32495722561548 framenumber:60348
05-03 22:41:31.636 E/BLASTBufferQueue( 7566): [SurfaceView[com.solodevlab.solara/com.solodevlab.solara.MainActivity]#3](f:0,a:2) Faking releaseBufferCallback from transactionCompleteCallback 60356
05-03 22:41:31.652 E/BLASTBufferQueue( 7566): [SurfaceView[com.solodevlab.solara/com.solodevlab.solara.MainActivity]#3](f:0,a:1) ERROR: releaseBufferCallback without corresponding submitted buffer bufferId:32495722561547 framenumber:60356
05-03 22:41:31.668 E/BLASTBufferQueue( 7566): [SurfaceView[com.solodevlab.solara/com.solodevlab.solara.MainActivity]#3](f:0,a:2) Faking releaseBufferCallback from transactionCompleteCallback 60358
05-03 22:41:31.720 E/BLASTBufferQueue( 7566): [SurfaceView[com.solodevlab.solara/com.solodevlab.solara.MainActivity]#3](f:0,a:1) ERROR: releaseBufferCallback without corresponding submitted buffer bufferId:32495722561545 framenumber:60358
05-03 22:41:31.736 E/BLASTBufferQueue( 7566): [SurfaceView[com.solodevlab.solara/com.solodevlab.solara.MainActivity]#3](f:0,a:2) Faking releaseBufferCallback from transactionCompleteCallback 60362
05-03 22:41:31.771 E/BLASTBufferQueue( 7566): [SurfaceView[com.solodevlab.solara/com.solodevlab.solara.MainActivity]#3](f:0,a:1) ERROR: releaseBufferCallback without corresponding submitted buffer bufferId:32495722561547 framenumber:60362
05-03 22:41:31.786 E/BLASTBufferQueue( 7566): [SurfaceView[com.solodevlab.solara/com.solodevlab.solara.MainActivity]#3](f:0,a:2) Faking releaseBufferCallback from transactionCompleteCallback 60365
05-03 22:41:31.820 E/BLASTBufferQueue( 7566): [SurfaceView[com.solodevlab.solara/com.solodevlab.solara.MainActivity]#3](f:0,a:1) ERROR: releaseBufferCallback without corresponding submitted buffer bufferId:32495722561547 framenumber:60365
05-03 22:41:31.836 E/BLASTBufferQueue( 7566): [SurfaceView[com.solodevlab.solara/com.solodevlab.solara.MainActivity]#3](f:0,a:2) Faking releaseBufferCallback from transactionCompleteCallback 60368
05-03 22:41:31.904 E/BLASTBufferQueue( 7566): [SurfaceView[com.solodevlab.solara/com.solodevlab.solara.MainActivity]#3](f:0,a:1) ERROR: releaseBufferCallback without corresponding submitted buffer bufferId:32495722561547 framenumber:60368
05-03 22:41:31.919 E/BLASTBufferQueue( 7566): [SurfaceView[com.solodevlab.solara/com.solodevlab.solara.MainActivity]#3](f:0,a:2) Faking releaseBufferCallback from transactionCompleteCallback 60373
05-03 22:41:31.937 E/BLASTBufferQueue( 7566): [SurfaceView[com.solodevlab.solara/com.solodevlab.solara.MainActivity]#3](f:0,a:1) ERROR: releaseBufferCallback without corresponding submitted buffer bufferId:32495722561545 framenumber:60373
05-03 22:41:31.953 E/BLASTBufferQueue( 7566): [SurfaceView[com.solodevlab.solara/com.solodevlab.solara.MainActivity]#3](f:0,a:2) Faking releaseBufferCallback from transactionCompleteCallback 60375
05-03 22:41:32.003 E/BLASTBufferQueue( 7566): [SurfaceView[com.solodevlab.solara/com.solodevlab.solara.MainActivity]#3](f:0,a:1) ERROR: releaseBufferCallback without corresponding submitted buffer bufferId:32495722561548 framenumber:60375
05-03 22:41:32.019 E/BLASTBufferQueue( 7566): [SurfaceView[com.solodevlab.solara/com.solodevlab.solara.MainActivity]#3](f:0,a:2) Faking releaseBufferCallback from transactionCompleteCallback 60379
05-03 22:41:32.087 E/BLASTBufferQueue( 7566): [SurfaceView[com.solodevlab.solara/com.solodevlab.solara.MainActivity]#3](f:0,a:1) ERROR: releaseBufferCallback without corresponding submitted buffer bufferId:32495722561545 framenumber:60379
05-03 22:41:32.103 E/BLASTBufferQueue( 7566): [SurfaceView[com.solodevlab.solara/com.solodevlab.solara.MainActivity]#3](f:0,a:2) Faking releaseBufferCallback from transactionCompleteCallback 60384
05-03 22:41:32.138 E/BLASTBufferQueue( 7566): [SurfaceView[com.solodevlab.solara/com.solodevlab.solara.MainActivity]#3](f:0,a:1) ERROR: releaseBufferCallback without corresponding submitted buffer bufferId:32495722561548 framenumber:60384
05-03 22:41:32.153 E/BLASTBufferQueue( 7566): [SurfaceView[com.solodevlab.solara/com.solodevlab.solara.MainActivity]#3](f:0,a:2) Faking releaseBufferCallback from transactionCompleteCallback 60387
05-03 22:41:32.187 E/BLASTBufferQueue( 7566): [SurfaceView[com.solodevlab.solara/com.solodevlab.solara.MainActivity]#3](f:0,a:1) ERROR: releaseBufferCallback without corresponding submitted buffer bufferId:32495722561548 framenumber:60387
05-03 22:41:32.203 E/BLASTBufferQueue( 7566): [SurfaceView[com.solodevlab.solara/com.solodevlab.solara.MainActivity]#3](f:0,a:2) Faking releaseBufferCallback from transactionCompleteCallback 60390
05-03 22:41:32.221 E/BLASTBufferQueue( 7566): [SurfaceView[com.solodevlab.solara/com.solodevlab.solara.MainActivity]#3](f:0,a:1) ERROR: releaseBufferCallback without corresponding submitted buffer bufferId:32495722561548 framenumber:60390
05-03 22:41:32.237 E/BLASTBufferQueue( 7566): [SurfaceView[com.solodevlab.solara/com.solodevlab.solara.MainActivity]#3](f:0,a:2) Faking releaseBufferCallback from transactionCompleteCallback 60392
05-03 22:41:32.371 E/BLASTBufferQueue( 7566): [SurfaceView[com.solodevlab.solara/com.solodevlab.solara.MainActivity]#3](f:0,a:1) ERROR: releaseBufferCallback without corresponding submitted buffer bufferId:32495722561547 framenumber:60392
05-03 22:41:32.387 E/BLASTBufferQueue( 7566): [SurfaceView[com.solodevlab.solara/com.solodevlab.solara.MainActivity]#3](f:0,a:2) Faking releaseBufferCallback from transactionCompleteCallback 60401
05-03 22:41:32.471 E/BLASTBufferQueue( 7566): [SurfaceView[com.solodevlab.solara/com.solodevlab.solara.MainActivity]#3](f:0,a:1) ERROR: releaseBufferCallback without corresponding submitted buffer bufferId:32495722561547 framenumber:60401
05-03 22:41:32.488 E/BLASTBufferQueue( 7566): [SurfaceView[com.solodevlab.solara/com.solodevlab.solara.MainActivity]#3](f:0,a:2) Faking releaseBufferCallback from transactionCompleteCallback 60407
05-03 22:41:32.555 E/BLASTBufferQueue( 7566): [SurfaceView[com.solodevlab.solara/com.solodevlab.solara.MainActivity]#3](f:0,a:1) ERROR: releaseBufferCallback without corresponding submitted buffer bufferId:32495722561547 framenumber:60407
05-03 22:41:32.571 E/BLASTBufferQueue( 7566): [SurfaceView[com.solodevlab.solara/com.solodevlab.solara.MainActivity]#3](f:0,a:2) Faking releaseBufferCallback from transactionCompleteCallback 60412
05-03 22:41:32.589 E/BLASTBufferQueue( 7566): [SurfaceView[com.solodevlab.solara/com.solodevlab.solara.MainActivity]#3](f:0,a:1) ERROR: releaseBufferCallback without corresponding submitted buffer bufferId:32495722561545 framenumber:60412
05-03 22:41:32.604 E/BLASTBufferQueue( 7566): [SurfaceView[com.solodevlab.solara/com.solodevlab.solara.MainActivity]#3](f:0,a:2) Faking releaseBufferCallback from transactionCompleteCallback 60414
05-03 22:41:32.639 E/BLASTBufferQueue( 7566): [SurfaceView[com.solodevlab.solara/com.solodevlab.solara.MainActivity]#3](f:0,a:1) ERROR: releaseBufferCallback without corresponding submitted buffer bufferId:32495722561548 framenumber:60414
05-03 22:41:32.655 E/BLASTBufferQueue( 7566): [SurfaceView[com.solodevlab.solara/com.solodevlab.solara.MainActivity]#3](f:0,a:2) Faking releaseBufferCallback from transactionCompleteCallback 60417
05-03 22:41:32.722 E/BLASTBufferQueue( 7566): [SurfaceView[com.solodevlab.solara/com.solodevlab.solara.MainActivity]#3](f:0,a:1) ERROR: releaseBufferCallback without corresponding submitted buffer bufferId:32495722561548 framenumber:60417
05-03 22:41:32.738 E/BLASTBufferQueue( 7566): [SurfaceView[com.solodevlab.solara/com.solodevlab.solara.MainActivity]#3](f:0,a:2) Faking releaseBufferCallback from transactionCompleteCallback 60422
05-03 22:42:10.249 E/BLASTBufferQueue( 7566): [SurfaceView[com.solodevlab.solara/com.solodevlab.solara.MainActivity]#3](f:0,a:2) Faking releaseBufferCallback from transactionCompleteCallback 62665
05-03 22:42:10.284 E/BLASTBufferQueue( 7566): [SurfaceView[com.solodevlab.solara/com.solodevlab.solara.MainActivity]#3](f:0,a:2) ERROR: releaseBufferCallback without corresponding submitted buffer bufferId:32495722561545 framenumber:62665
05-03 22:42:16.620 E/BLASTBufferQueue( 7566): [SurfaceView[com.solodevlab.solara/com.solodevlab.solara.MainActivity]#3](f:0,a:2) Faking releaseBufferCallback from transactionCompleteCallback 63046
05-03 22:42:16.648 E/BLASTBufferQueue( 7566): [SurfaceView[com.solodevlab.solara/com.solodevlab.solara.MainActivity]#3](f:0,a:1) ERROR: releaseBufferCallback without corresponding submitted buffer bufferId:32495722561545 framenumber:63046
05-03 22:42:16.664 E/BLASTBufferQueue( 7566): [SurfaceView[com.solodevlab.solara/com.solodevlab.solara.MainActivity]#3](f:0,a:2) Faking releaseBufferCallback from transactionCompleteCallback 63049
05-03 22:42:16.683 E/BLASTBufferQueue( 7566): [SurfaceView[com.solodevlab.solara/com.solodevlab.solara.MainActivity]#3](f:0,a:1) ERROR: releaseBufferCallback without corresponding submitted buffer bufferId:32495722561545 framenumber:63049
05-03 22:42:16.698 E/BLASTBufferQueue( 7566): [SurfaceView[com.solodevlab.solara/com.solodevlab.solara.MainActivity]#3](f:0,a:2) Faking releaseBufferCallback from transactionCompleteCallback 63051
05-03 22:42:16.748 E/BLASTBufferQueue( 7566): [SurfaceView[com.solodevlab.solara/com.solodevlab.solara.MainActivity]#3](f:0,a:1) ERROR: releaseBufferCallback without corresponding submitted buffer bufferId:32495722561548 framenumber:63051
05-03 22:42:16.765 E/BLASTBufferQueue( 7566): [SurfaceView[com.solodevlab.solara/com.solodevlab.solara.MainActivity]#3](f:0,a:2) Faking releaseBufferCallback from transactionCompleteCallback 63055
05-03 22:42:16.782 E/BLASTBufferQueue( 7566): [SurfaceView[com.solodevlab.solara/com.solodevlab.solara.MainActivity]#3](f:0,a:1) ERROR: releaseBufferCallback without corresponding submitted buffer bufferId:32495722561545 framenumber:63055
05-03 22:42:16.798 E/BLASTBufferQueue( 7566): [SurfaceView[com.solodevlab.solara/com.solodevlab.solara.MainActivity]#3](f:0,a:2) Faking releaseBufferCallback from transactionCompleteCallback 63057
05-03 22:42:16.883 E/BLASTBufferQueue( 7566): [SurfaceView[com.solodevlab.solara/com.solodevlab.solara.MainActivity]#3](f:0,a:1) ERROR: releaseBufferCallback without corresponding submitted buffer bufferId:32495722561548 framenumber:63057
05-03 22:42:16.899 E/BLASTBufferQueue( 7566): [SurfaceView[com.solodevlab.solara/com.solodevlab.solara.MainActivity]#3](f:0,a:2) Faking releaseBufferCallback from transactionCompleteCallback 63063
05-03 22:42:16.966 E/BLASTBufferQueue( 7566): [SurfaceView[com.solodevlab.solara/com.solodevlab.solara.MainActivity]#3](f:0,a:1) ERROR: releaseBufferCallback without corresponding submitted buffer bufferId:32495722561548 framenumber:63063
05-03 22:42:16.982 E/BLASTBufferQueue( 7566): [SurfaceView[com.solodevlab.solara/com.solodevlab.solara.MainActivity]#3](f:0,a:2) Faking releaseBufferCallback from transactionCompleteCallback 63068
05-03 22:42:17.050 E/BLASTBufferQueue( 7566): [SurfaceView[com.solodevlab.solara/com.solodevlab.solara.MainActivity]#3](f:0,a:1) ERROR: releaseBufferCallback without corresponding submitted buffer bufferId:32495722561547 framenumber:63068
05-03 22:42:17.066 E/BLASTBufferQueue( 7566): [SurfaceView[com.solodevlab.solara/com.solodevlab.solara.MainActivity]#3](f:0,a:2) Faking releaseBufferCallback from transactionCompleteCallback 63073
05-03 22:42:17.084 E/BLASTBufferQueue( 7566): [SurfaceView[com.solodevlab.solara/com.solodevlab.solara.MainActivity]#3](f:0,a:1) ERROR: releaseBufferCallback without corresponding submitted buffer bufferId:32495722561545 framenumber:63073
05-03 22:42:17.099 E/BLASTBufferQueue( 7566): [SurfaceView[com.solodevlab.solara/com.solodevlab.solara.MainActivity]#3](f:0,a:2) Faking releaseBufferCallback from transactionCompleteCallback 63075
05-03 22:42:17.166 E/BLASTBufferQueue( 7566): [SurfaceView[com.solodevlab.solara/com.solodevlab.solara.MainActivity]#3](f:0,a:1) ERROR: releaseBufferCallback without corresponding submitted buffer bufferId:32495722561548 framenumber:63075
05-03 22:42:17.182 E/BLASTBufferQueue( 7566): [SurfaceView[com.solodevlab.solara/com.solodevlab.solara.MainActivity]#3](f:0,a:2) Faking releaseBufferCallback from transactionCompleteCallback 63080
05-03 22:42:17.234 E/BLASTBufferQueue( 7566): [SurfaceView[com.solodevlab.solara/com.solodevlab.solara.MainActivity]#3](f:0,a:1) ERROR: releaseBufferCallback without corresponding submitted buffer bufferId:32495722561547 framenumber:63080
05-03 22:42:17.249 E/BLASTBufferQueue( 7566): [SurfaceView[com.solodevlab.solara/com.solodevlab.solara.MainActivity]#3](f:0,a:2) Faking releaseBufferCallback from transactionCompleteCallback 63084
05-03 22:42:17.284 E/BLASTBufferQueue( 7566): [SurfaceView[com.solodevlab.solara/com.solodevlab.solara.MainActivity]#3](f:0,a:1) ERROR: releaseBufferCallback without corresponding submitted buffer bufferId:32495722561548 framenumber:63084
05-03 22:42:17.299 E/BLASTBufferQueue( 7566): [SurfaceView[com.solodevlab.solara/com.solodevlab.solara.MainActivity]#3](f:0,a:2) Faking releaseBufferCallback from transactionCompleteCallback 63087
05-03 22:42:17.333 E/BLASTBufferQueue( 7566): [SurfaceView[com.solodevlab.solara/com.solodevlab.solara.MainActivity]#3](f:0,a:1) ERROR: releaseBufferCallback without corresponding submitted buffer bufferId:32495722561548 framenumber:63087
05-03 22:42:17.349 E/BLASTBufferQueue( 7566): [SurfaceView[com.solodevlab.solara/com.solodevlab.solara.MainActivity]#3](f:0,a:2) Faking releaseBufferCallback from transactionCompleteCallback 63090
05-03 22:42:17.384 E/BLASTBufferQueue( 7566): [SurfaceView[com.solodevlab.solara/com.solodevlab.solara.MainActivity]#3](f:0,a:1) ERROR: releaseBufferCallback without corresponding submitted buffer bufferId:32495722561548 framenumber:63090
05-03 22:42:17.400 E/BLASTBufferQueue( 7566): [SurfaceView[com.solodevlab.solara/com.solodevlab.solara.MainActivity]#3](f:0,a:2) Faking releaseBufferCallback from transactionCompleteCallback 63093
05-03 22:42:17.434 E/BLASTBufferQueue( 7566): [SurfaceView[com.solodevlab.solara/com.solodevlab.solara.MainActivity]#3](f:0,a:1) ERROR: releaseBufferCallback without corresponding submitted buffer bufferId:32495722561548 framenumber:63093
05-03 22:42:17.450 E/BLASTBufferQueue( 7566): [SurfaceView[com.solodevlab.solara/com.solodevlab.solara.MainActivity]#3](f:0,a:2) Faking releaseBufferCallback from transactionCompleteCallback 63096
05-03 22:42:17.467 E/BLASTBufferQueue( 7566): [SurfaceView[com.solodevlab.solara/com.solodevlab.solara.MainActivity]#3](f:0,a:1) ERROR: releaseBufferCallback without corresponding submitted buffer bufferId:32495722561548 framenumber:63096
05-03 22:42:17.483 E/BLASTBufferQueue( 7566): [SurfaceView[com.solodevlab.solara/com.solodevlab.solara.MainActivity]#3](f:0,a:2) Faking releaseBufferCallback from transactionCompleteCallback 63098
05-03 22:42:17.534 E/BLASTBufferQueue( 7566): [SurfaceView[com.solodevlab.solara/com.solodevlab.solara.MainActivity]#3](f:0,a:1) ERROR: releaseBufferCallback without corresponding submitted buffer bufferId:32495722561547 framenumber:63098
05-03 22:42:17.550 E/BLASTBufferQueue( 7566): [SurfaceView[com.solodevlab.solara/com.solodevlab.solara.MainActivity]#3](f:0,a:2) Faking releaseBufferCallback from transactionCompleteCallback 63102
05-03 22:42:17.635 E/BLASTBufferQueue( 7566): [SurfaceView[com.solodevlab.solara/com.solodevlab.solara.MainActivity]#3](f:0,a:1) ERROR: releaseBufferCallback without corresponding submitted buffer bufferId:32495722561548 framenumber:63102
05-03 22:42:17.651 E/BLASTBufferQueue( 7566): [SurfaceView[com.solodevlab.solara/com.solodevlab.solara.MainActivity]#3](f:0,a:2) Faking releaseBufferCallback from transactionCompleteCallback 63108
05-03 22:42:17.668 E/BLASTBufferQueue( 7566): [SurfaceView[com.solodevlab.solara/com.solodevlab.solara.MainActivity]#3](f:0,a:1) ERROR: releaseBufferCallback without corresponding submitted buffer bufferId:32495722561548 framenumber:63108
05-03 22:42:17.684 E/BLASTBufferQueue( 7566): [SurfaceView[com.solodevlab.solara/com.solodevlab.solara.MainActivity]#3](f:0,a:2) Faking releaseBufferCallback from transactionCompleteCallback 63110
05-03 22:42:17.701 E/BLASTBufferQueue( 7566): [SurfaceView[com.solodevlab.solara/com.solodevlab.solara.MainActivity]#3](f:0,a:1) ERROR: releaseBufferCallback without corresponding submitted buffer bufferId:32495722561547 framenumber:63110
05-03 22:42:17.734 E/BLASTBufferQueue( 7566): [SurfaceView[com.solodevlab.solara/com.solodevlab.solara.MainActivity]#3](f:0,a:2) Faking releaseBufferCallback from transactionCompleteCallback 63113
05-03 22:42:17.785 E/BLASTBufferQueue( 7566): [SurfaceView[com.solodevlab.solara/com.solodevlab.solara.MainActivity]#3](f:0,a:1) ERROR: releaseBufferCallback without corresponding submitted buffer bufferId:32495722561547 framenumber:63113
05-03 22:42:17.801 E/BLASTBufferQueue( 7566): [SurfaceView[com.solodevlab.solara/com.solodevlab.solara.MainActivity]#3](f:0,a:2) Faking releaseBufferCallback from transactionCompleteCallback 63117
05-03 22:42:17.819 E/BLASTBufferQueue( 7566): [SurfaceView[com.solodevlab.solara/com.solodevlab.solara.MainActivity]#3](f:0,a:1) ERROR: releaseBufferCallback without corresponding submitted buffer bufferId:32495722561548 framenumber:63117
05-03 22:42:17.834 E/BLASTBufferQueue( 7566): [SurfaceView[com.solodevlab.solara/com.solodevlab.solara.MainActivity]#3](f:0,a:2) Faking releaseBufferCallback from transactionCompleteCallback 63119
05-03 22:42:17.868 E/BLASTBufferQueue( 7566): [SurfaceView[com.solodevlab.solara/com.solodevlab.solara.MainActivity]#3](f:0,a:1) ERROR: releaseBufferCallback without corresponding submitted buffer bufferId:32495722561547 framenumber:63119
05-03 22:42:17.884 E/BLASTBufferQueue( 7566): [SurfaceView[com.solodevlab.solara/com.solodevlab.solara.MainActivity]#3](f:0,a:2) Faking releaseBufferCallback from transactionCompleteCallback 63122
05-03 22:42:17.935 E/BLASTBufferQueue( 7566): [SurfaceView[com.solodevlab.solara/com.solodevlab.solara.MainActivity]#3](f:0,a:1) ERROR: releaseBufferCallback without corresponding submitted buffer bufferId:32495722561547 framenumber:63122
05-03 22:42:17.951 E/BLASTBufferQueue( 7566): [SurfaceView[com.solodevlab.solara/com.solodevlab.solara.MainActivity]#3](f:0,a:2) Faking releaseBufferCallback from transactionCompleteCallback 63126
05-03 22:42:18.003 E/BLASTBufferQueue( 7566): [SurfaceView[com.solodevlab.solara/com.solodevlab.solara.MainActivity]#3](f:0,a:1) ERROR: releaseBufferCallback without corresponding submitted buffer bufferId:32495722561548 framenumber:63126
05-03 22:42:18.018 E/BLASTBufferQueue( 7566): [SurfaceView[com.solodevlab.solara/com.solodevlab.solara.MainActivity]#3](f:0,a:2) Faking releaseBufferCallback from transactionCompleteCallback 63130
05-03 22:42:18.052 E/BLASTBufferQueue( 7566): [SurfaceView[com.solodevlab.solara/com.solodevlab.solara.MainActivity]#3](f:0,a:1) ERROR: releaseBufferCallback without corresponding submitted buffer bufferId:32495722561545 framenumber:63130
05-03 22:42:18.068 E/BLASTBufferQueue( 7566): [SurfaceView[com.solodevlab.solara/com.solodevlab.solara.MainActivity]#3](f:0,a:2) Faking releaseBufferCallback from transactionCompleteCallback 63133
05-03 22:42:18.085 E/BLASTBufferQueue( 7566): [SurfaceView[com.solodevlab.solara/com.solodevlab.solara.MainActivity]#3](f:0,a:1) ERROR: releaseBufferCallback without corresponding submitted buffer bufferId:32495722561545 framenumber:63133
05-03 22:42:18.101 E/BLASTBufferQueue( 7566): [SurfaceView[com.solodevlab.solara/com.solodevlab.solara.MainActivity]#3](f:0,a:2) Faking releaseBufferCallback from transactionCompleteCallback 63135
05-03 22:42:18.169 E/BLASTBufferQueue( 7566): [SurfaceView[com.solodevlab.solara/com.solodevlab.solara.MainActivity]#3](f:0,a:1) ERROR: releaseBufferCallback without corresponding submitted buffer bufferId:32495722561548 framenumber:63135
05-03 22:42:18.185 E/BLASTBufferQueue( 7566): [SurfaceView[com.solodevlab.solara/com.solodevlab.solara.MainActivity]#3](f:0,a:2) Faking releaseBufferCallback from transactionCompleteCallback 63140
05-03 22:42:18.203 E/BLASTBufferQueue( 7566): [SurfaceView[com.solodevlab.solara/com.solodevlab.solara.MainActivity]#3](f:0,a:1) ERROR: releaseBufferCallback without corresponding submitted buffer bufferId:32495722561547 framenumber:63140
05-03 22:42:18.219 E/BLASTBufferQueue( 7566): [SurfaceView[com.solodevlab.solara/com.solodevlab.solara.MainActivity]#3](f:0,a:2) Faking releaseBufferCallback from transactionCompleteCallback 63142
05-03 22:42:18.286 E/BLASTBufferQueue( 7566): [SurfaceView[com.solodevlab.solara/com.solodevlab.solara.MainActivity]#3](f:0,a:1) ERROR: releaseBufferCallback without corresponding submitted buffer bufferId:32495722561545 framenumber:63142
05-03 22:42:18.302 E/BLASTBufferQueue( 7566): [SurfaceView[com.solodevlab.solara/com.solodevlab.solara.MainActivity]#3](f:0,a:2) Faking releaseBufferCallback from transactionCompleteCallback 63147
05-03 22:42:18.370 E/BLASTBufferQueue( 7566): [SurfaceView[com.solodevlab.solara/com.solodevlab.solara.MainActivity]#3](f:0,a:1) ERROR: releaseBufferCallback without corresponding submitted buffer bufferId:32495722561548 framenumber:63147
05-03 22:42:18.385 E/BLASTBufferQueue( 7566): [SurfaceView[com.solodevlab.solara/com.solodevlab.solara.MainActivity]#3](f:0,a:2) Faking releaseBufferCallback from transactionCompleteCallback 63152
05-03 22:42:18.403 E/BLASTBufferQueue( 7566): [SurfaceView[com.solodevlab.solara/com.solodevlab.solara.MainActivity]#3](f:0,a:1) ERROR: releaseBufferCallback without corresponding submitted buffer bufferId:32495722561547 framenumber:63152
05-03 22:42:18.419 E/BLASTBufferQueue( 7566): [SurfaceView[com.solodevlab.solara/com.solodevlab.solara.MainActivity]#3](f:0,a:2) Faking releaseBufferCallback from transactionCompleteCallback 63154
05-03 22:42:18.453 E/BLASTBufferQueue( 7566): [SurfaceView[com.solodevlab.solara/com.solodevlab.solara.MainActivity]#3](f:0,a:1) ERROR: releaseBufferCallback without corresponding submitted buffer bufferId:32495722561545 framenumber:63154
05-03 22:42:18.469 E/BLASTBufferQueue( 7566): [SurfaceView[com.solodevlab.solara/com.solodevlab.solara.MainActivity]#3](f:0,a:2) Faking releaseBufferCallback from transactionCompleteCallback 63157
05-03 22:42:18.486 E/BLASTBufferQueue( 7566): [SurfaceView[com.solodevlab.solara/com.solodevlab.solara.MainActivity]#3](f:0,a:1) ERROR: releaseBufferCallback without corresponding submitted buffer bufferId:32495722561545 framenumber:63157
05-03 22:42:18.502 E/BLASTBufferQueue( 7566): [SurfaceView[com.solodevlab.solara/com.solodevlab.solara.MainActivity]#3](f:0,a:2) Faking releaseBufferCallback from transactionCompleteCallback 63159
05-03 22:42:18.570 E/BLASTBufferQueue( 7566): [SurfaceView[com.solodevlab.solara/com.solodevlab.solara.MainActivity]#3](f:0,a:1) ERROR: releaseBufferCallback without corresponding submitted buffer bufferId:32495722561548 framenumber:63159
05-03 22:42:18.586 E/BLASTBufferQueue( 7566): [SurfaceView[com.solodevlab.solara/com.solodevlab.solara.MainActivity]#3](f:0,a:2) Faking releaseBufferCallback from transactionCompleteCallback 63164
05-03 22:42:18.637 E/BLASTBufferQueue( 7566): [SurfaceView[com.solodevlab.solara/com.solodevlab.solara.MainActivity]#3](f:0,a:1) ERROR: releaseBufferCallback without corresponding submitted buffer bufferId:32495722561547 framenumber:63164
05-03 22:42:18.653 E/BLASTBufferQueue( 7566): [SurfaceView[com.solodevlab.solara/com.solodevlab.solara.MainActivity]#3](f:0,a:2) Faking releaseBufferCallback from transactionCompleteCallback 63168
05-03 22:42:32.962 E/BLASTBufferQueue( 7566): [SurfaceView[com.solodevlab.solara/com.solodevlab.solara.MainActivity]#3](f:0,a:2) Faking releaseBufferCallback from transactionCompleteCallback 64022
05-03 22:42:33.024 E/BLASTBufferQueue( 7566): [SurfaceView[com.solodevlab.solara/com.solodevlab.solara.MainActivity]#3](f:0,a:1) ERROR: releaseBufferCallback without corresponding submitted buffer bufferId:32495722561547 framenumber:64022
05-03 22:42:33.039 E/BLASTBufferQueue( 7566): [SurfaceView[com.solodevlab.solara/com.solodevlab.solara.MainActivity]#3](f:0,a:2) Faking releaseBufferCallback from transactionCompleteCallback 64027
05-03 22:42:33.073 E/BLASTBufferQueue( 7566): [SurfaceView[com.solodevlab.solara/com.solodevlab.solara.MainActivity]#3](f:0,a:1) ERROR: releaseBufferCallback without corresponding submitted buffer bufferId:32495722561545 framenumber:64027
05-03 22:42:33.089 E/BLASTBufferQueue( 7566): [SurfaceView[com.solodevlab.solara/com.solodevlab.solara.MainActivity]#3](f:0,a:2) Faking releaseBufferCallback from transactionCompleteCallback 64030
05-03 22:42:33.123 E/BLASTBufferQueue( 7566): [SurfaceView[com.solodevlab.solara/com.solodevlab.solara.MainActivity]#3](f:0,a:1) ERROR: releaseBufferCallback without corresponding submitted buffer bufferId:32495722561545 framenumber:64030
05-03 22:42:33.139 E/BLASTBufferQueue( 7566): [SurfaceView[com.solodevlab.solara/com.solodevlab.solara.MainActivity]#3](f:0,a:2) Faking releaseBufferCallback from transactionCompleteCallback 64033
05-03 22:42:33.174 E/BLASTBufferQueue( 7566): [SurfaceView[com.solodevlab.solara/com.solodevlab.solara.MainActivity]#3](f:0,a:1) ERROR: releaseBufferCallback without corresponding submitted buffer bufferId:32495722561545 framenumber:64033
05-03 22:42:33.190 E/BLASTBufferQueue( 7566): [SurfaceView[com.solodevlab.solara/com.solodevlab.solara.MainActivity]#3](f:0,a:2) Faking releaseBufferCallback from transactionCompleteCallback 64036
05-03 22:42:33.257 E/BLASTBufferQueue( 7566): [SurfaceView[com.solodevlab.solara/com.solodevlab.solara.MainActivity]#3](f:0,a:1) ERROR: releaseBufferCallback without corresponding submitted buffer bufferId:32495722561545 framenumber:64036
05-03 22:42:33.272 E/BLASTBufferQueue( 7566): [SurfaceView[com.solodevlab.solara/com.solodevlab.solara.MainActivity]#3](f:0,a:2) Faking releaseBufferCallback from transactionCompleteCallback 64041
05-03 22:42:33.290 E/BLASTBufferQueue( 7566): [SurfaceView[com.solodevlab.solara/com.solodevlab.solara.MainActivity]#3](f:0,a:1) ERROR: releaseBufferCallback without corresponding submitted buffer bufferId:32495722561548 framenumber:64041
05-03 22:42:33.306 E/BLASTBufferQueue( 7566): [SurfaceView[com.solodevlab.solara/com.solodevlab.solara.MainActivity]#3](f:0,a:2) Faking releaseBufferCallback from transactionCompleteCallback 64043
05-03 22:42:33.409 E/BLASTBufferQueue( 7566): [SurfaceView[com.solodevlab.solara/com.solodevlab.solara.MainActivity]#3](f:0,a:1) ERROR: releaseBufferCallback without corresponding submitted buffer bufferId:32495722561547 framenumber:64043
05-03 22:42:33.423 E/BLASTBufferQueue( 7566): [SurfaceView[com.solodevlab.solara/com.solodevlab.solara.MainActivity]#3](f:0,a:2) Faking releaseBufferCallback from transactionCompleteCallback 64050
05-03 22:42:33.492 E/BLASTBufferQueue( 7566): [SurfaceView[com.solodevlab.solara/com.solodevlab.solara.MainActivity]#3](f:0,a:1) ERROR: releaseBufferCallback without corresponding submitted buffer bufferId:32495722561548 framenumber:64050
05-03 22:42:33.507 E/BLASTBufferQueue( 7566): [SurfaceView[com.solodevlab.solara/com.solodevlab.solara.MainActivity]#3](f:0,a:2) Faking releaseBufferCallback from transactionCompleteCallback 64055
05-03 22:42:33.592 E/BLASTBufferQueue( 7566): [SurfaceView[com.solodevlab.solara/com.solodevlab.solara.MainActivity]#3](f:0,a:1) ERROR: releaseBufferCallback without corresponding submitted buffer bufferId:32495722561547 framenumber:64055
05-03 22:42:33.607 E/BLASTBufferQueue( 7566): [SurfaceView[com.solodevlab.solara/com.solodevlab.solara.MainActivity]#3](f:0,a:2) Faking releaseBufferCallback from transactionCompleteCallback 64061
05-03 22:42:33.641 E/BLASTBufferQueue( 7566): [SurfaceView[com.solodevlab.solara/com.solodevlab.solara.MainActivity]#3](f:0,a:1) ERROR: releaseBufferCallback without corresponding submitted buffer bufferId:32495722561547 framenumber:64061
05-03 22:42:33.657 E/BLASTBufferQueue( 7566): [SurfaceView[com.solodevlab.solara/com.solodevlab.solara.MainActivity]#3](f:0,a:2) Faking releaseBufferCallback from transactionCompleteCallback 64064
05-03 22:42:33.691 E/BLASTBufferQueue( 7566): [SurfaceView[com.solodevlab.solara/com.solodevlab.solara.MainActivity]#3](f:0,a:1) ERROR: releaseBufferCallback without corresponding submitted buffer bufferId:32495722561547 framenumber:64064
05-03 22:42:33.707 E/BLASTBufferQueue( 7566): [SurfaceView[com.solodevlab.solara/com.solodevlab.solara.MainActivity]#3](f:0,a:2) Faking releaseBufferCallback from transactionCompleteCallback 64067
05-03 22:42:33.742 E/BLASTBufferQueue( 7566): [SurfaceView[com.solodevlab.solara/com.solodevlab.solara.MainActivity]#3](f:0,a:1) ERROR: releaseBufferCallback without corresponding submitted buffer bufferId:32495722561547 framenumber:64067
05-03 22:42:33.758 E/BLASTBufferQueue( 7566): [SurfaceView[com.solodevlab.solara/com.solodevlab.solara.MainActivity]#3](f:0,a:2) Faking releaseBufferCallback from transactionCompleteCallback 64070
05-03 22:42:33.792 E/BLASTBufferQueue( 7566): [SurfaceView[com.solodevlab.solara/com.solodevlab.solara.MainActivity]#3](f:0,a:1) ERROR: releaseBufferCallback without corresponding submitted buffer bufferId:32495722561547 framenumber:64070
05-03 22:42:33.808 E/BLASTBufferQueue( 7566): [SurfaceView[com.solodevlab.solara/com.solodevlab.solara.MainActivity]#3](f:0,a:2) Faking releaseBufferCallback from transactionCompleteCallback 64073
05-03 22:42:33.875 E/BLASTBufferQueue( 7566): [SurfaceView[com.solodevlab.solara/com.solodevlab.solara.MainActivity]#3](f:0,a:1) ERROR: releaseBufferCallback without corresponding submitted buffer bufferId:32495722561547 framenumber:64073
05-03 22:42:33.891 E/BLASTBufferQueue( 7566): [SurfaceView[com.solodevlab.solara/com.solodevlab.solara.MainActivity]#3](f:0,a:2) Faking releaseBufferCallback from transactionCompleteCallback 64078
05-03 22:42:33.992 E/BLASTBufferQueue( 7566): [SurfaceView[com.solodevlab.solara/com.solodevlab.solara.MainActivity]#3](f:0,a:1) ERROR: releaseBufferCallback without corresponding submitted buffer bufferId:32495722561545 framenumber:64078
05-03 22:42:34.008 E/BLASTBufferQueue( 7566): [SurfaceView[com.solodevlab.solara/com.solodevlab.solara.MainActivity]#3](f:0,a:2) Faking releaseBufferCallback from transactionCompleteCallback 64085
05-03 22:42:34.059 E/BLASTBufferQueue( 7566): [SurfaceView[com.solodevlab.solara/com.solodevlab.solara.MainActivity]#3](f:0,a:1) ERROR: releaseBufferCallback without corresponding submitted buffer bufferId:32495722561547 framenumber:64085
05-03 22:42:34.074 E/BLASTBufferQueue( 7566): [SurfaceView[com.solodevlab.solara/com.solodevlab.solara.MainActivity]#3](f:0,a:2) Faking releaseBufferCallback from transactionCompleteCallback 64089
05-03 22:42:34.109 E/BLASTBufferQueue( 7566): [SurfaceView[com.solodevlab.solara/com.solodevlab.solara.MainActivity]#3](f:0,a:1) ERROR: releaseBufferCallback without corresponding submitted buffer bufferId:32495722561548 framenumber:64089
05-03 22:42:34.125 E/BLASTBufferQueue( 7566): [SurfaceView[com.solodevlab.solara/com.solodevlab.solara.MainActivity]#3](f:0,a:2) Faking releaseBufferCallback from transactionCompleteCallback 64092
05-03 22:42:34.159 E/BLASTBufferQueue( 7566): [SurfaceView[com.solodevlab.solara/com.solodevlab.solara.MainActivity]#3](f:0,a:1) ERROR: releaseBufferCallback without corresponding submitted buffer bufferId:32495722561548 framenumber:64092
05-03 22:42:34.175 E/BLASTBufferQueue( 7566): [SurfaceView[com.solodevlab.solara/com.solodevlab.solara.MainActivity]#3](f:0,a:2) Faking releaseBufferCallback from transactionCompleteCallback 64095
05-03 22:42:34.242 E/BLASTBufferQueue( 7566): [SurfaceView[com.solodevlab.solara/com.solodevlab.solara.MainActivity]#3](f:0,a:1) ERROR: releaseBufferCallback without corresponding submitted buffer bufferId:32495722561548 framenumber:64095
05-03 22:42:34.258 E/BLASTBufferQueue( 7566): [SurfaceView[com.solodevlab.solara/com.solodevlab.solara.MainActivity]#3](f:0,a:2) Faking releaseBufferCallback from transactionCompleteCallback 64100
05-03 22:42:34.326 E/BLASTBufferQueue( 7566): [SurfaceView[com.solodevlab.solara/com.solodevlab.solara.MainActivity]#3](f:0,a:1) ERROR: releaseBufferCallback without corresponding submitted buffer bufferId:32495722561547 framenumber:64100
05-03 22:42:34.342 E/BLASTBufferQueue( 7566): [SurfaceView[com.solodevlab.solara/com.solodevlab.solara.MainActivity]#3](f:0,a:2) Faking releaseBufferCallback from transactionCompleteCallback 64105
05-03 22:42:34.426 E/BLASTBufferQueue( 7566): [SurfaceView[com.solodevlab.solara/com.solodevlab.solara.MainActivity]#3](f:0,a:1) ERROR: releaseBufferCallback without corresponding submitted buffer bufferId:32495722561545 framenumber:64105
05-03 22:42:34.442 E/BLASTBufferQueue( 7566): [SurfaceView[com.solodevlab.solara/com.solodevlab.solara.MainActivity]#3](f:0,a:2) Faking releaseBufferCallback from transactionCompleteCallback 64111
05-03 22:42:34.494 E/BLASTBufferQueue( 7566): [SurfaceView[com.solodevlab.solara/com.solodevlab.solara.MainActivity]#3](f:0,a:1) ERROR: releaseBufferCallback without corresponding submitted buffer bufferId:32495722561545 framenumber:64111
05-03 22:42:34.510 E/BLASTBufferQueue( 7566): [SurfaceView[com.solodevlab.solara/com.solodevlab.solara.MainActivity]#3](f:0,a:2) Faking releaseBufferCallback from transactionCompleteCallback 64115
05-03 22:42:34.543 E/BLASTBufferQueue( 7566): [SurfaceView[com.solodevlab.solara/com.solodevlab.solara.MainActivity]#3](f:0,a:1) ERROR: releaseBufferCallback without corresponding submitted buffer bufferId:32495722561547 framenumber:64115
05-03 22:42:34.559 E/BLASTBufferQueue( 7566): [SurfaceView[com.solodevlab.solara/com.solodevlab.solara.MainActivity]#3](f:0,a:2) Faking releaseBufferCallback from transactionCompleteCallback 64118
05-03 22:42:34.627 E/BLASTBufferQueue( 7566): [SurfaceView[com.solodevlab.solara/com.solodevlab.solara.MainActivity]#3](f:0,a:1) ERROR: releaseBufferCallback without corresponding submitted buffer bufferId:32495722561547 framenumber:64118
05-03 22:42:34.643 E/BLASTBufferQueue( 7566): [SurfaceView[com.solodevlab.solara/com.solodevlab.solara.MainActivity]#3](f:0,a:2) Faking releaseBufferCallback from transactionCompleteCallback 64123
05-03 22:42:34.695 E/BLASTBufferQueue( 7566): [SurfaceView[com.solodevlab.solara/com.solodevlab.solara.MainActivity]#3](f:0,a:1) ERROR: releaseBufferCallback without corresponding submitted buffer bufferId:32495722561545 framenumber:64123
05-03 22:42:34.710 E/BLASTBufferQueue( 7566): [SurfaceView[com.solodevlab.solara/com.solodevlab.solara.MainActivity]#3](f:0,a:2) Faking releaseBufferCallback from transactionCompleteCallback 64127
05-03 22:42:34.777 E/BLASTBufferQueue( 7566): [SurfaceView[com.solodevlab.solara/com.solodevlab.solara.MainActivity]#3](f:0,a:1) ERROR: releaseBufferCallback without corresponding submitted buffer bufferId:32495722561547 framenumber:64127
05-03 22:42:34.794 E/BLASTBufferQueue( 7566): [SurfaceView[com.solodevlab.solara/com.solodevlab.solara.MainActivity]#3](f:0,a:2) Faking releaseBufferCallback from transactionCompleteCallback 64132
05-03 22:42:34.827 E/BLASTBufferQueue( 7566): [SurfaceView[com.solodevlab.solara/com.solodevlab.solara.MainActivity]#3](f:0,a:1) ERROR: releaseBufferCallback without corresponding submitted buffer bufferId:32495722561545 framenumber:64132
05-03 22:42:34.843 E/BLASTBufferQueue( 7566): [SurfaceView[com.solodevlab.solara/com.solodevlab.solara.MainActivity]#3](f:0,a:2) Faking releaseBufferCallback from transactionCompleteCallback 64135
05-03 22:42:34.861 E/BLASTBufferQueue( 7566): [SurfaceView[com.solodevlab.solara/com.solodevlab.solara.MainActivity]#3](f:0,a:1) ERROR: releaseBufferCallback without corresponding submitted buffer bufferId:32495722561545 framenumber:64135
05-03 22:42:34.877 E/BLASTBufferQueue( 7566): [SurfaceView[com.solodevlab.solara/com.solodevlab.solara.MainActivity]#3](f:0,a:2) Faking releaseBufferCallback from transactionCompleteCallback 64137
05-03 22:42:34.911 E/BLASTBufferQueue( 7566): [SurfaceView[com.solodevlab.solara/com.solodevlab.solara.MainActivity]#3](f:0,a:1) ERROR: releaseBufferCallback without corresponding submitted buffer bufferId:32495722561548 framenumber:64137
05-03 22:42:34.927 E/BLASTBufferQueue( 7566): [SurfaceView[com.solodevlab.solara/com.solodevlab.solara.MainActivity]#3](f:0,a:2) Faking releaseBufferCallback from transactionCompleteCallback 64140
05-03 22:42:35.011 E/BLASTBufferQueue( 7566): [SurfaceView[com.solodevlab.solara/com.solodevlab.solara.MainActivity]#3](f:0,a:1) ERROR: releaseBufferCallback without corresponding submitted buffer bufferId:32495722561548 framenumber:64140
05-03 22:42:35.027 E/BLASTBufferQueue( 7566): [SurfaceView[com.solodevlab.solara/com.solodevlab.solara.MainActivity]#3](f:0,a:2) Faking releaseBufferCallback from transactionCompleteCallback 64146
05-03 22:42:35.129 E/BLASTBufferQueue( 7566): [SurfaceView[com.solodevlab.solara/com.solodevlab.solara.MainActivity]#3](f:0,a:1) ERROR: releaseBufferCallback without corresponding submitted buffer bufferId:32495722561548 framenumber:64146
05-03 22:42:35.144 E/BLASTBufferQueue( 7566): [SurfaceView[com.solodevlab.solara/com.solodevlab.solara.MainActivity]#3](f:0,a:2) Faking releaseBufferCallback from transactionCompleteCallback 64153
05-03 22:42:35.161 E/BLASTBufferQueue( 7566): [SurfaceView[com.solodevlab.solara/com.solodevlab.solara.MainActivity]#3](f:0,a:1) ERROR: releaseBufferCallback without corresponding submitted buffer bufferId:32495722561545 framenumber:64153
05-03 22:42:35.177 E/BLASTBufferQueue( 7566): [SurfaceView[com.solodevlab.solara/com.solodevlab.solara.MainActivity]#3](f:0,a:2) Faking releaseBufferCallback from transactionCompleteCallback 64155
05-03 22:42:35.262 E/BLASTBufferQueue( 7566): [SurfaceView[com.solodevlab.solara/com.solodevlab.solara.MainActivity]#3](f:0,a:1) ERROR: releaseBufferCallback without corresponding submitted buffer bufferId:32495722561548 framenumber:64155
05-03 22:42:35.278 E/BLASTBufferQueue( 7566): [SurfaceView[com.solodevlab.solara/com.solodevlab.solara.MainActivity]#3](f:0,a:2) Faking releaseBufferCallback from transactionCompleteCallback 64161
05-03 22:42:35.312 E/BLASTBufferQueue( 7566): [SurfaceView[com.solodevlab.solara/com.solodevlab.solara.MainActivity]#3](f:0,a:1) ERROR: releaseBufferCallback without corresponding submitted buffer bufferId:32495722561548 framenumber:64161
05-03 22:42:35.328 E/BLASTBufferQueue( 7566): [SurfaceView[com.solodevlab.solara/com.solodevlab.solara.MainActivity]#3](f:0,a:2) Faking releaseBufferCallback from transactionCompleteCallback 64164
05-03 22:42:35.379 E/BLASTBufferQueue( 7566): [SurfaceView[com.solodevlab.solara/com.solodevlab.solara.MainActivity]#3](f:0,a:1) ERROR: releaseBufferCallback without corresponding submitted buffer bufferId:32495722561548 framenumber:64164
05-03 22:42:35.395 E/BLASTBufferQueue( 7566): [SurfaceView[com.solodevlab.solara/com.solodevlab.solara.MainActivity]#3](f:0,a:2) Faking releaseBufferCallback from transactionCompleteCallback 64168
05-03 22:42:35.529 E/BLASTBufferQueue( 7566): [SurfaceView[com.solodevlab.solara/com.solodevlab.solara.MainActivity]#3](f:0,a:1) ERROR: releaseBufferCallback without corresponding submitted buffer bufferId:32495722561545 framenumber:64168
05-03 22:42:35.545 E/BLASTBufferQueue( 7566): [SurfaceView[com.solodevlab.solara/com.solodevlab.solara.MainActivity]#3](f:0,a:2) Faking releaseBufferCallback from transactionCompleteCallback 64177
05-03 22:42:35.562 E/BLASTBufferQueue( 7566): [SurfaceView[com.solodevlab.solara/com.solodevlab.solara.MainActivity]#3](f:0,a:1) ERROR: releaseBufferCallback without corresponding submitted buffer bufferId:32495722561545 framenumber:64177
05-03 22:42:35.578 E/BLASTBufferQueue( 7566): [SurfaceView[com.solodevlab.solara/com.solodevlab.solara.MainActivity]#3](f:0,a:2) Faking releaseBufferCallback from transactionCompleteCallback 64179
05-03 22:42:35.631 E/BLASTBufferQueue( 7566): [SurfaceView[com.solodevlab.solara/com.solodevlab.solara.MainActivity]#3](f:0,a:1) ERROR: releaseBufferCallback without corresponding submitted buffer bufferId:32495722561548 framenumber:64179
05-03 22:42:35.645 E/BLASTBufferQueue( 7566): [SurfaceView[com.solodevlab.solara/com.solodevlab.solara.MainActivity]#3](f:0,a:2) Faking releaseBufferCallback from transactionCompleteCallback 64183
05-03 22:42:35.680 E/BLASTBufferQueue( 7566): [SurfaceView[com.solodevlab.solara/com.solodevlab.solara.MainActivity]#3](f:0,a:1) ERROR: releaseBufferCallback without corresponding submitted buffer bufferId:32495722561545 framenumber:64183
05-03 22:42:35.695 E/BLASTBufferQueue( 7566): [SurfaceView[com.solodevlab.solara/com.solodevlab.solara.MainActivity]#3](f:0,a:2) Faking releaseBufferCallback from transactionCompleteCallback 64186
05-03 22:42:35.713 E/BLASTBufferQueue( 7566): [SurfaceView[com.solodevlab.solara/com.solodevlab.solara.MainActivity]#3](f:0,a:1) ERROR: releaseBufferCallback without corresponding submitted buffer bufferId:32495722561545 framenumber:64186
05-03 22:42:35.729 E/BLASTBufferQueue( 7566): [SurfaceView[com.solodevlab.solara/com.solodevlab.solara.MainActivity]#3](f:0,a:2) Faking releaseBufferCallback from transactionCompleteCallback 64188
05-03 22:42:35.746 E/BLASTBufferQueue( 7566): [SurfaceView[com.solodevlab.solara/com.solodevlab.solara.MainActivity]#3](f:0,a:1) ERROR: releaseBufferCallback without corresponding submitted buffer bufferId:32495722561548 framenumber:64188
05-03 22:42:35.762 E/BLASTBufferQueue( 7566): [SurfaceView[com.solodevlab.solara/com.solodevlab.solara.MainActivity]#3](f:0,a:2) Faking releaseBufferCallback from transactionCompleteCallback 64190
05-03 22:42:35.864 E/BLASTBufferQueue( 7566): [SurfaceView[com.solodevlab.solara/com.solodevlab.solara.MainActivity]#3](f:0,a:1) ERROR: releaseBufferCallback without corresponding submitted buffer bufferId:32495722561547 framenumber:64190
05-03 22:42:35.879 E/BLASTBufferQueue( 7566): [SurfaceView[com.solodevlab.solara/com.solodevlab.solara.MainActivity]#3](f:0,a:2) Faking releaseBufferCallback from transactionCompleteCallback 64197
05-03 22:42:35.897 E/BLASTBufferQueue( 7566): [SurfaceView[com.solodevlab.solara/com.solodevlab.solara.MainActivity]#3](f:0,a:1) ERROR: releaseBufferCallback without corresponding submitted buffer bufferId:32495722561548 framenumber:64197
05-03 22:42:35.913 E/BLASTBufferQueue( 7566): [SurfaceView[com.solodevlab.solara/com.solodevlab.solara.MainActivity]#3](f:0,a:2) Faking releaseBufferCallback from transactionCompleteCallback 64199
05-03 22:42:36.048 E/BLASTBufferQueue( 7566): [SurfaceView[com.solodevlab.solara/com.solodevlab.solara.MainActivity]#3](f:0,a:1) ERROR: releaseBufferCallback without corresponding submitted buffer bufferId:32495722561547 framenumber:64199
05-03 22:42:36.063 E/BLASTBufferQueue( 7566): [SurfaceView[com.solodevlab.solara/com.solodevlab.solara.MainActivity]#3](f:0,a:2) Faking releaseBufferCallback from transactionCompleteCallback 64208
05-03 22:42:36.097 E/BLASTBufferQueue( 7566): [SurfaceView[com.solodevlab.solara/com.solodevlab.solara.MainActivity]#3](f:0,a:1) ERROR: releaseBufferCallback without corresponding submitted buffer bufferId:32495722561547 framenumber:64208
05-03 22:42:36.113 E/BLASTBufferQueue( 7566): [SurfaceView[com.solodevlab.solara/com.solodevlab.solara.MainActivity]#3](f:0,a:2) Faking releaseBufferCallback from transactionCompleteCallback 64211
05-03 22:42:36.147 E/BLASTBufferQueue( 7566): [SurfaceView[com.solodevlab.solara/com.solodevlab.solara.MainActivity]#3](f:0,a:1) ERROR: releaseBufferCallback without corresponding submitted buffer bufferId:32495722561547 framenumber:64211
05-03 22:42:36.164 E/BLASTBufferQueue( 7566): [SurfaceView[com.solodevlab.solara/com.solodevlab.solara.MainActivity]#3](f:0,a:2) Faking releaseBufferCallback from transactionCompleteCallback 64214
05-03 22:42:36.214 E/BLASTBufferQueue( 7566): [SurfaceView[com.solodevlab.solara/com.solodevlab.solara.MainActivity]#3](f:0,a:1) ERROR: releaseBufferCallback without corresponding submitted buffer bufferId:32495722561547 framenumber:64214
05-03 22:42:36.230 E/BLASTBufferQueue( 7566): [SurfaceView[com.solodevlab.solara/com.solodevlab.solara.MainActivity]#3](f:0,a:2) Faking releaseBufferCallback from transactionCompleteCallback 64218
05-03 22:42:36.299 E/BLASTBufferQueue( 7566): [SurfaceView[com.solodevlab.solara/com.solodevlab.solara.MainActivity]#3](f:0,a:1) ERROR: releaseBufferCallback without corresponding submitted buffer bufferId:32495722561548 framenumber:64218
05-03 22:42:36.313 E/BLASTBufferQueue( 7566): [SurfaceView[com.solodevlab.solara/com.solodevlab.solara.MainActivity]#3](f:0,a:2) Faking releaseBufferCallback from transactionCompleteCallback 64223
05-03 22:42:36.381 E/BLASTBufferQueue( 7566): [SurfaceView[com.solodevlab.solara/com.solodevlab.solara.MainActivity]#3](f:0,a:1) ERROR: releaseBufferCallback without corresponding submitted buffer bufferId:32495722561547 framenumber:64223
05-03 22:42:36.397 E/BLASTBufferQueue( 7566): [SurfaceView[com.solodevlab.solara/com.solodevlab.solara.MainActivity]#3](f:0,a:2) Faking releaseBufferCallback from transactionCompleteCallback 64228
05-03 22:42:36.414 E/BLASTBufferQueue( 7566): [SurfaceView[com.solodevlab.solara/com.solodevlab.solara.MainActivity]#3](f:0,a:1) ERROR: releaseBufferCallback without corresponding submitted buffer bufferId:32495722561545 framenumber:64228
05-03 22:42:36.431 E/BLASTBufferQueue( 7566): [SurfaceView[com.solodevlab.solara/com.solodevlab.solara.MainActivity]#3](f:0,a:2) Faking releaseBufferCallback from transactionCompleteCallback 64230
05-03 22:42:36.532 E/BLASTBufferQueue( 7566): [SurfaceView[com.solodevlab.solara/com.solodevlab.solara.MainActivity]#3](f:0,a:1) ERROR: releaseBufferCallback without corresponding submitted buffer bufferId:32495722561548 framenumber:64230
05-03 22:42:36.548 E/BLASTBufferQueue( 7566): [SurfaceView[com.solodevlab.solara/com.solodevlab.solara.MainActivity]#3](f:0,a:2) Faking releaseBufferCallback from transactionCompleteCallback 64237
05-03 22:42:36.598 E/BLASTBufferQueue( 7566): [SurfaceView[com.solodevlab.solara/com.solodevlab.solara.MainActivity]#3](f:0,a:1) ERROR: releaseBufferCallback without corresponding submitted buffer bufferId:32495722561545 framenumber:64237
05-03 22:42:36.614 E/BLASTBufferQueue( 7566): [SurfaceView[com.solodevlab.solara/com.solodevlab.solara.MainActivity]#3](f:0,a:2) Faking releaseBufferCallback from transactionCompleteCallback 64241
05-03 22:42:36.683 E/BLASTBufferQueue( 7566): [SurfaceView[com.solodevlab.solara/com.solodevlab.solara.MainActivity]#3](f:0,a:1) ERROR: releaseBufferCallback without corresponding submitted buffer bufferId:32495722561547 framenumber:64241
05-03 22:42:36.698 E/BLASTBufferQueue( 7566): [SurfaceView[com.solodevlab.solara/com.solodevlab.solara.MainActivity]#3](f:0,a:2) Faking releaseBufferCallback from transactionCompleteCallback 64246
05-03 22:42:36.749 E/BLASTBufferQueue( 7566): [SurfaceView[com.solodevlab.solara/com.solodevlab.solara.MainActivity]#3](f:0,a:1) ERROR: releaseBufferCallback without corresponding submitted buffer bufferId:32495722561545 framenumber:64246
05-03 22:42:36.815 E/BLASTBufferQueue( 7566): [SurfaceView[com.solodevlab.solara/com.solodevlab.solara.MainActivity]#3](f:0,a:2) Faking releaseBufferCallback from transactionCompleteCallback 64253
05-03 22:42:36.899 E/BLASTBufferQueue( 7566): [SurfaceView[com.solodevlab.solara/com.solodevlab.solara.MainActivity]#3](f:0,a:1) ERROR: releaseBufferCallback without corresponding submitted buffer bufferId:32495722561547 framenumber:64253
05-03 22:42:36.915 E/BLASTBufferQueue( 7566): [SurfaceView[com.solodevlab.solara/com.solodevlab.solara.MainActivity]#3](f:0,a:2) Faking releaseBufferCallback from transactionCompleteCallback 64259
05-03 22:42:37.068 E/BLASTBufferQueue( 7566): [SurfaceView[com.solodevlab.solara/com.solodevlab.solara.MainActivity]#3](f:0,a:1) ERROR: releaseBufferCallback without corresponding submitted buffer bufferId:32495722561547 framenumber:64259
05-03 22:42:37.082 E/BLASTBufferQueue( 7566): [SurfaceView[com.solodevlab.solara/com.solodevlab.solara.MainActivity]#3](f:0,a:2) Faking releaseBufferCallback from transactionCompleteCallback 64269
05-03 22:42:37.150 E/BLASTBufferQueue( 7566): [SurfaceView[com.solodevlab.solara/com.solodevlab.solara.MainActivity]#3](f:0,a:1) ERROR: releaseBufferCallback without corresponding submitted buffer bufferId:32495722561548 framenumber:64269
05-03 22:42:37.166 E/BLASTBufferQueue( 7566): [SurfaceView[com.solodevlab.solara/com.solodevlab.solara.MainActivity]#3](f:0,a:2) Faking releaseBufferCallback from transactionCompleteCallback 64274
05-03 22:42:37.250 E/BLASTBufferQueue( 7566): [SurfaceView[com.solodevlab.solara/com.solodevlab.solara.MainActivity]#3](f:0,a:1) ERROR: releaseBufferCallback without corresponding submitted buffer bufferId:32495722561547 framenumber:64274
05-03 22:42:37.266 E/BLASTBufferQueue( 7566): [SurfaceView[com.solodevlab.solara/com.solodevlab.solara.MainActivity]#3](f:0,a:2) Faking releaseBufferCallback from transactionCompleteCallback 64280
05-03 22:42:37.350 E/BLASTBufferQueue( 7566): [SurfaceView[com.solodevlab.solara/com.solodevlab.solara.MainActivity]#3](f:0,a:1) ERROR: releaseBufferCallback without corresponding submitted buffer bufferId:32495722561547 framenumber:64280
05-03 22:42:37.366 E/BLASTBufferQueue( 7566): [SurfaceView[com.solodevlab.solara/com.solodevlab.solara.MainActivity]#3](f:0,a:2) Faking releaseBufferCallback from transactionCompleteCallback 64286
05-03 22:42:37.468 E/BLASTBufferQueue( 7566): [SurfaceView[com.solodevlab.solara/com.solodevlab.solara.MainActivity]#3](f:0,a:1) ERROR: releaseBufferCallback without corresponding submitted buffer bufferId:32495722561547 framenumber:64286
05-03 22:42:37.483 E/BLASTBufferQueue( 7566): [SurfaceView[com.solodevlab.solara/com.solodevlab.solara.MainActivity]#3](f:0,a:2) Faking releaseBufferCallback from transactionCompleteCallback 64293
05-03 22:42:37.534 E/BLASTBufferQueue( 7566): [SurfaceView[com.solodevlab.solara/com.solodevlab.solara.MainActivity]#3](f:0,a:1) ERROR: releaseBufferCallback without corresponding submitted buffer bufferId:32495722561548 framenumber:64293
05-03 22:42:37.550 E/BLASTBufferQueue( 7566): [SurfaceView[com.solodevlab.solara/com.solodevlab.solara.MainActivity]#3](f:0,a:2) Faking releaseBufferCallback from transactionCompleteCallback 64297
05-03 22:42:37.568 E/BLASTBufferQueue( 7566): [SurfaceView[com.solodevlab.solara/com.solodevlab.solara.MainActivity]#3](f:0,a:1) ERROR: releaseBufferCallback without corresponding submitted buffer bufferId:32495722561545 framenumber:64297
05-03 22:42:37.584 E/BLASTBufferQueue( 7566): [SurfaceView[com.solodevlab.solara/com.solodevlab.solara.MainActivity]#3](f:0,a:2) Faking releaseBufferCallback from transactionCompleteCallback 64299
05-03 22:42:37.619 E/BLASTBufferQueue( 7566): [SurfaceView[com.solodevlab.solara/com.solodevlab.solara.MainActivity]#3](f:0,a:1) ERROR: releaseBufferCallback without corresponding submitted buffer bufferId:32495722561548 framenumber:64299
05-03 22:42:37.634 E/BLASTBufferQueue( 7566): [SurfaceView[com.solodevlab.solara/com.solodevlab.solara.MainActivity]#3](f:0,a:2) Faking releaseBufferCallback from transactionCompleteCallback 64302
05-03 22:42:37.651 E/BLASTBufferQueue( 7566): [SurfaceView[com.solodevlab.solara/com.solodevlab.solara.MainActivity]#3](f:0,a:1) ERROR: releaseBufferCallback without corresponding submitted buffer bufferId:32495722561548 framenumber:64302
05-03 22:42:37.667 E/BLASTBufferQueue( 7566): [SurfaceView[com.solodevlab.solara/com.solodevlab.solara.MainActivity]#3](f:0,a:2) Faking releaseBufferCallback from transactionCompleteCallback 64304
05-03 22:42:37.718 E/BLASTBufferQueue( 7566): [SurfaceView[com.solodevlab.solara/com.solodevlab.solara.MainActivity]#3](f:0,a:1) ERROR: releaseBufferCallback without corresponding submitted buffer bufferId:32495722561547 framenumber:64304
05-03 22:42:37.734 E/BLASTBufferQueue( 7566): [SurfaceView[com.solodevlab.solara/com.solodevlab.solara.MainActivity]#3](f:0,a:2) Faking releaseBufferCallback from transactionCompleteCallback 64308
05-03 22:42:37.802 E/BLASTBufferQueue( 7566): [SurfaceView[com.solodevlab.solara/com.solodevlab.solara.MainActivity]#3](f:0,a:1) ERROR: releaseBufferCallback without corresponding submitted buffer bufferId:32495722561548 framenumber:64308
05-03 22:42:37.818 E/BLASTBufferQueue( 7566): [SurfaceView[com.solodevlab.solara/com.solodevlab.solara.MainActivity]#3](f:0,a:2) Faking releaseBufferCallback from transactionCompleteCallback 64313
05-03 22:42:37.852 E/BLASTBufferQueue( 7566): [SurfaceView[com.solodevlab.solara/com.solodevlab.solara.MainActivity]#3](f:0,a:1) ERROR: releaseBufferCallback without corresponding submitted buffer bufferId:32495722561547 framenumber:64313
05-03 22:42:37.867 E/BLASTBufferQueue( 7566): [SurfaceView[com.solodevlab.solara/com.solodevlab.solara.MainActivity]#3](f:0,a:2) Faking releaseBufferCallback from transactionCompleteCallback 64316
05-03 22:42:37.901 E/BLASTBufferQueue( 7566): [SurfaceView[com.solodevlab.solara/com.solodevlab.solara.MainActivity]#3](f:0,a:1) ERROR: releaseBufferCallback without corresponding submitted buffer bufferId:32495722561547 framenumber:64316
05-03 22:42:37.917 E/BLASTBufferQueue( 7566): [SurfaceView[com.solodevlab.solara/com.solodevlab.solara.MainActivity]#3](f:0,a:2) Faking releaseBufferCallback from transactionCompleteCallback 64319
05-03 22:42:38.020 E/BLASTBufferQueue( 7566): [SurfaceView[com.solodevlab.solara/com.solodevlab.solara.MainActivity]#3](f:0,a:1) ERROR: releaseBufferCallback without corresponding submitted buffer bufferId:32495722561547 framenumber:64319
05-03 22:42:38.035 E/BLASTBufferQueue( 7566): [SurfaceView[com.solodevlab.solara/com.solodevlab.solara.MainActivity]#3](f:0,a:2) Faking releaseBufferCallback from transactionCompleteCallback 64326
05-03 22:42:38.085 E/BLASTBufferQueue( 7566): [SurfaceView[com.solodevlab.solara/com.solodevlab.solara.MainActivity]#3](f:0,a:1) ERROR: releaseBufferCallback without corresponding submitted buffer bufferId:32495722561548 framenumber:64326
05-03 22:42:38.101 E/BLASTBufferQueue( 7566): [SurfaceView[com.solodevlab.solara/com.solodevlab.solara.MainActivity]#3](f:0,a:2) Faking releaseBufferCallback from transactionCompleteCallback 64330
05-03 22:42:38.204 E/BLASTBufferQueue( 7566): [SurfaceView[com.solodevlab.solara/com.solodevlab.solara.MainActivity]#3](f:0,a:1) ERROR: releaseBufferCallback without corresponding submitted buffer bufferId:32495722561545 framenumber:64330
05-03 22:42:38.218 E/BLASTBufferQueue( 7566): [SurfaceView[com.solodevlab.solara/com.solodevlab.solara.MainActivity]#3](f:0,a:2) Faking releaseBufferCallback from transactionCompleteCallback 64337
05-03 22:42:38.286 E/BLASTBufferQueue( 7566): [SurfaceView[com.solodevlab.solara/com.solodevlab.solara.MainActivity]#3](f:0,a:1) ERROR: releaseBufferCallback without corresponding submitted buffer bufferId:32495722561547 framenumber:64337
05-03 22:42:38.302 E/BLASTBufferQueue( 7566): [SurfaceView[com.solodevlab.solara/com.solodevlab.solara.MainActivity]#3](f:0,a:2) Faking releaseBufferCallback from transactionCompleteCallback 64342
05-03 22:42:38.320 E/BLASTBufferQueue( 7566): [SurfaceView[com.solodevlab.solara/com.solodevlab.solara.MainActivity]#3](f:0,a:1) ERROR: releaseBufferCallback without corresponding submitted buffer bufferId:32495722561545 framenumber:64342
05-03 22:42:38.335 E/BLASTBufferQueue( 7566): [SurfaceView[com.solodevlab.solara/com.solodevlab.solara.MainActivity]#3](f:0,a:2) Faking releaseBufferCallback from transactionCompleteCallback 64344
05-03 22:42:38.353 E/BLASTBufferQueue( 7566): [SurfaceView[com.solodevlab.solara/com.solodevlab.solara.MainActivity]#3](f:0,a:1) ERROR: releaseBufferCallback without corresponding submitted buffer bufferId:32495722561548 framenumber:64344
05-03 22:42:38.369 E/BLASTBufferQueue( 7566): [SurfaceView[com.solodevlab.solara/com.solodevlab.solara.MainActivity]#3](f:0,a:2) Faking releaseBufferCallback from transactionCompleteCallback 64346
05-03 22:42:38.404 E/BLASTBufferQueue( 7566): [SurfaceView[com.solodevlab.solara/com.solodevlab.solara.MainActivity]#3](f:0,a:1) ERROR: releaseBufferCallback without corresponding submitted buffer bufferId:32495722561547 framenumber:64346
05-03 22:42:38.419 E/BLASTBufferQueue( 7566): [SurfaceView[com.solodevlab.solara/com.solodevlab.solara.MainActivity]#3](f:0,a:2) Faking releaseBufferCallback from transactionCompleteCallback 64349
05-03 22:42:38.437 E/BLASTBufferQueue( 7566): [SurfaceView[com.solodevlab.solara/com.solodevlab.solara.MainActivity]#3](f:0,a:1) ERROR: releaseBufferCallback without corresponding submitted buffer bufferId:32495722561547 framenumber:64349
05-03 22:42:38.452 E/BLASTBufferQueue( 7566): [SurfaceView[com.solodevlab.solara/com.solodevlab.solara.MainActivity]#3](f:0,a:2) Faking releaseBufferCallback from transactionCompleteCallback 64351
05-03 22:42:38.470 E/BLASTBufferQueue( 7566): [SurfaceView[com.solodevlab.solara/com.solodevlab.solara.MainActivity]#3](f:0,a:1) ERROR: releaseBufferCallback without corresponding submitted buffer bufferId:32495722561545 framenumber:64351
05-03 22:42:38.485 E/BLASTBufferQueue( 7566): [SurfaceView[com.solodevlab.solara/com.solodevlab.solara.MainActivity]#3](f:0,a:2) Faking releaseBufferCallback from transactionCompleteCallback 64353
05-03 22:42:38.554 E/BLASTBufferQueue( 7566): [SurfaceView[com.solodevlab.solara/com.solodevlab.solara.MainActivity]#3](f:0,a:1) ERROR: releaseBufferCallback without corresponding submitted buffer bufferId:32495722561548 framenumber:64353
05-03 22:42:38.570 E/BLASTBufferQueue( 7566): [SurfaceView[com.solodevlab.solara/com.solodevlab.solara.MainActivity]#3](f:0,a:2) Faking releaseBufferCallback from transactionCompleteCallback 64358
05-03 22:42:38.653 E/BLASTBufferQueue( 7566): [SurfaceView[com.solodevlab.solara/com.solodevlab.solara.MainActivity]#3](f:0,a:1) ERROR: releaseBufferCallback without corresponding submitted buffer bufferId:32495722561547 framenumber:64358
05-03 22:42:38.669 E/BLASTBufferQueue( 7566): [SurfaceView[com.solodevlab.solara/com.solodevlab.solara.MainActivity]#3](f:0,a:2) Faking releaseBufferCallback from transactionCompleteCallback 64364
05-03 22:42:38.789 E/BLASTBufferQueue( 7566): [SurfaceView[com.solodevlab.solara/com.solodevlab.solara.MainActivity]#3](f:0,a:1) ERROR: releaseBufferCallback without corresponding submitted buffer bufferId:32495722561547 framenumber:64364
05-03 22:42:38.803 E/BLASTBufferQueue( 7566): [SurfaceView[com.solodevlab.solara/com.solodevlab.solara.MainActivity]#3](f:0,a:2) Faking releaseBufferCallback from transactionCompleteCallback 64372
05-03 22:42:38.821 E/BLASTBufferQueue( 7566): [SurfaceView[com.solodevlab.solara/com.solodevlab.solara.MainActivity]#3](f:0,a:1) ERROR: releaseBufferCallback without corresponding submitted buffer bufferId:32495722561545 framenumber:64372
05-03 22:42:38.837 E/BLASTBufferQueue( 7566): [SurfaceView[com.solodevlab.solara/com.solodevlab.solara.MainActivity]#3](f:0,a:2) Faking releaseBufferCallback from transactionCompleteCallback 64374
05-03 22:42:38.854 E/BLASTBufferQueue( 7566): [SurfaceView[com.solodevlab.solara/com.solodevlab.solara.MainActivity]#3](f:0,a:1) ERROR: releaseBufferCallback without corresponding submitted buffer bufferId:32495722561548 framenumber:64374
05-03 22:42:38.870 E/BLASTBufferQueue( 7566): [SurfaceView[com.solodevlab.solara/com.solodevlab.solara.MainActivity]#3](f:0,a:2) Faking releaseBufferCallback from transactionCompleteCallback 64376
05-03 22:42:38.955 E/BLASTBufferQueue( 7566): [SurfaceView[com.solodevlab.solara/com.solodevlab.solara.MainActivity]#3](f:0,a:1) ERROR: releaseBufferCallback without corresponding submitted buffer bufferId:32495722561547 framenumber:64376
05-03 22:42:38.971 E/BLASTBufferQueue( 7566): [SurfaceView[com.solodevlab.solara/com.solodevlab.solara.MainActivity]#3](f:0,a:2) Faking releaseBufferCallback from transactionCompleteCallback 64382
05-03 22:42:39.038 E/BLASTBufferQueue( 7566): [SurfaceView[com.solodevlab.solara/com.solodevlab.solara.MainActivity]#3](f:0,a:1) ERROR: releaseBufferCallback without corresponding submitted buffer bufferId:32495722561547 framenumber:64382
05-03 22:42:39.054 E/BLASTBufferQueue( 7566): [SurfaceView[com.solodevlab.solara/com.solodevlab.solara.MainActivity]#3](f:0,a:2) Faking releaseBufferCallback from transactionCompleteCallback 64387
05-03 22:42:39.139 E/BLASTBufferQueue( 7566): [SurfaceView[com.solodevlab.solara/com.solodevlab.solara.MainActivity]#3](f:0,a:1) ERROR: releaseBufferCallback without corresponding submitted buffer bufferId:32495722561545 framenumber:64387
05-03 22:42:39.154 E/BLASTBufferQueue( 7566): [SurfaceView[com.solodevlab.solara/com.solodevlab.solara.MainActivity]#3](f:0,a:2) Faking releaseBufferCallback from transactionCompleteCallback 64393
05-03 22:42:39.172 E/BLASTBufferQueue( 7566): [SurfaceView[com.solodevlab.solara/com.solodevlab.solara.MainActivity]#3](f:0,a:1) ERROR: releaseBufferCallback without corresponding submitted buffer bufferId:32495722561545 framenumber:64393
05-03 22:42:39.187 E/BLASTBufferQueue( 7566): [SurfaceView[com.solodevlab.solara/com.solodevlab.solara.MainActivity]#3](f:0,a:2) Faking releaseBufferCallback from transactionCompleteCallback 64395
05-03 22:42:39.205 E/BLASTBufferQueue( 7566): [SurfaceView[com.solodevlab.solara/com.solodevlab.solara.MainActivity]#3](f:0,a:1) ERROR: releaseBufferCallback without corresponding submitted buffer bufferId:32495722561548 framenumber:64395
05-03 22:42:39.221 E/BLASTBufferQueue( 7566): [SurfaceView[com.solodevlab.solara/com.solodevlab.solara.MainActivity]#3](f:0,a:2) Faking releaseBufferCallback from transactionCompleteCallback 64397
05-03 22:42:39.356 E/BLASTBufferQueue( 7566): [SurfaceView[com.solodevlab.solara/com.solodevlab.solara.MainActivity]#3](f:0,a:1) ERROR: releaseBufferCallback without corresponding submitted buffer bufferId:32495722561547 framenumber:64397
05-03 22:42:39.371 E/BLASTBufferQueue( 7566): [SurfaceView[com.solodevlab.solara/com.solodevlab.solara.MainActivity]#3](f:0,a:2) Faking releaseBufferCallback from transactionCompleteCallback 64406
05-03 22:42:39.439 E/BLASTBufferQueue( 7566): [SurfaceView[com.solodevlab.solara/com.solodevlab.solara.MainActivity]#3](f:0,a:1) ERROR: releaseBufferCallback without corresponding submitted buffer bufferId:32495722561547 framenumber:64406
05-03 22:42:39.455 E/BLASTBufferQueue( 7566): [SurfaceView[com.solodevlab.solara/com.solodevlab.solara.MainActivity]#3](f:0,a:2) Faking releaseBufferCallback from transactionCompleteCallback 64411
05-03 22:42:39.490 E/BLASTBufferQueue( 7566): [SurfaceView[com.solodevlab.solara/com.solodevlab.solara.MainActivity]#3](f:0,a:1) ERROR: releaseBufferCallback without corresponding submitted buffer bufferId:32495722561545 framenumber:64411
05-03 22:42:39.505 E/BLASTBufferQueue( 7566): [SurfaceView[com.solodevlab.solara/com.solodevlab.solara.MainActivity]#3](f:0,a:2) Faking releaseBufferCallback from transactionCompleteCallback 64414
05-03 22:42:39.539 E/BLASTBufferQueue( 7566): [SurfaceView[com.solodevlab.solara/com.solodevlab.solara.MainActivity]#3](f:0,a:1) ERROR: releaseBufferCallback without corresponding submitted buffer bufferId:32495722561545 framenumber:64414
05-03 22:42:39.555 E/BLASTBufferQueue( 7566): [SurfaceView[com.solodevlab.solara/com.solodevlab.solara.MainActivity]#3](f:0,a:2) Faking releaseBufferCallback from transactionCompleteCallback 64417
05-03 22:42:39.606 E/BLASTBufferQueue( 7566): [SurfaceView[com.solodevlab.solara/com.solodevlab.solara.MainActivity]#3](f:0,a:1) ERROR: releaseBufferCallback without corresponding submitted buffer bufferId:32495722561545 framenumber:64417
05-03 22:42:39.622 E/BLASTBufferQueue( 7566): [SurfaceView[com.solodevlab.solara/com.solodevlab.solara.MainActivity]#3](f:0,a:2) Faking releaseBufferCallback from transactionCompleteCallback 64421
05-03 22:42:39.707 E/BLASTBufferQueue( 7566): [SurfaceView[com.solodevlab.solara/com.solodevlab.solara.MainActivity]#3](f:0,a:1) ERROR: releaseBufferCallback without corresponding submitted buffer bufferId:32495722561547 framenumber:64421
05-03 22:42:39.722 E/BLASTBufferQueue( 7566): [SurfaceView[com.solodevlab.solara/com.solodevlab.solara.MainActivity]#3](f:0,a:2) Faking releaseBufferCallback from transactionCompleteCallback 64427
05-03 22:43:13.762 E/BLASTBufferQueue( 7566): [SurfaceView[com.solodevlab.solara/com.solodevlab.solara.MainActivity]#3](f:0,a:2) Faking releaseBufferCallback from transactionCompleteCallback 66463
05-03 22:43:13.776 E/BLASTBufferQueue( 7566): [SurfaceView[com.solodevlab.solara/com.solodevlab.solara.MainActivity]#3](f:0,a:1) ERROR: releaseBufferCallback without corresponding submitted buffer bufferId:32495722561545 framenumber:66463
05-03 22:43:13.791 E/BLASTBufferQueue( 7566): [SurfaceView[com.solodevlab.solara/com.solodevlab.solara.MainActivity]#3](f:0,a:2) Faking releaseBufferCallback from transactionCompleteCallback 66465
05-03 22:43:13.809 E/BLASTBufferQueue( 7566): [SurfaceView[com.solodevlab.solara/com.solodevlab.solara.MainActivity]#3](f:0,a:1) ERROR: releaseBufferCallback without corresponding submitted buffer bufferId:32495722561548 framenumber:66465
05-03 22:43:13.824 E/BLASTBufferQueue( 7566): [SurfaceView[com.solodevlab.solara/com.solodevlab.solara.MainActivity]#3](f:0,a:2) Faking releaseBufferCallback from transactionCompleteCallback 66467
05-03 22:43:13.841 E/BLASTBufferQueue( 7566): [SurfaceView[com.solodevlab.solara/com.solodevlab.solara.MainActivity]#3](f:0,a:1) ERROR: releaseBufferCallback without corresponding submitted buffer bufferId:32495722561547 framenumber:66467
05-03 22:43:13.857 E/BLASTBufferQueue( 7566): [SurfaceView[com.solodevlab.solara/com.solodevlab.solara.MainActivity]#3](f:0,a:2) Faking releaseBufferCallback from transactionCompleteCallback 66469
05-03 22:43:13.975 E/BLASTBufferQueue( 7566): [SurfaceView[com.solodevlab.solara/com.solodevlab.solara.MainActivity]#3](f:0,a:1) ERROR: releaseBufferCallback without corresponding submitted buffer bufferId:32495722561545 framenumber:66469
05-03 22:43:13.991 E/BLASTBufferQueue( 7566): [SurfaceView[com.solodevlab.solara/com.solodevlab.solara.MainActivity]#3](f:0,a:2) Faking releaseBufferCallback from transactionCompleteCallback 66477
05-03 22:43:14.025 E/BLASTBufferQueue( 7566): [SurfaceView[com.solodevlab.solara/com.solodevlab.solara.MainActivity]#3](f:0,a:1) ERROR: releaseBufferCallback without corresponding submitted buffer bufferId:32495722561548 framenumber:66477
05-03 22:43:14.041 E/BLASTBufferQueue( 7566): [SurfaceView[com.solodevlab.solara/com.solodevlab.solara.MainActivity]#3](f:0,a:2) Faking releaseBufferCallback from transactionCompleteCallback 66480
05-03 22:43:14.109 E/BLASTBufferQueue( 7566): [SurfaceView[com.solodevlab.solara/com.solodevlab.solara.MainActivity]#3](f:0,a:1) ERROR: releaseBufferCallback without corresponding submitted buffer bufferId:32495722561548 framenumber:66480
05-03 22:43:14.125 E/BLASTBufferQueue( 7566): [SurfaceView[com.solodevlab.solara/com.solodevlab.solara.MainActivity]#3](f:0,a:2) Faking releaseBufferCallback from transactionCompleteCallback 66485
05-03 22:43:14.159 E/BLASTBufferQueue( 7566): [SurfaceView[com.solodevlab.solara/com.solodevlab.solara.MainActivity]#3](f:0,a:1) ERROR: releaseBufferCallback without corresponding submitted buffer bufferId:32495722561547 framenumber:66485
05-03 22:43:14.175 E/BLASTBufferQueue( 7566): [SurfaceView[com.solodevlab.solara/com.solodevlab.solara.MainActivity]#3](f:0,a:2) Faking releaseBufferCallback from transactionCompleteCallback 66488
05-03 22:43:14.242 E/BLASTBufferQueue( 7566): [SurfaceView[com.solodevlab.solara/com.solodevlab.solara.MainActivity]#3](f:0,a:1) ERROR: releaseBufferCallback without corresponding submitted buffer bufferId:32495722561547 framenumber:66488
05-03 22:43:14.258 E/BLASTBufferQueue( 7566): [SurfaceView[com.solodevlab.solara/com.solodevlab.solara.MainActivity]#3](f:0,a:2) Faking releaseBufferCallback from transactionCompleteCallback 66493
05-03 22:43:14.327 E/BLASTBufferQueue( 7566): [SurfaceView[com.solodevlab.solara/com.solodevlab.solara.MainActivity]#3](f:0,a:1) ERROR: releaseBufferCallback without corresponding submitted buffer bufferId:32495722561545 framenumber:66493
05-03 22:43:14.342 E/BLASTBufferQueue( 7566): [SurfaceView[com.solodevlab.solara/com.solodevlab.solara.MainActivity]#3](f:0,a:2) Faking releaseBufferCallback from transactionCompleteCallback 66498
05-03 22:43:14.393 E/BLASTBufferQueue( 7566): [SurfaceView[com.solodevlab.solara/com.solodevlab.solara.MainActivity]#3](f:0,a:1) ERROR: releaseBufferCallback without corresponding submitted buffer bufferId:32495722561548 framenumber:66498
05-03 22:43:14.409 E/BLASTBufferQueue( 7566): [SurfaceView[com.solodevlab.solara/com.solodevlab.solara.MainActivity]#3](f:0,a:2) Faking releaseBufferCallback from transactionCompleteCallback 66502
05-03 22:43:14.426 E/BLASTBufferQueue( 7566): [SurfaceView[com.solodevlab.solara/com.solodevlab.solara.MainActivity]#3](f:0,a:1) ERROR: releaseBufferCallback without corresponding submitted buffer bufferId:32495722561545 framenumber:66502
05-03 22:43:14.442 E/BLASTBufferQueue( 7566): [SurfaceView[com.solodevlab.solara/com.solodevlab.solara.MainActivity]#3](f:0,a:2) Faking releaseBufferCallback from transactionCompleteCallback 66504
05-03 22:43:14.477 E/BLASTBufferQueue( 7566): [SurfaceView[com.solodevlab.solara/com.solodevlab.solara.MainActivity]#3](f:0,a:1) ERROR: releaseBufferCallback without corresponding submitted buffer bufferId:32495722561548 framenumber:66504
05-03 22:43:14.493 E/BLASTBufferQueue( 7566): [SurfaceView[com.solodevlab.solara/com.solodevlab.solara.MainActivity]#3](f:0,a:2) Faking releaseBufferCallback from transactionCompleteCallback 66507
05-03 22:43:14.544 E/BLASTBufferQueue( 7566): [SurfaceView[com.solodevlab.solara/com.solodevlab.solara.MainActivity]#3](f:0,a:1) ERROR: releaseBufferCallback without corresponding submitted buffer bufferId:32495722561548 framenumber:66507
05-03 22:43:14.559 E/BLASTBufferQueue( 7566): [SurfaceView[com.solodevlab.solara/com.solodevlab.solara.MainActivity]#3](f:0,a:2) Faking releaseBufferCallback from transactionCompleteCallback 66511
05-03 22:43:14.610 E/BLASTBufferQueue( 7566): [SurfaceView[com.solodevlab.solara/com.solodevlab.solara.MainActivity]#3](f:0,a:1) ERROR: releaseBufferCallback without corresponding submitted buffer bufferId:32495722561545 framenumber:66511
05-03 22:43:14.626 E/BLASTBufferQueue( 7566): [SurfaceView[com.solodevlab.solara/com.solodevlab.solara.MainActivity]#3](f:0,a:2) Faking releaseBufferCallback from transactionCompleteCallback 66515
05-03 22:43:14.711 E/BLASTBufferQueue( 7566): [SurfaceView[com.solodevlab.solara/com.solodevlab.solara.MainActivity]#3](f:0,a:1) ERROR: releaseBufferCallback without corresponding submitted buffer bufferId:32495722561547 framenumber:66515
05-03 22:43:14.726 E/BLASTBufferQueue( 7566): [SurfaceView[com.solodevlab.solara/com.solodevlab.solara.MainActivity]#3](f:0,a:2) Faking releaseBufferCallback from transactionCompleteCallback 66521
05-03 22:43:14.744 E/BLASTBufferQueue( 7566): [SurfaceView[com.solodevlab.solara/com.solodevlab.solara.MainActivity]#3](f:0,a:1) ERROR: releaseBufferCallback without corresponding submitted buffer bufferId:32495722561547 framenumber:66521
05-03 22:43:14.760 E/BLASTBufferQueue( 7566): [SurfaceView[com.solodevlab.solara/com.solodevlab.solara.MainActivity]#3](f:0,a:2) Faking releaseBufferCallback from transactionCompleteCallback 66523
05-03 22:43:14.861 E/BLASTBufferQueue( 7566): [SurfaceView[com.solodevlab.solara/com.solodevlab.solara.MainActivity]#3](f:0,a:1) ERROR: releaseBufferCallback without corresponding submitted buffer bufferId:32495722561545 framenumber:66523
05-03 22:43:14.877 E/BLASTBufferQueue( 7566): [SurfaceView[com.solodevlab.solara/com.solodevlab.solara.MainActivity]#3](f:0,a:2) Faking releaseBufferCallback from transactionCompleteCallback 66530
05-03 22:43:14.911 E/BLASTBufferQueue( 7566): [SurfaceView[com.solodevlab.solara/com.solodevlab.solara.MainActivity]#3](f:0,a:1) ERROR: releaseBufferCallback without corresponding submitted buffer bufferId:32495722561547 framenumber:66530
05-03 22:43:14.927 E/BLASTBufferQueue( 7566): [SurfaceView[com.solodevlab.solara/com.solodevlab.solara.MainActivity]#3](f:0,a:2) Faking releaseBufferCallback from transactionCompleteCallback 66533
05-03 22:43:14.961 E/BLASTBufferQueue( 7566): [SurfaceView[com.solodevlab.solara/com.solodevlab.solara.MainActivity]#3](f:0,a:1) ERROR: releaseBufferCallback without corresponding submitted buffer bufferId:32495722561547 framenumber:66533
05-03 22:43:14.977 E/BLASTBufferQueue( 7566): [SurfaceView[com.solodevlab.solara/com.solodevlab.solara.MainActivity]#3](f:0,a:2) Faking releaseBufferCallback from transactionCompleteCallback 66536
05-03 22:43:15.045 E/BLASTBufferQueue( 7566): [SurfaceView[com.solodevlab.solara/com.solodevlab.solara.MainActivity]#3](f:0,a:1) ERROR: releaseBufferCallback without corresponding submitted buffer bufferId:32495722561547 framenumber:66536
05-03 22:43:15.061 E/BLASTBufferQueue( 7566): [SurfaceView[com.solodevlab.solara/com.solodevlab.solara.MainActivity]#3](f:0,a:2) Faking releaseBufferCallback from transactionCompleteCallback 66541
05-03 22:43:15.112 E/BLASTBufferQueue( 7566): [SurfaceView[com.solodevlab.solara/com.solodevlab.solara.MainActivity]#3](f:0,a:1) ERROR: releaseBufferCallback without corresponding submitted buffer bufferId:32495722561545 framenumber:66541
05-03 22:43:15.127 E/BLASTBufferQueue( 7566): [SurfaceView[com.solodevlab.solara/com.solodevlab.solara.MainActivity]#3](f:0,a:2) Faking releaseBufferCallback from transactionCompleteCallback 66545
05-03 22:43:15.145 E/BLASTBufferQueue( 7566): [SurfaceView[com.solodevlab.solara/com.solodevlab.solara.MainActivity]#3](f:0,a:1) ERROR: releaseBufferCallback without corresponding submitted buffer bufferId:32495722561547 framenumber:66545
05-03 22:43:15.194 E/BLASTBufferQueue( 7566): [SurfaceView[com.solodevlab.solara/com.solodevlab.solara.MainActivity]#3](f:0,a:2) Faking releaseBufferCallback from transactionCompleteCallback 66549
05-03 22:43:15.212 E/BLASTBufferQueue( 7566): [SurfaceView[com.solodevlab.solara/com.solodevlab.solara.MainActivity]#3](f:0,a:1) ERROR: releaseBufferCallback without corresponding submitted buffer bufferId:32495722561548 framenumber:66549
05-03 22:43:15.228 E/BLASTBufferQueue( 7566): [SurfaceView[com.solodevlab.solara/com.solodevlab.solara.MainActivity]#3](f:0,a:2) Faking releaseBufferCallback from transactionCompleteCallback 66551
05-03 22:43:15.246 E/BLASTBufferQueue( 7566): [SurfaceView[com.solodevlab.solara/com.solodevlab.solara.MainActivity]#3](f:0,a:1) ERROR: releaseBufferCallback without corresponding submitted buffer bufferId:32495722561547 framenumber:66551
05-03 22:43:15.261 E/BLASTBufferQueue( 7566): [SurfaceView[com.solodevlab.solara/com.solodevlab.solara.MainActivity]#3](f:0,a:2) Faking releaseBufferCallback from transactionCompleteCallback 66553
05-03 22:43:15.279 E/BLASTBufferQueue( 7566): [SurfaceView[com.solodevlab.solara/com.solodevlab.solara.MainActivity]#3](f:0,a:1) ERROR: releaseBufferCallback without corresponding submitted buffer bufferId:32495722561545 framenumber:66553
05-03 22:43:15.294 E/BLASTBufferQueue( 7566): [SurfaceView[com.solodevlab.solara/com.solodevlab.solara.MainActivity]#3](f:0,a:2) Faking releaseBufferCallback from transactionCompleteCallback 66555
05-03 22:43:15.362 E/BLASTBufferQueue( 7566): [SurfaceView[com.solodevlab.solara/com.solodevlab.solara.MainActivity]#3](f:0,a:1) ERROR: releaseBufferCallback without corresponding submitted buffer bufferId:32495722561548 framenumber:66555
05-03 22:43:15.378 E/BLASTBufferQueue( 7566): [SurfaceView[com.solodevlab.solara/com.solodevlab.solara.MainActivity]#3](f:0,a:2) Faking releaseBufferCallback from transactionCompleteCallback 66560
05-03 22:43:15.446 E/BLASTBufferQueue( 7566): [SurfaceView[com.solodevlab.solara/com.solodevlab.solara.MainActivity]#3](f:0,a:1) ERROR: releaseBufferCallback without corresponding submitted buffer bufferId:32495722561547 framenumber:66560
05-03 22:43:15.462 E/BLASTBufferQueue( 7566): [SurfaceView[com.solodevlab.solara/com.solodevlab.solara.MainActivity]#3](f:0,a:2) Faking releaseBufferCallback from transactionCompleteCallback 66565
05-03 22:43:15.529 E/BLASTBufferQueue( 7566): [SurfaceView[com.solodevlab.solara/com.solodevlab.solara.MainActivity]#3](f:0,a:1) ERROR: releaseBufferCallback without corresponding submitted buffer bufferId:32495722561545 framenumber:66565
05-03 22:43:15.545 E/BLASTBufferQueue( 7566): [SurfaceView[com.solodevlab.solara/com.solodevlab.solara.MainActivity]#3](f:0,a:2) Faking releaseBufferCallback from transactionCompleteCallback 66570
05-03 22:43:15.562 E/BLASTBufferQueue( 7566): [SurfaceView[com.solodevlab.solara/com.solodevlab.solara.MainActivity]#3](f:0,a:1) ERROR: releaseBufferCallback without corresponding submitted buffer bufferId:32495722561548 framenumber:66570
05-03 22:43:15.578 E/BLASTBufferQueue( 7566): [SurfaceView[com.solodevlab.solara/com.solodevlab.solara.MainActivity]#3](f:0,a:2) Faking releaseBufferCallback from transactionCompleteCallback 66572
05-03 22:43:15.648 E/BLASTBufferQueue( 7566): [SurfaceView[com.solodevlab.solara/com.solodevlab.solara.MainActivity]#3](f:0,a:1) ERROR: releaseBufferCallback without corresponding submitted buffer bufferId:32495722561547 framenumber:66572
05-03 22:43:15.662 E/BLASTBufferQueue( 7566): [SurfaceView[com.solodevlab.solara/com.solodevlab.solara.MainActivity]#3](f:0,a:2) Faking releaseBufferCallback from transactionCompleteCallback 66577
05-03 22:43:15.729 E/BLASTBufferQueue( 7566): [SurfaceView[com.solodevlab.solara/com.solodevlab.solara.MainActivity]#3](f:0,a:1) ERROR: releaseBufferCallback without corresponding submitted buffer bufferId:32495722561545 framenumber:66577
05-03 22:43:15.745 E/BLASTBufferQueue( 7566): [SurfaceView[com.solodevlab.solara/com.solodevlab.solara.MainActivity]#3](f:0,a:2) Faking releaseBufferCallback from transactionCompleteCallback 66582
05-03 22:43:15.763 E/BLASTBufferQueue( 7566): [SurfaceView[com.solodevlab.solara/com.solodevlab.solara.MainActivity]#3](f:0,a:1) ERROR: releaseBufferCallback without corresponding submitted buffer bufferId:32495722561548 framenumber:66582
05-03 22:43:15.779 E/BLASTBufferQueue( 7566): [SurfaceView[com.solodevlab.solara/com.solodevlab.solara.MainActivity]#3](f:0,a:2) Faking releaseBufferCallback from transactionCompleteCallback 66584
05-03 22:43:15.863 E/BLASTBufferQueue( 7566): [SurfaceView[com.solodevlab.solara/com.solodevlab.solara.MainActivity]#3](f:0,a:1) ERROR: releaseBufferCallback without corresponding submitted buffer bufferId:32495722561547 framenumber:66584
05-03 22:43:15.879 E/BLASTBufferQueue( 7566): [SurfaceView[com.solodevlab.solara/com.solodevlab.solara.MainActivity]#3](f:0,a:2) Faking releaseBufferCallback from transactionCompleteCallback 66590
05-03 22:43:15.930 E/BLASTBufferQueue( 7566): [SurfaceView[com.solodevlab.solara/com.solodevlab.solara.MainActivity]#3](f:0,a:1) ERROR: releaseBufferCallback without corresponding submitted buffer bufferId:32495722561547 framenumber:66590
05-03 22:43:15.946 E/BLASTBufferQueue( 7566): [SurfaceView[com.solodevlab.solara/com.solodevlab.solara.MainActivity]#3](f:0,a:2) Faking releaseBufferCallback from transactionCompleteCallback 66594
05-03 22:43:15.980 E/BLASTBufferQueue( 7566): [SurfaceView[com.solodevlab.solara/com.solodevlab.solara.MainActivity]#3](f:0,a:1) ERROR: releaseBufferCallback without corresponding submitted buffer bufferId:32495722561548 framenumber:66594
05-03 22:43:30.086 E/BLASTBufferQueue( 7566): [SurfaceView[com.solodevlab.solara/com.solodevlab.solara.MainActivity]#3](f:0,a:2) Faking releaseBufferCallback from transactionCompleteCallback 67439
05-03 22:43:30.116 E/BLASTBufferQueue( 7566): [SurfaceView[com.solodevlab.solara/com.solodevlab.solara.MainActivity]#3](f:0,a:1) ERROR: releaseBufferCallback without corresponding submitted buffer bufferId:32495722561547 framenumber:67439
05-03 22:43:30.131 E/BLASTBufferQueue( 7566): [SurfaceView[com.solodevlab.solara/com.solodevlab.solara.MainActivity]#3](f:0,a:2) Faking releaseBufferCallback from transactionCompleteCallback 67442
05-03 22:43:30.182 E/BLASTBufferQueue( 7566): [SurfaceView[com.solodevlab.solara/com.solodevlab.solara.MainActivity]#3](f:0,a:1) ERROR: releaseBufferCallback without corresponding submitted buffer bufferId:32495722561547 framenumber:67442
05-03 22:43:30.198 E/BLASTBufferQueue( 7566): [SurfaceView[com.solodevlab.solara/com.solodevlab.solara.MainActivity]#3](f:0,a:2) Faking releaseBufferCallback from transactionCompleteCallback 67446
05-03 22:43:30.300 E/BLASTBufferQueue( 7566): [SurfaceView[com.solodevlab.solara/com.solodevlab.solara.MainActivity]#3](f:0,a:1) ERROR: releaseBufferCallback without corresponding submitted buffer bufferId:32495722561548 framenumber:67446
05-03 22:43:30.316 E/BLASTBufferQueue( 7566): [SurfaceView[com.solodevlab.solara/com.solodevlab.solara.MainActivity]#3](f:0,a:2) Faking releaseBufferCallback from transactionCompleteCallback 67453
05-03 22:43:30.349 E/BLASTBufferQueue( 7566): [SurfaceView[com.solodevlab.solara/com.solodevlab.solara.MainActivity]#3](f:0,a:1) ERROR: releaseBufferCallback without corresponding submitted buffer bufferId:32495722561545 framenumber:67453
05-03 22:43:30.365 E/BLASTBufferQueue( 7566): [SurfaceView[com.solodevlab.solara/com.solodevlab.solara.MainActivity]#3](f:0,a:2) Faking releaseBufferCallback from transactionCompleteCallback 67456
05-03 22:43:30.383 E/BLASTBufferQueue( 7566): [SurfaceView[com.solodevlab.solara/com.solodevlab.solara.MainActivity]#3](f:0,a:1) ERROR: releaseBufferCallback without corresponding submitted buffer bufferId:32495722561545 framenumber:67456
05-03 22:43:30.399 E/BLASTBufferQueue( 7566): [SurfaceView[com.solodevlab.solara/com.solodevlab.solara.MainActivity]#3](f:0,a:2) Faking releaseBufferCallback from transactionCompleteCallback 67458
05-03 22:43:30.500 E/BLASTBufferQueue( 7566): [SurfaceView[com.solodevlab.solara/com.solodevlab.solara.MainActivity]#3](f:0,a:1) ERROR: releaseBufferCallback without corresponding submitted buffer bufferId:32495722561548 framenumber:67458
05-03 22:43:30.516 E/BLASTBufferQueue( 7566): [SurfaceView[com.solodevlab.solara/com.solodevlab.solara.MainActivity]#3](f:0,a:2) Faking releaseBufferCallback from transactionCompleteCallback 67465
05-03 22:43:30.617 E/BLASTBufferQueue( 7566): [SurfaceView[com.solodevlab.solara/com.solodevlab.solara.MainActivity]#3](f:0,a:1) ERROR: releaseBufferCallback without corresponding submitted buffer bufferId:32495722561545 framenumber:67465
05-03 22:43:30.633 E/BLASTBufferQueue( 7566): [SurfaceView[com.solodevlab.solara/com.solodevlab.solara.MainActivity]#3](f:0,a:2) Faking releaseBufferCallback from transactionCompleteCallback 67472
05-03 22:43:30.651 E/BLASTBufferQueue( 7566): [SurfaceView[com.solodevlab.solara/com.solodevlab.solara.MainActivity]#3](f:0,a:1) ERROR: releaseBufferCallback without corresponding submitted buffer bufferId:32495722561547 framenumber:67472
05-03 22:43:30.666 E/BLASTBufferQueue( 7566): [SurfaceView[com.solodevlab.solara/com.solodevlab.solara.MainActivity]#3](f:0,a:2) Faking releaseBufferCallback from transactionCompleteCallback 67474
05-03 22:43:30.734 E/BLASTBufferQueue( 7566): [SurfaceView[com.solodevlab.solara/com.solodevlab.solara.MainActivity]#3](f:0,a:1) ERROR: releaseBufferCallback without corresponding submitted buffer bufferId:32495722561545 framenumber:67474
05-03 22:43:30.750 E/BLASTBufferQueue( 7566): [SurfaceView[com.solodevlab.solara/com.solodevlab.solara.MainActivity]#3](f:0,a:2) Faking releaseBufferCallback from transactionCompleteCallback 67479
05-03 22:43:30.767 E/BLASTBufferQueue( 7566): [SurfaceView[com.solodevlab.solara/com.solodevlab.solara.MainActivity]#3](f:0,a:1) ERROR: releaseBufferCallback without corresponding submitted buffer bufferId:32495722561548 framenumber:67479
05-03 22:43:30.783 E/BLASTBufferQueue( 7566): [SurfaceView[com.solodevlab.solara/com.solodevlab.solara.MainActivity]#3](f:0,a:2) Faking releaseBufferCallback from transactionCompleteCallback 67481
05-03 22:43:30.835 E/BLASTBufferQueue( 7566): [SurfaceView[com.solodevlab.solara/com.solodevlab.solara.MainActivity]#3](f:0,a:1) ERROR: releaseBufferCallback without corresponding submitted buffer bufferId:32495722561547 framenumber:67481
05-03 22:43:30.850 E/BLASTBufferQueue( 7566): [SurfaceView[com.solodevlab.solara/com.solodevlab.solara.MainActivity]#3](f:0,a:2) Faking releaseBufferCallback from transactionCompleteCallback 67485
05-03 22:43:30.867 E/BLASTBufferQueue( 7566): [SurfaceView[com.solodevlab.solara/com.solodevlab.solara.MainActivity]#3](f:0,a:1) ERROR: releaseBufferCallback without corresponding submitted buffer bufferId:32495722561548 framenumber:67485
05-03 22:43:30.884 E/BLASTBufferQueue( 7566): [SurfaceView[com.solodevlab.solara/com.solodevlab.solara.MainActivity]#3](f:0,a:2) Faking releaseBufferCallback from transactionCompleteCallback 67487
05-03 22:43:30.951 E/BLASTBufferQueue( 7566): [SurfaceView[com.solodevlab.solara/com.solodevlab.solara.MainActivity]#3](f:0,a:1) ERROR: releaseBufferCallback without corresponding submitted buffer bufferId:32495722561547 framenumber:67487
05-03 22:43:30.967 E/BLASTBufferQueue( 7566): [SurfaceView[com.solodevlab.solara/com.solodevlab.solara.MainActivity]#3](f:0,a:2) Faking releaseBufferCallback from transactionCompleteCallback 67492
05-03 22:43:31.002 E/BLASTBufferQueue( 7566): [SurfaceView[com.solodevlab.solara/com.solodevlab.solara.MainActivity]#3](f:0,a:1) ERROR: releaseBufferCallback without corresponding submitted buffer bufferId:32495722561545 framenumber:67492
05-03 22:43:31.017 E/BLASTBufferQueue( 7566): [SurfaceView[com.solodevlab.solara/com.solodevlab.solara.MainActivity]#3](f:0,a:2) Faking releaseBufferCallback from transactionCompleteCallback 67495
05-03 22:43:31.068 E/BLASTBufferQueue( 7566): [SurfaceView[com.solodevlab.solara/com.solodevlab.solara.MainActivity]#3](f:0,a:1) ERROR: releaseBufferCallback without corresponding submitted buffer bufferId:32495722561545 framenumber:67495
05-03 22:43:31.084 E/BLASTBufferQueue( 7566): [SurfaceView[com.solodevlab.solara/com.solodevlab.solara.MainActivity]#3](f:0,a:2) Faking releaseBufferCallback from transactionCompleteCallback 67499
05-03 22:43:31.101 E/BLASTBufferQueue( 7566): [SurfaceView[com.solodevlab.solara/com.solodevlab.solara.MainActivity]#3](f:0,a:1) ERROR: releaseBufferCallback without corresponding submitted buffer bufferId:32495722561547 framenumber:67499
05-03 22:43:31.117 E/BLASTBufferQueue( 7566): [SurfaceView[com.solodevlab.solara/com.solodevlab.solara.MainActivity]#3](f:0,a:2) Faking releaseBufferCallback from transactionCompleteCallback 67501
05-03 22:43:31.235 E/BLASTBufferQueue( 7566): [SurfaceView[com.solodevlab.solara/com.solodevlab.solara.MainActivity]#3](f:0,a:1) ERROR: releaseBufferCallback without corresponding submitted buffer bufferId:32495722561545 framenumber:67501
05-03 22:43:31.251 E/BLASTBufferQueue( 7566): [SurfaceView[com.solodevlab.solara/com.solodevlab.solara.MainActivity]#3](f:0,a:2) Faking releaseBufferCallback from transactionCompleteCallback 67509
05-03 22:43:31.268 E/BLASTBufferQueue( 7566): [SurfaceView[com.solodevlab.solara/com.solodevlab.solara.MainActivity]#3](f:0,a:1) ERROR: releaseBufferCallback without corresponding submitted buffer bufferId:32495722561548 framenumber:67509
05-03 22:43:31.284 E/BLASTBufferQueue( 7566): [SurfaceView[com.solodevlab.solara/com.solodevlab.solara.MainActivity]#3](f:0,a:2) Faking releaseBufferCallback from transactionCompleteCallback 67511
05-03 22:43:31.386 E/BLASTBufferQueue( 7566): [SurfaceView[com.solodevlab.solara/com.solodevlab.solara.MainActivity]#3](f:0,a:1) ERROR: releaseBufferCallback without corresponding submitted buffer bufferId:32495722561547 framenumber:67511
05-03 22:43:31.401 E/BLASTBufferQueue( 7566): [SurfaceView[com.solodevlab.solara/com.solodevlab.solara.MainActivity]#3](f:0,a:2) Faking releaseBufferCallback from transactionCompleteCallback 67518
05-03 22:43:31.469 E/BLASTBufferQueue( 7566): [SurfaceView[com.solodevlab.solara/com.solodevlab.solara.MainActivity]#3](f:0,a:1) ERROR: releaseBufferCallback without corresponding submitted buffer bufferId:32495722561548 framenumber:67518
05-03 22:43:31.485 E/BLASTBufferQueue( 7566): [SurfaceView[com.solodevlab.solara/com.solodevlab.solara.MainActivity]#3](f:0,a:2) Faking releaseBufferCallback from transactionCompleteCallback 67523
05-03 22:43:31.502 E/BLASTBufferQueue( 7566): [SurfaceView[com.solodevlab.solara/com.solodevlab.solara.MainActivity]#3](f:0,a:1) ERROR: releaseBufferCallback without corresponding submitted buffer bufferId:32495722561547 framenumber:67523
05-03 22:43:31.518 E/BLASTBufferQueue( 7566): [SurfaceView[com.solodevlab.solara/com.solodevlab.solara.MainActivity]#3](f:0,a:2) Faking releaseBufferCallback from transactionCompleteCallback 67525
05-03 22:43:31.587 E/BLASTBufferQueue( 7566): [SurfaceView[com.solodevlab.solara/com.solodevlab.solara.MainActivity]#3](f:0,a:1) ERROR: releaseBufferCallback without corresponding submitted buffer bufferId:32495722561545 framenumber:67525
05-03 22:43:31.602 E/BLASTBufferQueue( 7566): [SurfaceView[com.solodevlab.solara/com.solodevlab.solara.MainActivity]#3](f:0,a:2) Faking releaseBufferCallback from transactionCompleteCallback 67530
05-03 22:43:31.669 E/BLASTBufferQueue( 7566): [SurfaceView[com.solodevlab.solara/com.solodevlab.solara.MainActivity]#3](f:0,a:1) ERROR: releaseBufferCallback without corresponding submitted buffer bufferId:32495722561548 framenumber:67530
05-03 22:43:31.685 E/BLASTBufferQueue( 7566): [SurfaceView[com.solodevlab.solara/com.solodevlab.solara.MainActivity]#3](f:0,a:2) Faking releaseBufferCallback from transactionCompleteCallback 67535
05-03 22:43:31.703 E/BLASTBufferQueue( 7566): [SurfaceView[com.solodevlab.solara/com.solodevlab.solara.MainActivity]#3](f:0,a:1) ERROR: releaseBufferCallback without corresponding submitted buffer bufferId:32495722561547 framenumber:67535
05-03 22:43:31.719 E/BLASTBufferQueue( 7566): [SurfaceView[com.solodevlab.solara/com.solodevlab.solara.MainActivity]#3](f:0,a:2) Faking releaseBufferCallback from transactionCompleteCallback 67537
05-03 22:43:31.787 E/BLASTBufferQueue( 7566): [SurfaceView[com.solodevlab.solara/com.solodevlab.solara.MainActivity]#3](f:0,a:1) ERROR: releaseBufferCallback without corresponding submitted buffer bufferId:32495722561545 framenumber:67537
05-03 22:43:31.802 E/BLASTBufferQueue( 7566): [SurfaceView[com.solodevlab.solara/com.solodevlab.solara.MainActivity]#3](f:0,a:2) Faking releaseBufferCallback from transactionCompleteCallback 67542
05-03 22:43:31.820 E/BLASTBufferQueue( 7566): [SurfaceView[com.solodevlab.solara/com.solodevlab.solara.MainActivity]#3](f:0,a:1) ERROR: releaseBufferCallback without corresponding submitted buffer bufferId:32495722561548 framenumber:67542
05-03 22:43:31.836 E/BLASTBufferQueue( 7566): [SurfaceView[com.solodevlab.solara/com.solodevlab.solara.MainActivity]#3](f:0,a:2) Faking releaseBufferCallback from transactionCompleteCallback 67544
05-03 22:43:31.887 E/BLASTBufferQueue( 7566): [SurfaceView[com.solodevlab.solara/com.solodevlab.solara.MainActivity]#3](f:0,a:1) ERROR: releaseBufferCallback without corresponding submitted buffer bufferId:32495722561547 framenumber:67544
05-03 22:43:31.903 E/BLASTBufferQueue( 7566): [SurfaceView[com.solodevlab.solara/com.solodevlab.solara.MainActivity]#3](f:0,a:2) Faking releaseBufferCallback from transactionCompleteCallback 67548
05-03 22:43:31.937 E/BLASTBufferQueue( 7566): [SurfaceView[com.solodevlab.solara/com.solodevlab.solara.MainActivity]#3](f:0,a:1) ERROR: releaseBufferCallback without corresponding submitted buffer bufferId:32495722561548 framenumber:67548
05-03 22:43:31.953 E/BLASTBufferQueue( 7566): [SurfaceView[com.solodevlab.solara/com.solodevlab.solara.MainActivity]#3](f:0,a:2) Faking releaseBufferCallback from transactionCompleteCallback 67551
05-03 22:43:31.971 E/BLASTBufferQueue( 7566): [SurfaceView[com.solodevlab.solara/com.solodevlab.solara.MainActivity]#3](f:0,a:1) ERROR: releaseBufferCallback without corresponding submitted buffer bufferId:32495722561548 framenumber:67551
05-03 22:43:31.986 E/BLASTBufferQueue( 7566): [SurfaceView[com.solodevlab.solara/com.solodevlab.solara.MainActivity]#3](f:0,a:2) Faking releaseBufferCallback from transactionCompleteCallback 67553
05-03 22:43:32.053 E/BLASTBufferQueue( 7566): [SurfaceView[com.solodevlab.solara/com.solodevlab.solara.MainActivity]#3](f:0,a:1) ERROR: releaseBufferCallback without corresponding submitted buffer bufferId:32495722561547 framenumber:67553
05-03 22:43:32.070 E/BLASTBufferQueue( 7566): [SurfaceView[com.solodevlab.solara/com.solodevlab.solara.MainActivity]#3](f:0,a:2) Faking releaseBufferCallback from transactionCompleteCallback 67558
05-03 22:43:32.172 E/BLASTBufferQueue( 7566): [SurfaceView[com.solodevlab.solara/com.solodevlab.solara.MainActivity]#3](f:0,a:1) ERROR: releaseBufferCallback without corresponding submitted buffer bufferId:32495722561545 framenumber:67558
05-03 22:43:32.187 E/BLASTBufferQueue( 7566): [SurfaceView[com.solodevlab.solara/com.solodevlab.solara.MainActivity]#3](f:0,a:2) Faking releaseBufferCallback from transactionCompleteCallback 67565
05-03 22:43:32.221 E/BLASTBufferQueue( 7566): [SurfaceView[com.solodevlab.solara/com.solodevlab.solara.MainActivity]#3](f:0,a:1) ERROR: releaseBufferCallback without corresponding submitted buffer bufferId:32495722561547 framenumber:67565
05-03 22:43:32.237 E/BLASTBufferQueue( 7566): [SurfaceView[com.solodevlab.solara/com.solodevlab.solara.MainActivity]#3](f:0,a:2) Faking releaseBufferCallback from transactionCompleteCallback 67568
05-03 22:43:32.355 E/BLASTBufferQueue( 7566): [SurfaceView[com.solodevlab.solara/com.solodevlab.solara.MainActivity]#3](f:0,a:1) ERROR: releaseBufferCallback without corresponding submitted buffer bufferId:32495722561547 framenumber:67568
05-03 22:43:32.371 E/BLASTBufferQueue( 7566): [SurfaceView[com.solodevlab.solara/com.solodevlab.solara.MainActivity]#3](f:0,a:2) Faking releaseBufferCallback from transactionCompleteCallback 67576
05-03 22:43:32.421 E/BLASTBufferQueue( 7566): [SurfaceView[com.solodevlab.solara/com.solodevlab.solara.MainActivity]#3](f:0,a:1) ERROR: releaseBufferCallback without corresponding submitted buffer bufferId:32495722561545 framenumber:67576
05-03 22:43:32.437 E/BLASTBufferQueue( 7566): [SurfaceView[com.solodevlab.solara/com.solodevlab.solara.MainActivity]#3](f:0,a:2) Faking releaseBufferCallback from transactionCompleteCallback 67580
05-03 22:43:32.471 E/BLASTBufferQueue( 7566): [SurfaceView[com.solodevlab.solara/com.solodevlab.solara.MainActivity]#3](f:0,a:1) ERROR: releaseBufferCallback without corresponding submitted buffer bufferId:32495722561547 framenumber:67580
05-03 22:43:32.488 E/BLASTBufferQueue( 7566): [SurfaceView[com.solodevlab.solara/com.solodevlab.solara.MainActivity]#3](f:0,a:2) Faking releaseBufferCallback from transactionCompleteCallback 67583
05-03 22:43:32.522 E/BLASTBufferQueue( 7566): [SurfaceView[com.solodevlab.solara/com.solodevlab.solara.MainActivity]#3](f:0,a:1) ERROR: releaseBufferCallback without corresponding submitted buffer bufferId:32495722561547 framenumber:67583
05-03 22:43:32.538 E/BLASTBufferQueue( 7566): [SurfaceView[com.solodevlab.solara/com.solodevlab.solara.MainActivity]#3](f:0,a:2) Faking releaseBufferCallback from transactionCompleteCallback 67586
05-03 22:43:32.605 E/BLASTBufferQueue( 7566): [SurfaceView[com.solodevlab.solara/com.solodevlab.solara.MainActivity]#3](f:0,a:1) ERROR: releaseBufferCallback without corresponding submitted buffer bufferId:32495722561547 framenumber:67586
05-03 22:43:32.621 E/BLASTBufferQueue( 7566): [SurfaceView[com.solodevlab.solara/com.solodevlab.solara.MainActivity]#3](f:0,a:2) Faking releaseBufferCallback from transactionCompleteCallback 67591
05-03 22:43:32.655 E/BLASTBufferQueue( 7566): [SurfaceView[com.solodevlab.solara/com.solodevlab.solara.MainActivity]#3](f:0,a:1) ERROR: releaseBufferCallback without corresponding submitted buffer bufferId:32495722561545 framenumber:67591
05-03 22:43:32.671 E/BLASTBufferQueue( 7566): [SurfaceView[com.solodevlab.solara/com.solodevlab.solara.MainActivity]#3](f:0,a:2) Faking releaseBufferCallback from transactionCompleteCallback 67594
05-03 22:43:32.723 E/BLASTBufferQueue( 7566): [SurfaceView[com.solodevlab.solara/com.solodevlab.solara.MainActivity]#3](f:0,a:1) ERROR: releaseBufferCallback without corresponding submitted buffer bufferId:32495722561545 framenumber:67594
05-03 22:43:32.738 E/BLASTBufferQueue( 7566): [SurfaceView[com.solodevlab.solara/com.solodevlab.solara.MainActivity]#3](f:0,a:2) Faking releaseBufferCallback from transactionCompleteCallback 67598
05-03 22:43:32.772 E/BLASTBufferQueue( 7566): [SurfaceView[com.solodevlab.solara/com.solodevlab.solara.MainActivity]#3](f:0,a:1) ERROR: releaseBufferCallback without corresponding submitted buffer bufferId:32495722561547 framenumber:67598
05-03 22:43:32.788 E/BLASTBufferQueue( 7566): [SurfaceView[com.solodevlab.solara/com.solodevlab.solara.MainActivity]#3](f:0,a:2) Faking releaseBufferCallback from transactionCompleteCallback 67601
05-03 22:43:32.805 E/BLASTBufferQueue( 7566): [SurfaceView[com.solodevlab.solara/com.solodevlab.solara.MainActivity]#3](f:0,a:1) ERROR: releaseBufferCallback without corresponding submitted buffer bufferId:32495722561547 framenumber:67601
05-03 22:43:32.821 E/BLASTBufferQueue( 7566): [SurfaceView[com.solodevlab.solara/com.solodevlab.solara.MainActivity]#3](f:0,a:2) Faking releaseBufferCallback from transactionCompleteCallback 67603
05-03 22:43:32.908 E/BLASTBufferQueue( 7566): [SurfaceView[com.solodevlab.solara/com.solodevlab.solara.MainActivity]#3](f:0,a:1) ERROR: releaseBufferCallback without corresponding submitted buffer bufferId:32495722561545 framenumber:67603
05-03 22:43:32.922 E/BLASTBufferQueue( 7566): [SurfaceView[com.solodevlab.solara/com.solodevlab.solara.MainActivity]#3](f:0,a:2) Faking releaseBufferCallback from transactionCompleteCallback 67609
05-03 22:43:32.990 E/BLASTBufferQueue( 7566): [SurfaceView[com.solodevlab.solara/com.solodevlab.solara.MainActivity]#3](f:0,a:1) ERROR: releaseBufferCallback without corresponding submitted buffer bufferId:32495722561545 framenumber:67609
05-03 22:43:33.005 E/BLASTBufferQueue( 7566): [SurfaceView[com.solodevlab.solara/com.solodevlab.solara.MainActivity]#3](f:0,a:2) Faking releaseBufferCallback from transactionCompleteCallback 67614
05-03 22:43:33.223 E/BLASTBufferQueue( 7566): [SurfaceView[com.solodevlab.solara/com.solodevlab.solara.MainActivity]#3](f:0,a:1) ERROR: releaseBufferCallback without corresponding submitted buffer bufferId:32495722561548 framenumber:67614
05-03 22:43:33.239 E/BLASTBufferQueue( 7566): [SurfaceView[com.solodevlab.solara/com.solodevlab.solara.MainActivity]#3](f:0,a:2) Faking releaseBufferCallback from transactionCompleteCallback 67628
05-03 22:43:33.308 E/BLASTBufferQueue( 7566): [SurfaceView[com.solodevlab.solara/com.solodevlab.solara.MainActivity]#3](f:0,a:1) ERROR: releaseBufferCallback without corresponding submitted buffer bufferId:32495722561547 framenumber:67628
05-03 22:43:33.323 E/BLASTBufferQueue( 7566): [SurfaceView[com.solodevlab.solara/com.solodevlab.solara.MainActivity]#3](f:0,a:2) Faking releaseBufferCallback from transactionCompleteCallback 67633
05-03 22:43:33.340 E/BLASTBufferQueue( 7566): [SurfaceView[com.solodevlab.solara/com.solodevlab.solara.MainActivity]#3](f:0,a:1) ERROR: releaseBufferCallback without corresponding submitted buffer bufferId:32495722561545 framenumber:67633
05-03 22:43:33.356 E/BLASTBufferQueue( 7566): [SurfaceView[com.solodevlab.solara/com.solodevlab.solara.MainActivity]#3](f:0,a:2) Faking releaseBufferCallback from transactionCompleteCallback 67635
05-03 22:43:33.373 E/BLASTBufferQueue( 7566): [SurfaceView[com.solodevlab.solara/com.solodevlab.solara.MainActivity]#3](f:0,a:1) ERROR: releaseBufferCallback without corresponding submitted buffer bufferId:32495722561548 framenumber:67635
05-03 22:43:33.390 E/BLASTBufferQueue( 7566): [SurfaceView[com.solodevlab.solara/com.solodevlab.solara.MainActivity]#3](f:0,a:2) Faking releaseBufferCallback from transactionCompleteCallback 67637
05-03 22:43:33.458 E/BLASTBufferQueue( 7566): [SurfaceView[com.solodevlab.solara/com.solodevlab.solara.MainActivity]#3](f:0,a:1) ERROR: releaseBufferCallback without corresponding submitted buffer bufferId:32495722561547 framenumber:67637
05-03 22:43:33.474 E/BLASTBufferQueue( 7566): [SurfaceView[com.solodevlab.solara/com.solodevlab.solara.MainActivity]#3](f:0,a:2) Faking releaseBufferCallback from transactionCompleteCallback 67642
05-03 22:43:33.507 E/BLASTBufferQueue( 7566): [SurfaceView[com.solodevlab.solara/com.solodevlab.solara.MainActivity]#3](f:0,a:1) ERROR: releaseBufferCallback without corresponding submitted buffer bufferId:32495722561545 framenumber:67642
05-03 22:43:33.523 E/BLASTBufferQueue( 7566): [SurfaceView[com.solodevlab.solara/com.solodevlab.solara.MainActivity]#3](f:0,a:2) Faking releaseBufferCallback from transactionCompleteCallback 67645
05-03 22:43:33.574 E/BLASTBufferQueue( 7566): [SurfaceView[com.solodevlab.solara/com.solodevlab.solara.MainActivity]#3](f:0,a:1) ERROR: releaseBufferCallback without corresponding submitted buffer bufferId:32495722561545 framenumber:67645
05-03 22:43:33.590 E/BLASTBufferQueue( 7566): [SurfaceView[com.solodevlab.solara/com.solodevlab.solara.MainActivity]#3](f:0,a:2) Faking releaseBufferCallback from transactionCompleteCallback 67649
05-03 22:43:33.608 E/BLASTBufferQueue( 7566): [SurfaceView[com.solodevlab.solara/com.solodevlab.solara.MainActivity]#3](f:0,a:1) ERROR: releaseBufferCallback without corresponding submitted buffer bufferId:32495722561547 framenumber:67649
05-03 22:43:33.624 E/BLASTBufferQueue( 7566): [SurfaceView[com.solodevlab.solara/com.solodevlab.solara.MainActivity]#3](f:0,a:2) Faking releaseBufferCallback from transactionCompleteCallback 67651
05-03 22:43:33.675 E/BLASTBufferQueue( 7566): [SurfaceView[com.solodevlab.solara/com.solodevlab.solara.MainActivity]#3](f:0,a:1) ERROR: releaseBufferCallback without corresponding submitted buffer bufferId:32495722561545 framenumber:67651
05-03 22:43:33.691 E/BLASTBufferQueue( 7566): [SurfaceView[com.solodevlab.solara/com.solodevlab.solara.MainActivity]#3](f:0,a:2) Faking releaseBufferCallback from transactionCompleteCallback 67655
05-03 22:50:42.664 E/BLASTBufferQueue( 7566): [SurfaceView[com.solodevlab.solara/com.solodevlab.solara.MainActivity]#3](f:0,a:3) Faking releaseBufferCallback from transactionCompleteCallback 93327
05-03 22:50:42.687 E/BLASTBufferQueue( 7566): [SurfaceView[com.solodevlab.solara/com.solodevlab.solara.MainActivity]#3](f:0,a:2) ERROR: releaseBufferCallback without corresponding submitted buffer bufferId:32495722561548 framenumber:93327
05-03 22:59:16.907 E/BLASTBufferQueue( 7566): [SurfaceView[com.solodevlab.solara/com.solodevlab.solara.MainActivity]#3](f:0,a:2) Faking releaseBufferCallback from transactionCompleteCallback 124102
05-03 22:59:17.051 E/BLASTBufferQueue( 7566): [SurfaceView[com.solodevlab.solara/com.solodevlab.solara.MainActivity]#3](f:0,a:1) ERROR: releaseBufferCallback without corresponding submitted buffer bufferId:32495722561545 framenumber:124102
05-03 22:59:17.067 E/BLASTBufferQueue( 7566): [SurfaceView[com.solodevlab.solara/com.solodevlab.solara.MainActivity]#3](f:0,a:2) Faking releaseBufferCallback from transactionCompleteCallback 124112
05-03 22:59:17.119 E/BLASTBufferQueue( 7566): [SurfaceView[com.solodevlab.solara/com.solodevlab.solara.MainActivity]#3](f:0,a:1) ERROR: releaseBufferCallback without corresponding submitted buffer bufferId:32495722561547 framenumber:124112
05-03 22:59:17.133 E/BLASTBufferQueue( 7566): [SurfaceView[com.solodevlab.solara/com.solodevlab.solara.MainActivity]#3](f:0,a:2) Faking releaseBufferCallback from transactionCompleteCallback 124116
05-03 22:59:17.151 E/BLASTBufferQueue( 7566): [SurfaceView[com.solodevlab.solara/com.solodevlab.solara.MainActivity]#3](f:0,a:1) ERROR: releaseBufferCallback without corresponding submitted buffer bufferId:32495722561548 framenumber:124116
05-03 22:59:17.167 E/BLASTBufferQueue( 7566): [SurfaceView[com.solodevlab.solara/com.solodevlab.solara.MainActivity]#3](f:0,a:2) Faking releaseBufferCallback from transactionCompleteCallback 124118
05-03 22:59:17.234 E/BLASTBufferQueue( 7566): [SurfaceView[com.solodevlab.solara/com.solodevlab.solara.MainActivity]#3](f:0,a:1) ERROR: releaseBufferCallback without corresponding submitted buffer bufferId:32495722561547 framenumber:124118
05-03 22:59:17.251 E/BLASTBufferQueue( 7566): [SurfaceView[com.solodevlab.solara/com.solodevlab.solara.MainActivity]#3](f:0,a:2) Faking releaseBufferCallback from transactionCompleteCallback 124123
05-03 22:59:17.320 E/BLASTBufferQueue( 7566): [SurfaceView[com.solodevlab.solara/com.solodevlab.solara.MainActivity]#3](f:0,a:1) ERROR: releaseBufferCallback without corresponding submitted buffer bufferId:32495722561545 framenumber:124123
05-03 22:59:17.334 E/BLASTBufferQueue( 7566): [SurfaceView[com.solodevlab.solara/com.solodevlab.solara.MainActivity]#3](f:0,a:2) Faking releaseBufferCallback from transactionCompleteCallback 124128
05-03 22:59:17.520 E/BLASTBufferQueue( 7566): [SurfaceView[com.solodevlab.solara/com.solodevlab.solara.MainActivity]#3](f:0,a:1) ERROR: releaseBufferCallback without corresponding submitted buffer bufferId:32495722561548 framenumber:124128
05-03 22:59:17.534 E/BLASTBufferQueue( 7566): [SurfaceView[com.solodevlab.solara/com.solodevlab.solara.MainActivity]#3](f:0,a:2) Faking releaseBufferCallback from transactionCompleteCallback 124140
05-03 22:59:17.552 E/BLASTBufferQueue( 7566): [SurfaceView[com.solodevlab.solara/com.solodevlab.solara.MainActivity]#3](f:0,a:1) ERROR: releaseBufferCallback without corresponding submitted buffer bufferId:32495722561548 framenumber:124140
05-03 22:59:17.568 E/BLASTBufferQueue( 7566): [SurfaceView[com.solodevlab.solara/com.solodevlab.solara.MainActivity]#3](f:0,a:2) Faking releaseBufferCallback from transactionCompleteCallback 124142
05-03 22:59:17.585 E/BLASTBufferQueue( 7566): [SurfaceView[com.solodevlab.solara/com.solodevlab.solara.MainActivity]#3](f:0,a:1) ERROR: releaseBufferCallback without corresponding submitted buffer bufferId:32495722561547 framenumber:124142
05-03 22:59:17.601 E/BLASTBufferQueue( 7566): [SurfaceView[com.solodevlab.solara/com.solodevlab.solara.MainActivity]#3](f:0,a:2) Faking releaseBufferCallback from transactionCompleteCallback 124144
05-03 22:59:17.618 E/BLASTBufferQueue( 7566): [SurfaceView[com.solodevlab.solara/com.solodevlab.solara.MainActivity]#3](f:0,a:1) ERROR: releaseBufferCallback without corresponding submitted buffer bufferId:32495722561545 framenumber:124144
05-03 22:59:17.635 E/BLASTBufferQueue( 7566): [SurfaceView[com.solodevlab.solara/com.solodevlab.solara.MainActivity]#3](f:0,a:2) Faking releaseBufferCallback from transactionCompleteCallback 124146
05-03 22:59:17.686 E/BLASTBufferQueue( 7566): [SurfaceView[com.solodevlab.solara/com.solodevlab.solara.MainActivity]#3](f:0,a:1) ERROR: releaseBufferCallback without corresponding submitted buffer bufferId:32495722561548 framenumber:124146
05-03 22:59:17.702 E/BLASTBufferQueue( 7566): [SurfaceView[com.solodevlab.solara/com.solodevlab.solara.MainActivity]#3](f:0,a:2) Faking releaseBufferCallback from transactionCompleteCallback 124150
05-03 22:59:17.769 E/BLASTBufferQueue( 7566): [SurfaceView[com.solodevlab.solara/com.solodevlab.solara.MainActivity]#3](f:0,a:1) ERROR: releaseBufferCallback without corresponding submitted buffer bufferId:32495722561545 framenumber:124150
05-03 22:59:17.785 E/BLASTBufferQueue( 7566): [SurfaceView[com.solodevlab.solara/com.solodevlab.solara.MainActivity]#3](f:0,a:2) Faking releaseBufferCallback from transactionCompleteCallback 124155
05-03 22:59:17.802 E/BLASTBufferQueue( 7566): [SurfaceView[com.solodevlab.solara/com.solodevlab.solara.MainActivity]#3](f:0,a:1) ERROR: releaseBufferCallback without corresponding submitted buffer bufferId:32495722561548 framenumber:124155
05-03 22:59:17.819 E/BLASTBufferQueue( 7566): [SurfaceView[com.solodevlab.solara/com.solodevlab.solara.MainActivity]#3](f:0,a:2) Faking releaseBufferCallback from transactionCompleteCallback 124157
05-03 22:59:17.870 E/BLASTBufferQueue( 7566): [SurfaceView[com.solodevlab.solara/com.solodevlab.solara.MainActivity]#3](f:0,a:1) ERROR: releaseBufferCallback without corresponding submitted buffer bufferId:32495722561547 framenumber:124157
05-03 22:59:17.886 E/BLASTBufferQueue( 7566): [SurfaceView[com.solodevlab.solara/com.solodevlab.solara.MainActivity]#3](f:0,a:2) Faking releaseBufferCallback from transactionCompleteCallback 124161
05-03 22:59:17.904 E/BLASTBufferQueue( 7566): [SurfaceView[com.solodevlab.solara/com.solodevlab.solara.MainActivity]#3](f:0,a:1) ERROR: releaseBufferCallback without corresponding submitted buffer bufferId:32495722561548 framenumber:124161
05-03 22:59:17.919 E/BLASTBufferQueue( 7566): [SurfaceView[com.solodevlab.solara/com.solodevlab.solara.MainActivity]#3](f:0,a:2) Faking releaseBufferCallback from transactionCompleteCallback 124163
05-03 22:59:17.936 E/BLASTBufferQueue( 7566): [SurfaceView[com.solodevlab.solara/com.solodevlab.solara.MainActivity]#3](f:0,a:1) ERROR: releaseBufferCallback without corresponding submitted buffer bufferId:32495722561547 framenumber:124163
05-03 22:59:17.952 E/BLASTBufferQueue( 7566): [SurfaceView[com.solodevlab.solara/com.solodevlab.solara.MainActivity]#3](f:0,a:2) Faking releaseBufferCallback from transactionCompleteCallback 124165
05-03 22:59:17.970 E/BLASTBufferQueue( 7566): [SurfaceView[com.solodevlab.solara/com.solodevlab.solara.MainActivity]#3](f:0,a:1) ERROR: releaseBufferCallback without corresponding submitted buffer bufferId:32495722561545 framenumber:124165
05-03 22:59:17.985 E/BLASTBufferQueue( 7566): [SurfaceView[com.solodevlab.solara/com.solodevlab.solara.MainActivity]#3](f:0,a:2) Faking releaseBufferCallback from transactionCompleteCallback 124167
05-03 22:59:18.053 E/BLASTBufferQueue( 7566): [SurfaceView[com.solodevlab.solara/com.solodevlab.solara.MainActivity]#3](f:0,a:1) ERROR: releaseBufferCallback without corresponding submitted buffer bufferId:32495722561548 framenumber:124167
05-03 22:59:18.069 E/BLASTBufferQueue( 7566): [SurfaceView[com.solodevlab.solara/com.solodevlab.solara.MainActivity]#3](f:0,a:2) Faking releaseBufferCallback from transactionCompleteCallback 124172
05-03 22:59:18.187 E/BLASTBufferQueue( 7566): [SurfaceView[com.solodevlab.solara/com.solodevlab.solara.MainActivity]#3](f:0,a:1) ERROR: releaseBufferCallback without corresponding submitted buffer bufferId:32495722561547 framenumber:124172
05-03 22:59:18.203 E/BLASTBufferQueue( 7566): [SurfaceView[com.solodevlab.solara/com.solodevlab.solara.MainActivity]#3](f:0,a:2) Faking releaseBufferCallback from transactionCompleteCallback 124180
05-03 22:59:18.253 E/BLASTBufferQueue( 7566): [SurfaceView[com.solodevlab.solara/com.solodevlab.solara.MainActivity]#3](f:0,a:1) ERROR: releaseBufferCallback without corresponding submitted buffer bufferId:32495722561545 framenumber:124180
05-03 22:59:18.269 E/BLASTBufferQueue( 7566): [SurfaceView[com.solodevlab.solara/com.solodevlab.solara.MainActivity]#3](f:0,a:2) Faking releaseBufferCallback from transactionCompleteCallback 124184
05-03 22:59:18.287 E/BLASTBufferQueue( 7566): [SurfaceView[com.solodevlab.solara/com.solodevlab.solara.MainActivity]#3](f:0,a:1) ERROR: releaseBufferCallback without corresponding submitted buffer bufferId:32495722561547 framenumber:124184
05-03 22:59:18.303 E/BLASTBufferQueue( 7566): [SurfaceView[com.solodevlab.solara/com.solodevlab.solara.MainActivity]#3](f:0,a:2) Faking releaseBufferCallback from transactionCompleteCallback 124186
05-03 22:59:18.387 E/BLASTBufferQueue( 7566): [SurfaceView[com.solodevlab.solara/com.solodevlab.solara.MainActivity]#3](f:0,a:1) ERROR: releaseBufferCallback without corresponding submitted buffer bufferId:32495722561545 framenumber:124186
05-03 22:59:18.403 E/BLASTBufferQueue( 7566): [SurfaceView[com.solodevlab.solara/com.solodevlab.solara.MainActivity]#3](f:0,a:2) Faking releaseBufferCallback from transactionCompleteCallback 124192
05-03 22:59:18.454 E/BLASTBufferQueue( 7566): [SurfaceView[com.solodevlab.solara/com.solodevlab.solara.MainActivity]#3](f:0,a:1) ERROR: releaseBufferCallback without corresponding submitted buffer bufferId:32495722561545 framenumber:124192
05-03 22:59:18.470 E/BLASTBufferQueue( 7566): [SurfaceView[com.solodevlab.solara/com.solodevlab.solara.MainActivity]#3](f:0,a:2) Faking releaseBufferCallback from transactionCompleteCallback 124196
05-03 22:59:18.521 E/BLASTBufferQueue( 7566): [SurfaceView[com.solodevlab.solara/com.solodevlab.solara.MainActivity]#3](f:0,a:1) ERROR: releaseBufferCallback without corresponding submitted buffer bufferId:32495722561547 framenumber:124196
05-03 22:59:18.537 E/BLASTBufferQueue( 7566): [SurfaceView[com.solodevlab.solara/com.solodevlab.solara.MainActivity]#3](f:0,a:2) Faking releaseBufferCallback from transactionCompleteCallback 124200
05-03 22:59:18.571 E/BLASTBufferQueue( 7566): [SurfaceView[com.solodevlab.solara/com.solodevlab.solara.MainActivity]#3](f:0,a:1) ERROR: releaseBufferCallback without corresponding submitted buffer bufferId:32495722561548 framenumber:124200
05-03 22:59:18.587 E/BLASTBufferQueue( 7566): [SurfaceView[com.solodevlab.solara/com.solodevlab.solara.MainActivity]#3](f:0,a:2) Faking releaseBufferCallback from transactionCompleteCallback 124203
05-03 23:04:10.668 E/BLASTBufferQueue( 7566): [SurfaceView[com.solodevlab.solara/com.solodevlab.solara.MainActivity]#3](f:0,a:2) Faking releaseBufferCallback from transactionCompleteCallback 141682
05-03 23:04:10.691 E/BLASTBufferQueue( 7566): [SurfaceView[com.solodevlab.solara/com.solodevlab.solara.MainActivity]#3](f:0,a:2) ERROR: releaseBufferCallback without corresponding submitted buffer bufferId:32495722561545 framenumber:141682
05-03 23:04:35.164 E/BLASTBufferQueue( 7566): [SurfaceView[com.solodevlab.solara/com.solodevlab.solara.MainActivity]#3](f:0,a:2) Faking releaseBufferCallback from transactionCompleteCallback 143148
05-03 23:04:35.186 E/BLASTBufferQueue( 7566): [SurfaceView[com.solodevlab.solara/com.solodevlab.solara.MainActivity]#3](f:0,a:2) ERROR: releaseBufferCallback without corresponding submitted buffer bufferId:32495722561548 framenumber:143148
05-03 23:04:43.355 E/BLASTBufferQueue( 7566): [SurfaceView[com.solodevlab.solara/com.solodevlab.solara.MainActivity]#3](f:0,a:2) Faking releaseBufferCallback from transactionCompleteCallback 143638
05-03 23:04:43.434 E/BLASTBufferQueue( 7566): [SurfaceView[com.solodevlab.solara/com.solodevlab.solara.MainActivity]#3](f:0,a:1) ERROR: releaseBufferCallback without corresponding submitted buffer bufferId:32495722561545 framenumber:143638
05-03 23:04:43.450 E/BLASTBufferQueue( 7566): [SurfaceView[com.solodevlab.solara/com.solodevlab.solara.MainActivity]#3](f:0,a:2) Faking releaseBufferCallback from transactionCompleteCallback 143644
05-03 23:04:43.517 E/BLASTBufferQueue( 7566): [SurfaceView[com.solodevlab.solara/com.solodevlab.solara.MainActivity]#3](f:0,a:1) ERROR: releaseBufferCallback without corresponding submitted buffer bufferId:32495722561545 framenumber:143644
05-03 23:04:43.567 E/BLASTBufferQueue( 7566): [SurfaceView[com.solodevlab.solara/com.solodevlab.solara.MainActivity]#3](f:0,a:2) Faking releaseBufferCallback from transactionCompleteCallback 143651
05-03 23:04:43.620 E/BLASTBufferQueue( 7566): [SurfaceView[com.solodevlab.solara/com.solodevlab.solara.MainActivity]#3](f:0,a:1) ERROR: releaseBufferCallback without corresponding submitted buffer bufferId:32495722561547 framenumber:143651
05-03 23:04:43.634 E/BLASTBufferQueue( 7566): [SurfaceView[com.solodevlab.solara/com.solodevlab.solara.MainActivity]#3](f:0,a:2) Faking releaseBufferCallback from transactionCompleteCallback 143655
05-03 23:04:43.668 E/BLASTBufferQueue( 7566): [SurfaceView[com.solodevlab.solara/com.solodevlab.solara.MainActivity]#3](f:0,a:1) ERROR: releaseBufferCallback without corresponding submitted buffer bufferId:32495722561548 framenumber:143655
05-03 23:04:43.684 E/BLASTBufferQueue( 7566): [SurfaceView[com.solodevlab.solara/com.solodevlab.solara.MainActivity]#3](f:0,a:2) Faking releaseBufferCallback from transactionCompleteCallback 143658
05-03 23:04:43.701 E/BLASTBufferQueue( 7566): [SurfaceView[com.solodevlab.solara/com.solodevlab.solara.MainActivity]#3](f:0,a:1) ERROR: releaseBufferCallback without corresponding submitted buffer bufferId:32495722561548 framenumber:143658
05-03 23:04:43.717 E/BLASTBufferQueue( 7566): [SurfaceView[com.solodevlab.solara/com.solodevlab.solara.MainActivity]#3](f:0,a:2) Faking releaseBufferCallback from transactionCompleteCallback 143660
05-03 23:04:43.734 E/BLASTBufferQueue( 7566): [SurfaceView[com.solodevlab.solara/com.solodevlab.solara.MainActivity]#3](f:0,a:1) ERROR: releaseBufferCallback without corresponding submitted buffer bufferId:32495722561547 framenumber:143660
05-03 23:04:43.751 E/BLASTBufferQueue( 7566): [SurfaceView[com.solodevlab.solara/com.solodevlab.solara.MainActivity]#3](f:0,a:2) Faking releaseBufferCallback from transactionCompleteCallback 143662
05-03 23:04:43.835 E/BLASTBufferQueue( 7566): [SurfaceView[com.solodevlab.solara/com.solodevlab.solara.MainActivity]#3](f:0,a:1) ERROR: releaseBufferCallback without corresponding submitted buffer bufferId:32495722561545 framenumber:143662
05-03 23:04:43.851 E/BLASTBufferQueue( 7566): [SurfaceView[com.solodevlab.solara/com.solodevlab.solara.MainActivity]#3](f:0,a:2) Faking releaseBufferCallback from transactionCompleteCallback 143668
05-03 23:04:43.868 E/BLASTBufferQueue( 7566): [SurfaceView[com.solodevlab.solara/com.solodevlab.solara.MainActivity]#3](f:0,a:1) ERROR: releaseBufferCallback without corresponding submitted buffer bufferId:32495722561545 framenumber:143668
05-03 23:04:43.884 E/BLASTBufferQueue( 7566): [SurfaceView[com.solodevlab.solara/com.solodevlab.solara.MainActivity]#3](f:0,a:2) Faking releaseBufferCallback from transactionCompleteCallback 143670
05-03 23:04:43.935 E/BLASTBufferQueue( 7566): [SurfaceView[com.solodevlab.solara/com.solodevlab.solara.MainActivity]#3](f:0,a:1) ERROR: releaseBufferCallback without corresponding submitted buffer bufferId:32495722561548 framenumber:143670
05-03 23:04:43.951 E/BLASTBufferQueue( 7566): [SurfaceView[com.solodevlab.solara/com.solodevlab.solara.MainActivity]#3](f:0,a:2) Faking releaseBufferCallback from transactionCompleteCallback 143674
05-03 23:04:44.004 E/BLASTBufferQueue( 7566): [SurfaceView[com.solodevlab.solara/com.solodevlab.solara.MainActivity]#3](f:0,a:1) ERROR: releaseBufferCallback without corresponding submitted buffer bufferId:32495722561545 framenumber:143674
05-03 23:04:44.018 E/BLASTBufferQueue( 7566): [SurfaceView[com.solodevlab.solara/com.solodevlab.solara.MainActivity]#3](f:0,a:2) Faking releaseBufferCallback from transactionCompleteCallback 143678
05-03 23:04:44.036 E/BLASTBufferQueue( 7566): [SurfaceView[com.solodevlab.solara/com.solodevlab.solara.MainActivity]#3](f:0,a:1) ERROR: releaseBufferCallback without corresponding submitted buffer bufferId:32495722561547 framenumber:143678
05-03 23:04:44.051 E/BLASTBufferQueue( 7566): [SurfaceView[com.solodevlab.solara/com.solodevlab.solara.MainActivity]#3](f:0,a:2) Faking releaseBufferCallback from transactionCompleteCallback 143680
05-03 23:04:44.069 E/BLASTBufferQueue( 7566): [SurfaceView[com.solodevlab.solara/com.solodevlab.solara.MainActivity]#3](f:0,a:1) ERROR: releaseBufferCallback without corresponding submitted buffer bufferId:32495722561545 framenumber:143680
05-03 23:04:44.085 E/BLASTBufferQueue( 7566): [SurfaceView[com.solodevlab.solara/com.solodevlab.solara.MainActivity]#3](f:0,a:2) Faking releaseBufferCallback from transactionCompleteCallback 143682
05-03 23:04:44.102 E/BLASTBufferQueue( 7566): [SurfaceView[com.solodevlab.solara/com.solodevlab.solara.MainActivity]#3](f:0,a:1) ERROR: releaseBufferCallback without corresponding submitted buffer bufferId:32495722561548 framenumber:143682
05-03 23:04:44.118 E/BLASTBufferQueue( 7566): [SurfaceView[com.solodevlab.solara/com.solodevlab.solara.MainActivity]#3](f:0,a:2) Faking releaseBufferCallback from transactionCompleteCallback 143684
05-03 23:04:44.186 E/BLASTBufferQueue( 7566): [SurfaceView[com.solodevlab.solara/com.solodevlab.solara.MainActivity]#3](f:0,a:1) ERROR: releaseBufferCallback without corresponding submitted buffer bufferId:32495722561547 framenumber:143684
05-03 23:04:44.202 E/BLASTBufferQueue( 7566): [SurfaceView[com.solodevlab.solara/com.solodevlab.solara.MainActivity]#3](f:0,a:2) Faking releaseBufferCallback from transactionCompleteCallback 143689
05-03 23:04:44.269 E/BLASTBufferQueue( 7566): [SurfaceView[com.solodevlab.solara/com.solodevlab.solara.MainActivity]#3](f:0,a:1) ERROR: releaseBufferCallback without corresponding submitted buffer bufferId:32495722561545 framenumber:143689
05-03 23:04:44.285 E/BLASTBufferQueue( 7566): [SurfaceView[com.solodevlab.solara/com.solodevlab.solara.MainActivity]#3](f:0,a:2) Faking releaseBufferCallback from transactionCompleteCallback 143694
05-03 23:04:44.302 E/BLASTBufferQueue( 7566): [SurfaceView[com.solodevlab.solara/com.solodevlab.solara.MainActivity]#3](f:0,a:1) ERROR: releaseBufferCallback without corresponding submitted buffer bufferId:32495722561548 framenumber:143694
05-03 23:04:44.319 E/BLASTBufferQueue( 7566): [SurfaceView[com.solodevlab.solara/com.solodevlab.solara.MainActivity]#3](f:0,a:2) Faking releaseBufferCallback from transactionCompleteCallback 143696
05-03 23:04:44.354 E/BLASTBufferQueue( 7566): [SurfaceView[com.solodevlab.solara/com.solodevlab.solara.MainActivity]#3](f:0,a:1) ERROR: releaseBufferCallback without corresponding submitted buffer bufferId:32495722561547 framenumber:143696
05-03 23:04:44.369 E/BLASTBufferQueue( 7566): [SurfaceView[com.solodevlab.solara/com.solodevlab.solara.MainActivity]#3](f:0,a:2) Faking releaseBufferCallback from transactionCompleteCallback 143699
05-03 23:04:44.404 E/BLASTBufferQueue( 7566): [SurfaceView[com.solodevlab.solara/com.solodevlab.solara.MainActivity]#3](f:0,a:1) ERROR: releaseBufferCallback without corresponding submitted buffer bufferId:32495722561547 framenumber:143699
05-03 23:04:44.419 E/BLASTBufferQueue( 7566): [SurfaceView[com.solodevlab.solara/com.solodevlab.solara.MainActivity]#3](f:0,a:2) Faking releaseBufferCallback from transactionCompleteCallback 143702
05-03 23:04:44.470 E/BLASTBufferQueue( 7566): [SurfaceView[com.solodevlab.solara/com.solodevlab.solara.MainActivity]#3](f:0,a:1) ERROR: releaseBufferCallback without corresponding submitted buffer bufferId:32495722561547 framenumber:143702
05-03 23:04:44.486 E/BLASTBufferQueue( 7566): [SurfaceView[com.solodevlab.solara/com.solodevlab.solara.MainActivity]#3](f:0,a:2) Faking releaseBufferCallback from transactionCompleteCallback 143706
05-03 23:04:44.587 E/BLASTBufferQueue( 7566): [SurfaceView[com.solodevlab.solara/com.solodevlab.solara.MainActivity]#3](f:0,a:1) ERROR: releaseBufferCallback without corresponding submitted buffer bufferId:32495722561548 framenumber:143706
05-03 23:04:44.603 E/BLASTBufferQueue( 7566): [SurfaceView[com.solodevlab.solara/com.solodevlab.solara.MainActivity]#3](f:0,a:2) Faking releaseBufferCallback from transactionCompleteCallback 143713
05-03 23:04:44.670 E/BLASTBufferQueue( 7566): [SurfaceView[com.solodevlab.solara/com.solodevlab.solara.MainActivity]#3](f:0,a:1) ERROR: releaseBufferCallback without corresponding submitted buffer bufferId:32495722561545 framenumber:143713
05-03 23:04:44.686 E/BLASTBufferQueue( 7566): [SurfaceView[com.solodevlab.solara/com.solodevlab.solara.MainActivity]#3](f:0,a:2) Faking releaseBufferCallback from transactionCompleteCallback 143718
05-03 23:04:44.771 E/BLASTBufferQueue( 7566): [SurfaceView[com.solodevlab.solara/com.solodevlab.solara.MainActivity]#3](f:0,a:1) ERROR: releaseBufferCallback without corresponding submitted buffer bufferId:32495722561548 framenumber:143718
05-03 23:04:44.786 E/BLASTBufferQueue( 7566): [SurfaceView[com.solodevlab.solara/com.solodevlab.solara.MainActivity]#3](f:0,a:2) Faking releaseBufferCallback from transactionCompleteCallback 143724
05-03 23:04:44.804 E/BLASTBufferQueue( 7566): [SurfaceView[com.solodevlab.solara/com.solodevlab.solara.MainActivity]#3](f:0,a:1) ERROR: releaseBufferCallback without corresponding submitted buffer bufferId:32495722561548 framenumber:143724
05-03 23:04:44.820 E/BLASTBufferQueue( 7566): [SurfaceView[com.solodevlab.solara/com.solodevlab.solara.MainActivity]#3](f:0,a:2) Faking releaseBufferCallback from transactionCompleteCallback 143726
05-03 23:04:44.854 E/BLASTBufferQueue( 7566): [SurfaceView[com.solodevlab.solara/com.solodevlab.solara.MainActivity]#3](f:0,a:1) ERROR: releaseBufferCallback without corresponding submitted buffer bufferId:32495722561547 framenumber:143726
05-03 23:04:44.870 E/BLASTBufferQueue( 7566): [SurfaceView[com.solodevlab.solara/com.solodevlab.solara.MainActivity]#3](f:0,a:2) Faking releaseBufferCallback from transactionCompleteCallback 143729
05-03 23:04:44.921 E/BLASTBufferQueue( 7566): [SurfaceView[com.solodevlab.solara/com.solodevlab.solara.MainActivity]#3](f:0,a:1) ERROR: releaseBufferCallback without corresponding submitted buffer bufferId:32495722561547 framenumber:143729
05-03 23:04:44.937 E/BLASTBufferQueue( 7566): [SurfaceView[com.solodevlab.solara/com.solodevlab.solara.MainActivity]#3](f:0,a:2) Faking releaseBufferCallback from transactionCompleteCallback 143733
05-03 23:04:44.972 E/BLASTBufferQueue( 7566): [SurfaceView[com.solodevlab.solara/com.solodevlab.solara.MainActivity]#3](f:0,a:1) ERROR: releaseBufferCallback without corresponding submitted buffer bufferId:32495722561548 framenumber:143733
05-03 23:04:44.987 E/BLASTBufferQueue( 7566): [SurfaceView[com.solodevlab.solara/com.solodevlab.solara.MainActivity]#3](f:0,a:2) Faking releaseBufferCallback from transactionCompleteCallback 143736
05-03 23:04:45.004 E/BLASTBufferQueue( 7566): [SurfaceView[com.solodevlab.solara/com.solodevlab.solara.MainActivity]#3](f:0,a:1) ERROR: releaseBufferCallback without corresponding submitted buffer bufferId:32495722561548 framenumber:143736
05-03 23:04:45.020 E/BLASTBufferQueue( 7566): [SurfaceView[com.solodevlab.solara/com.solodevlab.solara.MainActivity]#3](f:0,a:2) Faking releaseBufferCallback from transactionCompleteCallback 143738
05-03 23:04:45.054 E/BLASTBufferQueue( 7566): [SurfaceView[com.solodevlab.solara/com.solodevlab.solara.MainActivity]#3](f:0,a:1) ERROR: releaseBufferCallback without corresponding submitted buffer bufferId:32495722561547 framenumber:143738
05-03 23:04:45.070 E/BLASTBufferQueue( 7566): [SurfaceView[com.solodevlab.solara/com.solodevlab.solara.MainActivity]#3](f:0,a:2) Faking releaseBufferCallback from transactionCompleteCallback 143741
05-03 23:04:45.139 E/BLASTBufferQueue( 7566): [SurfaceView[com.solodevlab.solara/com.solodevlab.solara.MainActivity]#3](f:0,a:1) ERROR: releaseBufferCallback without corresponding submitted buffer bufferId:32495722561547 framenumber:143741
05-03 23:04:45.154 E/BLASTBufferQueue( 7566): [SurfaceView[com.solodevlab.solara/com.solodevlab.solara.MainActivity]#3](f:0,a:2) Faking releaseBufferCallback from transactionCompleteCallback 143746
05-03 23:04:45.172 E/BLASTBufferQueue( 7566): [SurfaceView[com.solodevlab.solara/com.solodevlab.solara.MainActivity]#3](f:0,a:1) ERROR: releaseBufferCallback without corresponding submitted buffer bufferId:32495722561545 framenumber:143746
05-03 23:04:45.187 E/BLASTBufferQueue( 7566): [SurfaceView[com.solodevlab.solara/com.solodevlab.solara.MainActivity]#3](f:0,a:2) Faking releaseBufferCallback from transactionCompleteCallback 143748
05-03 23:04:45.204 E/BLASTBufferQueue( 7566): [SurfaceView[com.solodevlab.solara/com.solodevlab.solara.MainActivity]#3](f:0,a:1) ERROR: releaseBufferCallback without corresponding submitted buffer bufferId:32495722561548 framenumber:143748
05-03 23:04:45.221 E/BLASTBufferQueue( 7566): [SurfaceView[com.solodevlab.solara/com.solodevlab.solara.MainActivity]#3](f:0,a:2) Faking releaseBufferCallback from transactionCompleteCallback 143750
05-03 23:04:45.238 E/BLASTBufferQueue( 7566): [SurfaceView[com.solodevlab.solara/com.solodevlab.solara.MainActivity]#3](f:0,a:1) ERROR: releaseBufferCallback without corresponding submitted buffer bufferId:32495722561547 framenumber:143750
05-03 23:04:45.271 E/BLASTBufferQueue( 7566): [SurfaceView[com.solodevlab.solara/com.solodevlab.solara.MainActivity]#3](f:0,a:2) Faking releaseBufferCallback from transactionCompleteCallback 143753
05-03 23:04:45.323 E/BLASTBufferQueue( 7566): [SurfaceView[com.solodevlab.solara/com.solodevlab.solara.MainActivity]#3](f:0,a:1) ERROR: releaseBufferCallback without corresponding submitted buffer bufferId:32495722561547 framenumber:143753
05-03 23:04:45.338 E/BLASTBufferQueue( 7566): [SurfaceView[com.solodevlab.solara/com.solodevlab.solara.MainActivity]#3](f:0,a:2) Faking releaseBufferCallback from transactionCompleteCallback 143757
05-03 23:04:45.355 E/BLASTBufferQueue( 7566): [SurfaceView[com.solodevlab.solara/com.solodevlab.solara.MainActivity]#3](f:0,a:1) ERROR: releaseBufferCallback without corresponding submitted buffer bufferId:32495722561548 framenumber:143757
05-03 23:04:45.371 E/BLASTBufferQueue( 7566): [SurfaceView[com.solodevlab.solara/com.solodevlab.solara.MainActivity]#3](f:0,a:2) Faking releaseBufferCallback from transactionCompleteCallback 143759
05-03 23:04:45.389 E/BLASTBufferQueue( 7566): [SurfaceView[com.solodevlab.solara/com.solodevlab.solara.MainActivity]#3](f:0,a:1) ERROR: releaseBufferCallback without corresponding submitted buffer bufferId:32495722561547 framenumber:143759
05-03 23:04:45.438 E/BLASTBufferQueue( 7566): [SurfaceView[com.solodevlab.solara/com.solodevlab.solara.MainActivity]#3](f:0,a:2) Faking releaseBufferCallback from transactionCompleteCallback 143763
05-03 23:04:45.524 E/BLASTBufferQueue( 7566): [SurfaceView[com.solodevlab.solara/com.solodevlab.solara.MainActivity]#3](f:0,a:1) ERROR: releaseBufferCallback without corresponding submitted buffer bufferId:32495722561548 framenumber:143763
05-03 23:04:45.538 E/BLASTBufferQueue( 7566): [SurfaceView[com.solodevlab.solara/com.solodevlab.solara.MainActivity]#3](f:0,a:2) Faking releaseBufferCallback from transactionCompleteCallback 143769
05-03 23:04:45.639 E/BLASTBufferQueue( 7566): [SurfaceView[com.solodevlab.solara/com.solodevlab.solara.MainActivity]#3](f:0,a:1) ERROR: releaseBufferCallback without corresponding submitted buffer bufferId:32495722561548 framenumber:143769
05-03 23:04:45.655 E/BLASTBufferQueue( 7566): [SurfaceView[com.solodevlab.solara/com.solodevlab.solara.MainActivity]#3](f:0,a:2) Faking releaseBufferCallback from transactionCompleteCallback 143776
05-03 23:04:45.739 E/BLASTBufferQueue( 7566): [SurfaceView[com.solodevlab.solara/com.solodevlab.solara.MainActivity]#3](f:0,a:1) ERROR: releaseBufferCallback without corresponding submitted buffer bufferId:32495722561545 framenumber:143776
05-03 23:04:45.756 E/BLASTBufferQueue( 7566): [SurfaceView[com.solodevlab.solara/com.solodevlab.solara.MainActivity]#3](f:0,a:2) Faking releaseBufferCallback from transactionCompleteCallback 143782
05-03 23:04:45.823 E/BLASTBufferQueue( 7566): [SurfaceView[com.solodevlab.solara/com.solodevlab.solara.MainActivity]#3](f:0,a:1) ERROR: releaseBufferCallback without corresponding submitted buffer bufferId:32495722561545 framenumber:143782
05-03 23:04:45.839 E/BLASTBufferQueue( 7566): [SurfaceView[com.solodevlab.solara/com.solodevlab.solara.MainActivity]#3](f:0,a:2) Faking releaseBufferCallback from transactionCompleteCallback 143787
05-03 23:04:45.874 E/BLASTBufferQueue( 7566): [SurfaceView[com.solodevlab.solara/com.solodevlab.solara.MainActivity]#3](f:0,a:1) ERROR: releaseBufferCallback without corresponding submitted buffer bufferId:32495722561548 framenumber:143787
05-03 23:04:45.889 E/BLASTBufferQueue( 7566): [SurfaceView[com.solodevlab.solara/com.solodevlab.solara.MainActivity]#3](f:0,a:2) Faking releaseBufferCallback from transactionCompleteCallback 143790
05-03 23:04:45.923 E/BLASTBufferQueue( 7566): [SurfaceView[com.solodevlab.solara/com.solodevlab.solara.MainActivity]#3](f:0,a:1) ERROR: releaseBufferCallback without corresponding submitted buffer bufferId:32495722561548 framenumber:143790
05-03 23:04:45.939 E/BLASTBufferQueue( 7566): [SurfaceView[com.solodevlab.solara/com.solodevlab.solara.MainActivity]#3](f:0,a:2) Faking releaseBufferCallback from transactionCompleteCallback 143793
05-03 23:04:45.990 E/BLASTBufferQueue( 7566): [SurfaceView[com.solodevlab.solara/com.solodevlab.solara.MainActivity]#3](f:0,a:1) ERROR: releaseBufferCallback without corresponding submitted buffer bufferId:32495722561548 framenumber:143793
05-03 23:04:46.006 E/BLASTBufferQueue( 7566): [SurfaceView[com.solodevlab.solara/com.solodevlab.solara.MainActivity]#3](f:0,a:2) Faking releaseBufferCallback from transactionCompleteCallback 143797
05-03 23:04:46.107 E/BLASTBufferQueue( 7566): [SurfaceView[com.solodevlab.solara/com.solodevlab.solara.MainActivity]#3](f:0,a:1) ERROR: releaseBufferCallback without corresponding submitted buffer bufferId:32495722561545 framenumber:143797
05-03 23:04:46.123 E/BLASTBufferQueue( 7566): [SurfaceView[com.solodevlab.solara/com.solodevlab.solara.MainActivity]#3](f:0,a:2) Faking releaseBufferCallback from transactionCompleteCallback 143804
05-03 23:04:46.140 E/BLASTBufferQueue( 7566): [SurfaceView[com.solodevlab.solara/com.solodevlab.solara.MainActivity]#3](f:0,a:1) ERROR: releaseBufferCallback without corresponding submitted buffer bufferId:32495722561547 framenumber:143804
05-03 23:04:46.156 E/BLASTBufferQueue( 7566): [SurfaceView[com.solodevlab.solara/com.solodevlab.solara.MainActivity]#3](f:0,a:2) Faking releaseBufferCallback from transactionCompleteCallback 143806
05-03 23:04:46.225 E/BLASTBufferQueue( 7566): [SurfaceView[com.solodevlab.solara/com.solodevlab.solara.MainActivity]#3](f:0,a:1) ERROR: releaseBufferCallback without corresponding submitted buffer bufferId:32495722561545 framenumber:143806
05-03 23:04:46.240 E/BLASTBufferQueue( 7566): [SurfaceView[com.solodevlab.solara/com.solodevlab.solara.MainActivity]#3](f:0,a:2) Faking releaseBufferCallback from transactionCompleteCallback 143811
05-03 23:04:46.292 E/BLASTBufferQueue( 7566): [SurfaceView[com.solodevlab.solara/com.solodevlab.solara.MainActivity]#3](f:0,a:1) ERROR: releaseBufferCallback without corresponding submitted buffer bufferId:32495722561548 framenumber:143811
05-03 23:04:46.307 E/BLASTBufferQueue( 7566): [SurfaceView[com.solodevlab.solara/com.solodevlab.solara.MainActivity]#3](f:0,a:2) Faking releaseBufferCallback from transactionCompleteCallback 143815
05-03 23:04:46.359 E/BLASTBufferQueue( 7566): [SurfaceView[com.solodevlab.solara/com.solodevlab.solara.MainActivity]#3](f:0,a:1) ERROR: releaseBufferCallback without corresponding submitted buffer bufferId:32495722561545 framenumber:143815
05-03 23:04:46.374 E/BLASTBufferQueue( 7566): [SurfaceView[com.solodevlab.solara/com.solodevlab.solara.MainActivity]#3](f:0,a:2) Faking releaseBufferCallback from transactionCompleteCallback 143819
05-03 23:04:46.459 E/BLASTBufferQueue( 7566): [SurfaceView[com.solodevlab.solara/com.solodevlab.solara.MainActivity]#3](f:0,a:1) ERROR: releaseBufferCallback without corresponding submitted buffer bufferId:32495722561547 framenumber:143819
05-03 23:04:46.474 E/BLASTBufferQueue( 7566): [SurfaceView[com.solodevlab.solara/com.solodevlab.solara.MainActivity]#3](f:0,a:2) Faking releaseBufferCallback from transactionCompleteCallback 143825
05-03 23:04:46.541 E/BLASTBufferQueue( 7566): [SurfaceView[com.solodevlab.solara/com.solodevlab.solara.MainActivity]#3](f:0,a:1) ERROR: releaseBufferCallback without corresponding submitted buffer bufferId:32495722561547 framenumber:143825
05-03 23:04:46.557 E/BLASTBufferQueue( 7566): [SurfaceView[com.solodevlab.solara/com.solodevlab.solara.MainActivity]#3](f:0,a:2) Faking releaseBufferCallback from transactionCompleteCallback 143830
05-03 23:04:46.692 E/BLASTBufferQueue( 7566): [SurfaceView[com.solodevlab.solara/com.solodevlab.solara.MainActivity]#3](f:0,a:1) ERROR: releaseBufferCallback without corresponding submitted buffer bufferId:32495722561545 framenumber:143830
05-03 23:04:46.708 E/BLASTBufferQueue( 7566): [SurfaceView[com.solodevlab.solara/com.solodevlab.solara.MainActivity]#3](f:0,a:2) Faking releaseBufferCallback from transactionCompleteCallback 143839
05-03 23:04:46.725 E/BLASTBufferQueue( 7566): [SurfaceView[com.solodevlab.solara/com.solodevlab.solara.MainActivity]#3](f:0,a:1) ERROR: releaseBufferCallback without corresponding submitted buffer bufferId:32495722561545 framenumber:143839
05-03 23:04:46.741 E/BLASTBufferQueue( 7566): [SurfaceView[com.solodevlab.solara/com.solodevlab.solara.MainActivity]#3](f:0,a:2) Faking releaseBufferCallback from transactionCompleteCallback 143841
05-03 23:04:46.810 E/BLASTBufferQueue( 7566): [SurfaceView[com.solodevlab.solara/com.solodevlab.solara.MainActivity]#3](f:0,a:1) ERROR: releaseBufferCallback without corresponding submitted buffer bufferId:32495722561548 framenumber:143841
05-03 23:04:46.825 E/BLASTBufferQueue( 7566): [SurfaceView[com.solodevlab.solara/com.solodevlab.solara.MainActivity]#3](f:0,a:2) Faking releaseBufferCallback from transactionCompleteCallback 143846
05-03 23:04:46.860 E/BLASTBufferQueue( 7566): [SurfaceView[com.solodevlab.solara/com.solodevlab.solara.MainActivity]#3](f:0,a:1) ERROR: releaseBufferCallback without corresponding submitted buffer bufferId:32495722561547 framenumber:143846
05-03 23:04:46.875 E/BLASTBufferQueue( 7566): [SurfaceView[com.solodevlab.solara/com.solodevlab.solara.MainActivity]#3](f:0,a:2) Faking releaseBufferCallback from transactionCompleteCallback 143849
05-03 23:04:46.892 E/BLASTBufferQueue( 7566): [SurfaceView[com.solodevlab.solara/com.solodevlab.solara.MainActivity]#3](f:0,a:1) ERROR: releaseBufferCallback without corresponding submitted buffer bufferId:32495722561547 framenumber:143849
05-03 23:04:46.908 E/BLASTBufferQueue( 7566): [SurfaceView[com.solodevlab.solara/com.solodevlab.solara.MainActivity]#3](f:0,a:2) Faking releaseBufferCallback from transactionCompleteCallback 143851
05-03 23:04:46.925 E/BLASTBufferQueue( 7566): [SurfaceView[com.solodevlab.solara/com.solodevlab.solara.MainActivity]#3](f:0,a:1) ERROR: releaseBufferCallback without corresponding submitted buffer bufferId:32495722561545 framenumber:143851
05-03 23:04:46.942 E/BLASTBufferQueue( 7566): [SurfaceView[com.solodevlab.solara/com.solodevlab.solara.MainActivity]#3](f:0,a:2) Faking releaseBufferCallback from transactionCompleteCallback 143853
05-03 23:04:47.044 E/BLASTBufferQueue( 7566): [SurfaceView[com.solodevlab.solara/com.solodevlab.solara.MainActivity]#3](f:0,a:1) ERROR: releaseBufferCallback without corresponding submitted buffer bufferId:32495722561548 framenumber:143853
05-03 23:04:47.059 E/BLASTBufferQueue( 7566): [SurfaceView[com.solodevlab.solara/com.solodevlab.solara.MainActivity]#3](f:0,a:2) Faking releaseBufferCallback from transactionCompleteCallback 143860
05-03 23:04:47.243 E/BLASTBufferQueue( 7566): [SurfaceView[com.solodevlab.solara/com.solodevlab.solara.MainActivity]#3](f:0,a:1) ERROR: releaseBufferCallback without corresponding submitted buffer bufferId:32495722561545 framenumber:143860
05-03 23:04:47.259 E/BLASTBufferQueue( 7566): [SurfaceView[com.solodevlab.solara/com.solodevlab.solara.MainActivity]#3](f:0,a:2) Faking releaseBufferCallback from transactionCompleteCallback 143872
05-03 23:04:47.310 E/BLASTBufferQueue( 7566): [SurfaceView[com.solodevlab.solara/com.solodevlab.solara.MainActivity]#3](f:0,a:1) ERROR: releaseBufferCallback without corresponding submitted buffer bufferId:32495722561545 framenumber:143872
05-03 23:04:47.326 E/BLASTBufferQueue( 7566): [SurfaceView[com.solodevlab.solara/com.solodevlab.solara.MainActivity]#3](f:0,a:2) Faking releaseBufferCallback from transactionCompleteCallback 143876
05-03 23:04:47.394 E/BLASTBufferQueue( 7566): [SurfaceView[com.solodevlab.solara/com.solodevlab.solara.MainActivity]#3](f:0,a:1) ERROR: releaseBufferCallback without corresponding submitted buffer bufferId:32495722561547 framenumber:143876
05-03 23:04:47.410 E/BLASTBufferQueue( 7566): [SurfaceView[com.solodevlab.solara/com.solodevlab.solara.MainActivity]#3](f:0,a:2) Faking releaseBufferCallback from transactionCompleteCallback 143881
05-03 23:04:47.477 E/BLASTBufferQueue( 7566): [SurfaceView[com.solodevlab.solara/com.solodevlab.solara.MainActivity]#3](f:0,a:1) ERROR: releaseBufferCallback without corresponding submitted buffer bufferId:32495722561545 framenumber:143881
05-03 23:04:47.493 E/BLASTBufferQueue( 7566): [SurfaceView[com.solodevlab.solara/com.solodevlab.solara.MainActivity]#3](f:0,a:2) Faking releaseBufferCallback from transactionCompleteCallback 143886
05-03 23:04:47.510 E/BLASTBufferQueue( 7566): [SurfaceView[com.solodevlab.solara/com.solodevlab.solara.MainActivity]#3](f:0,a:1) ERROR: releaseBufferCallback without corresponding submitted buffer bufferId:32495722561548 framenumber:143886
05-03 23:04:47.527 E/BLASTBufferQueue( 7566): [SurfaceView[com.solodevlab.solara/com.solodevlab.solara.MainActivity]#3](f:0,a:2) Faking releaseBufferCallback from transactionCompleteCallback 143888
05-03 23:04:47.611 E/BLASTBufferQueue( 7566): [SurfaceView[com.solodevlab.solara/com.solodevlab.solara.MainActivity]#3](f:0,a:1) ERROR: releaseBufferCallback without corresponding submitted buffer bufferId:32495722561547 framenumber:143888
05-03 23:04:47.627 E/BLASTBufferQueue( 7566): [SurfaceView[com.solodevlab.solara/com.solodevlab.solara.MainActivity]#3](f:0,a:2) Faking releaseBufferCallback from transactionCompleteCallback 143894
05-03 23:04:47.677 E/BLASTBufferQueue( 7566): [SurfaceView[com.solodevlab.solara/com.solodevlab.solara.MainActivity]#3](f:0,a:1) ERROR: releaseBufferCallback without corresponding submitted buffer bufferId:32495722561547 framenumber:143894
05-03 23:04:47.693 E/BLASTBufferQueue( 7566): [SurfaceView[com.solodevlab.solara/com.solodevlab.solara.MainActivity]#3](f:0,a:2) Faking releaseBufferCallback from transactionCompleteCallback 143898
05-03 23:04:47.745 E/BLASTBufferQueue( 7566): [SurfaceView[com.solodevlab.solara/com.solodevlab.solara.MainActivity]#3](f:0,a:1) ERROR: releaseBufferCallback without corresponding submitted buffer bufferId:32495722561548 framenumber:143898
05-03 23:04:47.761 E/BLASTBufferQueue( 7566): [SurfaceView[com.solodevlab.solara/com.solodevlab.solara.MainActivity]#3](f:0,a:2) Faking releaseBufferCallback from transactionCompleteCallback 143902
05-03 23:04:47.845 E/BLASTBufferQueue( 7566): [SurfaceView[com.solodevlab.solara/com.solodevlab.solara.MainActivity]#3](f:0,a:1) ERROR: releaseBufferCallback without corresponding submitted buffer bufferId:32495722561545 framenumber:143902
05-03 23:04:47.861 E/BLASTBufferQueue( 7566): [SurfaceView[com.solodevlab.solara/com.solodevlab.solara.MainActivity]#3](f:0,a:2) Faking releaseBufferCallback from transactionCompleteCallback 143908
05-03 23:04:47.962 E/BLASTBufferQueue( 7566): [SurfaceView[com.solodevlab.solara/com.solodevlab.solara.MainActivity]#3](f:0,a:1) ERROR: releaseBufferCallback without corresponding submitted buffer bufferId:32495722561545 framenumber:143908
05-03 23:04:47.978 E/BLASTBufferQueue( 7566): [SurfaceView[com.solodevlab.solara/com.solodevlab.solara.MainActivity]#3](f:0,a:2) Faking releaseBufferCallback from transactionCompleteCallback 143915
05-03 23:04:48.045 E/BLASTBufferQueue( 7566): [SurfaceView[com.solodevlab.solara/com.solodevlab.solara.MainActivity]#3](f:0,a:1) ERROR: releaseBufferCallback without corresponding submitted buffer bufferId:32495722561547 framenumber:143915
05-03 23:04:48.061 E/BLASTBufferQueue( 7566): [SurfaceView[com.solodevlab.solara/com.solodevlab.solara.MainActivity]#3](f:0,a:2) Faking releaseBufferCallback from transactionCompleteCallback 143920
05-03 23:04:48.095 E/BLASTBufferQueue( 7566): [SurfaceView[com.solodevlab.solara/com.solodevlab.solara.MainActivity]#3](f:0,a:1) ERROR: releaseBufferCallback without corresponding submitted buffer bufferId:32495722561545 framenumber:143920
05-03 23:04:48.111 E/BLASTBufferQueue( 7566): [SurfaceView[com.solodevlab.solara/com.solodevlab.solara.MainActivity]#3](f:0,a:2) Faking releaseBufferCallback from transactionCompleteCallback 143923
05-03 23:04:48.179 E/BLASTBufferQueue( 7566): [SurfaceView[com.solodevlab.solara/com.solodevlab.solara.MainActivity]#3](f:0,a:1) ERROR: releaseBufferCallback without corresponding submitted buffer bufferId:32495722561545 framenumber:143923
05-03 23:04:48.195 E/BLASTBufferQueue( 7566): [SurfaceView[com.solodevlab.solara/com.solodevlab.solara.MainActivity]#3](f:0,a:2) Faking releaseBufferCallback from transactionCompleteCallback 143928
05-03 23:04:48.245 E/BLASTBufferQueue( 7566): [SurfaceView[com.solodevlab.solara/com.solodevlab.solara.MainActivity]#3](f:0,a:1) ERROR: releaseBufferCallback without corresponding submitted buffer bufferId:32495722561548 framenumber:143928
05-03 23:04:48.262 E/BLASTBufferQueue( 7566): [SurfaceView[com.solodevlab.solara/com.solodevlab.solara.MainActivity]#3](f:0,a:2) Faking releaseBufferCallback from transactionCompleteCallback 143932
05-03 23:04:48.330 E/BLASTBufferQueue( 7566): [SurfaceView[com.solodevlab.solara/com.solodevlab.solara.MainActivity]#3](f:0,a:1) ERROR: releaseBufferCallback without corresponding submitted buffer bufferId:32495722561545 framenumber:143932
05-03 23:04:48.346 E/BLASTBufferQueue( 7566): [SurfaceView[com.solodevlab.solara/com.solodevlab.solara.MainActivity]#3](f:0,a:2) Faking releaseBufferCallback from transactionCompleteCallback 143937
05-03 23:04:48.379 E/BLASTBufferQueue( 7566): [SurfaceView[com.solodevlab.solara/com.solodevlab.solara.MainActivity]#3](f:0,a:1) ERROR: releaseBufferCallback without corresponding submitted buffer bufferId:32495722561548 framenumber:143937
05-03 23:04:48.395 E/BLASTBufferQueue( 7566): [SurfaceView[com.solodevlab.solara/com.solodevlab.solara.MainActivity]#3](f:0,a:2) Faking releaseBufferCallback from transactionCompleteCallback 143940
05-03 23:04:48.429 E/BLASTBufferQueue( 7566): [SurfaceView[com.solodevlab.solara/com.solodevlab.solara.MainActivity]#3](f:0,a:1) ERROR: releaseBufferCallback without corresponding submitted buffer bufferId:32495722561548 framenumber:143940
05-03 23:04:48.445 E/BLASTBufferQueue( 7566): [SurfaceView[com.solodevlab.solara/com.solodevlab.solara.MainActivity]#3](f:0,a:2) Faking releaseBufferCallback from transactionCompleteCallback 143943
05-03 23:04:48.480 E/BLASTBufferQueue( 7566): [SurfaceView[com.solodevlab.solara/com.solodevlab.solara.MainActivity]#3](f:0,a:1) ERROR: releaseBufferCallback without corresponding submitted buffer bufferId:32495722561548 framenumber:143943
05-03 23:04:48.496 E/BLASTBufferQueue( 7566): [SurfaceView[com.solodevlab.solara/com.solodevlab.solara.MainActivity]#3](f:0,a:2) Faking releaseBufferCallback from transactionCompleteCallback 143946
05-03 23:04:48.565 E/BLASTBufferQueue( 7566): [SurfaceView[com.solodevlab.solara/com.solodevlab.solara.MainActivity]#3](f:0,a:1) ERROR: releaseBufferCallback without corresponding submitted buffer bufferId:32495722561548 framenumber:143946
05-03 23:04:48.579 E/BLASTBufferQueue( 7566): [SurfaceView[com.solodevlab.solara/com.solodevlab.solara.MainActivity]#3](f:0,a:2) Faking releaseBufferCallback from transactionCompleteCallback 143951
05-03 23:04:48.596 E/BLASTBufferQueue( 7566): [SurfaceView[com.solodevlab.solara/com.solodevlab.solara.MainActivity]#3](f:0,a:1) ERROR: releaseBufferCallback without corresponding submitted buffer bufferId:32495722561547 framenumber:143951
05-03 23:04:48.612 E/BLASTBufferQueue( 7566): [SurfaceView[com.solodevlab.solara/com.solodevlab.solara.MainActivity]#3](f:0,a:2) Faking releaseBufferCallback from transactionCompleteCallback 143953
05-03 23:04:48.732 E/BLASTBufferQueue( 7566): [SurfaceView[com.solodevlab.solara/com.solodevlab.solara.MainActivity]#3](f:0,a:1) ERROR: releaseBufferCallback without corresponding submitted buffer bufferId:32495722561545 framenumber:143953
05-03 23:04:48.746 E/BLASTBufferQueue( 7566): [SurfaceView[com.solodevlab.solara/com.solodevlab.solara.MainActivity]#3](f:0,a:2) Faking releaseBufferCallback from transactionCompleteCallback 143961
05-03 23:04:48.797 E/BLASTBufferQueue( 7566): [SurfaceView[com.solodevlab.solara/com.solodevlab.solara.MainActivity]#3](f:0,a:1) ERROR: releaseBufferCallback without corresponding submitted buffer bufferId:32495722561548 framenumber:143961
05-03 23:04:48.813 E/BLASTBufferQueue( 7566): [SurfaceView[com.solodevlab.solara/com.solodevlab.solara.MainActivity]#3](f:0,a:2) Faking releaseBufferCallback from transactionCompleteCallback 143965
05-03 23:04:48.830 E/BLASTBufferQueue( 7566): [SurfaceView[com.solodevlab.solara/com.solodevlab.solara.MainActivity]#3](f:0,a:1) ERROR: releaseBufferCallback without corresponding submitted buffer bufferId:32495722561545 framenumber:143965
05-03 23:04:48.846 E/BLASTBufferQueue( 7566): [SurfaceView[com.solodevlab.solara/com.solodevlab.solara.MainActivity]#3](f:0,a:2) Faking releaseBufferCallback from transactionCompleteCallback 143967
05-03 23:04:48.932 E/BLASTBufferQueue( 7566): [SurfaceView[com.solodevlab.solara/com.solodevlab.solara.MainActivity]#3](f:0,a:1) ERROR: releaseBufferCallback without corresponding submitted buffer bufferId:32495722561548 framenumber:143967
05-03 23:04:48.947 E/BLASTBufferQueue( 7566): [SurfaceView[com.solodevlab.solara/com.solodevlab.solara.MainActivity]#3](f:0,a:2) Faking releaseBufferCallback from transactionCompleteCallback 143973
05-03 23:04:49.014 E/BLASTBufferQueue( 7566): [SurfaceView[com.solodevlab.solara/com.solodevlab.solara.MainActivity]#3](f:0,a:1) ERROR: releaseBufferCallback without corresponding submitted buffer bufferId:32495722561548 framenumber:143973
05-03 23:04:49.030 E/BLASTBufferQueue( 7566): [SurfaceView[com.solodevlab.solara/com.solodevlab.solara.MainActivity]#3](f:0,a:2) Faking releaseBufferCallback from transactionCompleteCallback 143978
05-03 23:04:49.148 E/BLASTBufferQueue( 7566): [SurfaceView[com.solodevlab.solara/com.solodevlab.solara.MainActivity]#3](f:0,a:1) ERROR: releaseBufferCallback without corresponding submitted buffer bufferId:32495722561547 framenumber:143978
05-03 23:04:49.164 E/BLASTBufferQueue( 7566): [SurfaceView[com.solodevlab.solara/com.solodevlab.solara.MainActivity]#3](f:0,a:2) Faking releaseBufferCallback from transactionCompleteCallback 143986
05-03 23:04:49.198 E/BLASTBufferQueue( 7566): [SurfaceView[com.solodevlab.solara/com.solodevlab.solara.MainActivity]#3](f:0,a:1) ERROR: releaseBufferCallback without corresponding submitted buffer bufferId:32495722561545 framenumber:143986
05-03 23:04:49.214 E/BLASTBufferQueue( 7566): [SurfaceView[com.solodevlab.solara/com.solodevlab.solara.MainActivity]#3](f:0,a:2) Faking releaseBufferCallback from transactionCompleteCallback 143989
05-03 23:04:49.266 E/BLASTBufferQueue( 7566): [SurfaceView[com.solodevlab.solara/com.solodevlab.solara.MainActivity]#3](f:0,a:1) ERROR: releaseBufferCallback without corresponding submitted buffer bufferId:32495722561545 framenumber:143989
05-03 23:04:49.281 E/BLASTBufferQueue( 7566): [SurfaceView[com.solodevlab.solara/com.solodevlab.solara.MainActivity]#3](f:0,a:2) Faking releaseBufferCallback from transactionCompleteCallback 143993
05-03 23:04:49.299 E/BLASTBufferQueue( 7566): [SurfaceView[com.solodevlab.solara/com.solodevlab.solara.MainActivity]#3](f:0,a:1) ERROR: releaseBufferCallback without corresponding submitted buffer bufferId:32495722561547 framenumber:143993
05-03 23:04:49.314 E/BLASTBufferQueue( 7566): [SurfaceView[com.solodevlab.solara/com.solodevlab.solara.MainActivity]#3](f:0,a:2) Faking releaseBufferCallback from transactionCompleteCallback 143995
05-03 23:04:49.332 E/BLASTBufferQueue( 7566): [SurfaceView[com.solodevlab.solara/com.solodevlab.solara.MainActivity]#3](f:0,a:1) ERROR: releaseBufferCallback without corresponding submitted buffer bufferId:32495722561545 framenumber:143995
05-03 23:04:49.348 E/BLASTBufferQueue( 7566): [SurfaceView[com.solodevlab.solara/com.solodevlab.solara.MainActivity]#3](f:0,a:2) Faking releaseBufferCallback from transactionCompleteCallback 143997
05-03 23:04:49.482 E/BLASTBufferQueue( 7566): [SurfaceView[com.solodevlab.solara/com.solodevlab.solara.MainActivity]#3](f:0,a:1) ERROR: releaseBufferCallback without corresponding submitted buffer bufferId:32495722561548 framenumber:143997
05-03 23:04:49.498 E/BLASTBufferQueue( 7566): [SurfaceView[com.solodevlab.solara/com.solodevlab.solara.MainActivity]#3](f:0,a:2) Faking releaseBufferCallback from transactionCompleteCallback 144006
05-03 23:04:49.566 E/BLASTBufferQueue( 7566): [SurfaceView[com.solodevlab.solara/com.solodevlab.solara.MainActivity]#3](f:0,a:1) ERROR: releaseBufferCallback without corresponding submitted buffer bufferId:32495722561548 framenumber:144006
05-03 23:04:49.582 E/BLASTBufferQueue( 7566): [SurfaceView[com.solodevlab.solara/com.solodevlab.solara.MainActivity]#3](f:0,a:2) Faking releaseBufferCallback from transactionCompleteCallback 144011
05-03 23:04:49.667 E/BLASTBufferQueue( 7566): [SurfaceView[com.solodevlab.solara/com.solodevlab.solara.MainActivity]#3](f:0,a:1) ERROR: releaseBufferCallback without corresponding submitted buffer bufferId:32495722561547 framenumber:144011
05-03 23:04:49.682 E/BLASTBufferQueue( 7566): [SurfaceView[com.solodevlab.solara/com.solodevlab.solara.MainActivity]#3](f:0,a:2) Faking releaseBufferCallback from transactionCompleteCallback 144017
05-03 23:04:49.733 E/BLASTBufferQueue( 7566): [SurfaceView[com.solodevlab.solara/com.solodevlab.solara.MainActivity]#3](f:0,a:1) ERROR: releaseBufferCallback without corresponding submitted buffer bufferId:32495722561547 framenumber:144017
05-03 23:04:49.749 E/BLASTBufferQueue( 7566): [SurfaceView[com.solodevlab.solara/com.solodevlab.solara.MainActivity]#3](f:0,a:2) Faking releaseBufferCallback from transactionCompleteCallback 144021
05-03 23:04:49.851 E/BLASTBufferQueue( 7566): [SurfaceView[com.solodevlab.solara/com.solodevlab.solara.MainActivity]#3](f:0,a:1) ERROR: releaseBufferCallback without corresponding submitted buffer bufferId:32495722561548 framenumber:144021
05-03 23:04:49.866 E/BLASTBufferQueue( 7566): [SurfaceView[com.solodevlab.solara/com.solodevlab.solara.MainActivity]#3](f:0,a:2) Faking releaseBufferCallback from transactionCompleteCallback 144028
05-03 23:04:49.967 E/BLASTBufferQueue( 7566): [SurfaceView[com.solodevlab.solara/com.solodevlab.solara.MainActivity]#3](f:0,a:1) ERROR: releaseBufferCallback without corresponding submitted buffer bufferId:32495722561545 framenumber:144028
05-03 23:04:49.983 E/BLASTBufferQueue( 7566): [SurfaceView[com.solodevlab.solara/com.solodevlab.solara.MainActivity]#3](f:0,a:2) Faking releaseBufferCallback from transactionCompleteCallback 144035
05-03 23:04:50.051 E/BLASTBufferQueue( 7566): [SurfaceView[com.solodevlab.solara/com.solodevlab.solara.MainActivity]#3](f:0,a:1) ERROR: releaseBufferCallback without corresponding submitted buffer bufferId:32495722561547 framenumber:144035
05-03 23:04:50.066 E/BLASTBufferQueue( 7566): [SurfaceView[com.solodevlab.solara/com.solodevlab.solara.MainActivity]#3](f:0,a:2) Faking releaseBufferCallback from transactionCompleteCallback 144040
05-03 23:04:50.150 E/BLASTBufferQueue( 7566): [SurfaceView[com.solodevlab.solara/com.solodevlab.solara.MainActivity]#3](f:0,a:1) ERROR: releaseBufferCallback without corresponding submitted buffer bufferId:32495722561545 framenumber:144040
05-03 23:04:50.166 E/BLASTBufferQueue( 7566): [SurfaceView[com.solodevlab.solara/com.solodevlab.solara.MainActivity]#3](f:0,a:2) Faking releaseBufferCallback from transactionCompleteCallback 144046
05-03 23:04:50.201 E/BLASTBufferQueue( 7566): [SurfaceView[com.solodevlab.solara/com.solodevlab.solara.MainActivity]#3](f:0,a:1) ERROR: releaseBufferCallback without corresponding submitted buffer bufferId:32495722561545 framenumber:144046
05-03 23:04:50.217 E/BLASTBufferQueue( 7566): [SurfaceView[com.solodevlab.solara/com.solodevlab.solara.MainActivity]#3](f:0,a:2) Faking releaseBufferCallback from transactionCompleteCallback 144049
05-03 23:04:50.351 E/BLASTBufferQueue( 7566): [SurfaceView[com.solodevlab.solara/com.solodevlab.solara.MainActivity]#3](f:0,a:1) ERROR: releaseBufferCallback without corresponding submitted buffer bufferId:32495722561545 framenumber:144049
05-03 23:04:50.367 E/BLASTBufferQueue( 7566): [SurfaceView[com.solodevlab.solara/com.solodevlab.solara.MainActivity]#3](f:0,a:2) Faking releaseBufferCallback from transactionCompleteCallback 144058
05-03 23:04:50.436 E/BLASTBufferQueue( 7566): [SurfaceView[com.solodevlab.solara/com.solodevlab.solara.MainActivity]#3](f:0,a:1) ERROR: releaseBufferCallback without corresponding submitted buffer bufferId:32495722561545 framenumber:144058
05-03 23:04:50.450 E/BLASTBufferQueue( 7566): [SurfaceView[com.solodevlab.solara/com.solodevlab.solara.MainActivity]#3](f:0,a:2) Faking releaseBufferCallback from transactionCompleteCallback 144063
05-03 23:04:50.468 E/BLASTBufferQueue( 7566): [SurfaceView[com.solodevlab.solara/com.solodevlab.solara.MainActivity]#3](f:0,a:1) ERROR: releaseBufferCallback without corresponding submitted buffer bufferId:32495722561548 framenumber:144063
05-03 23:04:50.484 E/BLASTBufferQueue( 7566): [SurfaceView[com.solodevlab.solara/com.solodevlab.solara.MainActivity]#3](f:0,a:2) Faking releaseBufferCallback from transactionCompleteCallback 144065
05-03 23:04:50.535 E/BLASTBufferQueue( 7566): [SurfaceView[com.solodevlab.solara/com.solodevlab.solara.MainActivity]#3](f:0,a:1) ERROR: releaseBufferCallback without corresponding submitted buffer bufferId:32495722561547 framenumber:144065
05-03 23:04:50.551 E/BLASTBufferQueue( 7566): [SurfaceView[com.solodevlab.solara/com.solodevlab.solara.MainActivity]#3](f:0,a:2) Faking releaseBufferCallback from transactionCompleteCallback 144069
05-03 23:04:50.635 E/BLASTBufferQueue( 7566): [SurfaceView[com.solodevlab.solara/com.solodevlab.solara.MainActivity]#3](f:0,a:1) ERROR: releaseBufferCallback without corresponding submitted buffer bufferId:32495722561548 framenumber:144069
05-03 23:04:50.651 E/BLASTBufferQueue( 7566): [SurfaceView[com.solodevlab.solara/com.solodevlab.solara.MainActivity]#3](f:0,a:2) Faking releaseBufferCallback from transactionCompleteCallback 144075
05-03 23:04:50.718 E/BLASTBufferQueue( 7566): [SurfaceView[com.solodevlab.solara/com.solodevlab.solara.MainActivity]#3](f:0,a:1) ERROR: releaseBufferCallback without corresponding submitted buffer bufferId:32495722561548 framenumber:144075
05-03 23:04:50.734 E/BLASTBufferQueue( 7566): [SurfaceView[com.solodevlab.solara/com.solodevlab.solara.MainActivity]#3](f:0,a:2) Faking releaseBufferCallback from transactionCompleteCallback 144080
05-03 23:04:50.786 E/BLASTBufferQueue( 7566): [SurfaceView[com.solodevlab.solara/com.solodevlab.solara.MainActivity]#3](f:0,a:1) ERROR: releaseBufferCallback without corresponding submitted buffer bufferId:32495722561547 framenumber:144080
05-03 23:04:50.801 E/BLASTBufferQueue( 7566): [SurfaceView[com.solodevlab.solara/com.solodevlab.solara.MainActivity]#3](f:0,a:2) Faking releaseBufferCallback from transactionCompleteCallback 144084
05-03 23:04:50.902 E/BLASTBufferQueue( 7566): [SurfaceView[com.solodevlab.solara/com.solodevlab.solara.MainActivity]#3](f:0,a:1) ERROR: releaseBufferCallback without corresponding submitted buffer bufferId:32495722561548 framenumber:144084
05-03 23:04:50.919 E/BLASTBufferQueue( 7566): [SurfaceView[com.solodevlab.solara/com.solodevlab.solara.MainActivity]#3](f:0,a:2) Faking releaseBufferCallback from transactionCompleteCallback 144091
05-03 23:04:50.987 E/BLASTBufferQueue( 7566): [SurfaceView[com.solodevlab.solara/com.solodevlab.solara.MainActivity]#3](f:0,a:1) ERROR: releaseBufferCallback without corresponding submitted buffer bufferId:32495722561545 framenumber:144091
05-03 23:04:51.002 E/BLASTBufferQueue( 7566): [SurfaceView[com.solodevlab.solara/com.solodevlab.solara.MainActivity]#3](f:0,a:2) Faking releaseBufferCallback from transactionCompleteCallback 144096
05-03 23:04:51.020 E/BLASTBufferQueue( 7566): [SurfaceView[com.solodevlab.solara/com.solodevlab.solara.MainActivity]#3](f:0,a:1) ERROR: releaseBufferCallback without corresponding submitted buffer bufferId:32495722561548 framenumber:144096
05-03 23:04:51.035 E/BLASTBufferQueue( 7566): [SurfaceView[com.solodevlab.solara/com.solodevlab.solara.MainActivity]#3](f:0,a:2) Faking releaseBufferCallback from transactionCompleteCallback 144098
05-03 23:04:51.103 E/BLASTBufferQueue( 7566): [SurfaceView[com.solodevlab.solara/com.solodevlab.solara.MainActivity]#3](f:0,a:1) ERROR: releaseBufferCallback without corresponding submitted buffer bufferId:32495722561547 framenumber:144098
05-03 23:04:51.119 E/BLASTBufferQueue( 7566): [SurfaceView[com.solodevlab.solara/com.solodevlab.solara.MainActivity]#3](f:0,a:2) Faking releaseBufferCallback from transactionCompleteCallback 144103
05-03 23:04:51.203 E/BLASTBufferQueue( 7566): [SurfaceView[com.solodevlab.solara/com.solodevlab.solara.MainActivity]#3](f:0,a:1) ERROR: releaseBufferCallback without corresponding submitted buffer bufferId:32495722561545 framenumber:144103
05-03 23:04:51.219 E/BLASTBufferQueue( 7566): [SurfaceView[com.solodevlab.solara/com.solodevlab.solara.MainActivity]#3](f:0,a:2) Faking releaseBufferCallback from transactionCompleteCallback 144109
05-03 23:04:51.287 E/BLASTBufferQueue( 7566): [SurfaceView[com.solodevlab.solara/com.solodevlab.solara.MainActivity]#3](f:0,a:1) ERROR: releaseBufferCallback without corresponding submitted buffer bufferId:32495722561545 framenumber:144109
05-03 23:04:51.303 E/BLASTBufferQueue( 7566): [SurfaceView[com.solodevlab.solara/com.solodevlab.solara.MainActivity]#3](f:0,a:2) Faking releaseBufferCallback from transactionCompleteCallback 144114
05-03 23:04:51.337 E/BLASTBufferQueue( 7566): [SurfaceView[com.solodevlab.solara/com.solodevlab.solara.MainActivity]#3](f:0,a:1) ERROR: releaseBufferCallback without corresponding submitted buffer bufferId:32495722561548 framenumber:144114
05-03 23:04:51.353 E/BLASTBufferQueue( 7566): [SurfaceView[com.solodevlab.solara/com.solodevlab.solara.MainActivity]#3](f:0,a:2) Faking releaseBufferCallback from transactionCompleteCallback 144117
05-03 23:04:51.371 E/BLASTBufferQueue( 7566): [SurfaceView[com.solodevlab.solara/com.solodevlab.solara.MainActivity]#3](f:0,a:1) ERROR: releaseBufferCallback without corresponding submitted buffer bufferId:32495722561548 framenumber:144117
05-03 23:04:51.386 E/BLASTBufferQueue( 7566): [SurfaceView[com.solodevlab.solara/com.solodevlab.solara.MainActivity]#3](f:0,a:2) Faking releaseBufferCallback from transactionCompleteCallback 144119
05-03 23:04:51.404 E/BLASTBufferQueue( 7566): [SurfaceView[com.solodevlab.solara/com.solodevlab.solara.MainActivity]#3](f:0,a:1) ERROR: releaseBufferCallback without corresponding submitted buffer bufferId:32495722561547 framenumber:144119
05-03 23:04:51.420 E/BLASTBufferQueue( 7566): [SurfaceView[com.solodevlab.solara/com.solodevlab.solara.MainActivity]#3](f:0,a:2) Faking releaseBufferCallback from transactionCompleteCallback 144121
05-03 23:06:13.091 E/BLASTBufferQueue( 7566): [SurfaceView[com.solodevlab.solara/com.solodevlab.solara.MainActivity]#3](f:0,a:2) Faking releaseBufferCallback from transactionCompleteCallback 149008
05-03 23:06:13.114 E/BLASTBufferQueue( 7566): [SurfaceView[com.solodevlab.solara/com.solodevlab.solara.MainActivity]#3](f:0,a:2) ERROR: releaseBufferCallback without corresponding submitted buffer bufferId:32495722561545 framenumber:149008
05-03 23:07:05.372 E/BLASTBufferQueue( 7566): [SurfaceView[com.solodevlab.solara/com.solodevlab.solara.MainActivity]#3](f:0,a:2) Faking releaseBufferCallback from transactionCompleteCallback 152135
05-03 23:07:05.390 E/BLASTBufferQueue( 7566): [SurfaceView[com.solodevlab.solara/com.solodevlab.solara.MainActivity]#3](f:0,a:2) ERROR: releaseBufferCallback without corresponding submitted buffer bufferId:32495722561547 framenumber:152135
05-03 23:11:06.932 E/BLASTBufferQueue( 7566): [SurfaceView[com.solodevlab.solara/com.solodevlab.solara.MainActivity]#3](f:0,a:2) Faking releaseBufferCallback from transactionCompleteCallback 166590
05-03 23:11:06.977 E/BLASTBufferQueue( 7566): [SurfaceView[com.solodevlab.solara/com.solodevlab.solara.MainActivity]#3](f:0,a:1) ERROR: releaseBufferCallback without corresponding submitted buffer bufferId:32495722561548 framenumber:166590
05-03 23:11:06.992 E/BLASTBufferQueue( 7566): [SurfaceView[com.solodevlab.solara/com.solodevlab.solara.MainActivity]#3](f:0,a:2) Faking releaseBufferCallback from transactionCompleteCallback 166594
05-03 23:11:07.010 E/BLASTBufferQueue( 7566): [SurfaceView[com.solodevlab.solara/com.solodevlab.solara.MainActivity]#3](f:0,a:1) ERROR: releaseBufferCallback without corresponding submitted buffer bufferId:32495722561545 framenumber:166594
05-03 23:11:07.026 E/BLASTBufferQueue( 7566): [SurfaceView[com.solodevlab.solara/com.solodevlab.solara.MainActivity]#3](f:0,a:2) Faking releaseBufferCallback from transactionCompleteCallback 166596
05-03 23:11:07.094 E/BLASTBufferQueue( 7566): [SurfaceView[com.solodevlab.solara/com.solodevlab.solara.MainActivity]#3](f:0,a:1) ERROR: releaseBufferCallback without corresponding submitted buffer bufferId:32495722561548 framenumber:166596
05-03 23:11:07.110 E/BLASTBufferQueue( 7566): [SurfaceView[com.solodevlab.solara/com.solodevlab.solara.MainActivity]#3](f:0,a:2) Faking releaseBufferCallback from transactionCompleteCallback 166601
05-03 23:11:07.144 E/BLASTBufferQueue( 7566): [SurfaceView[com.solodevlab.solara/com.solodevlab.solara.MainActivity]#3](f:0,a:1) ERROR: releaseBufferCallback without corresponding submitted buffer bufferId:32495722561547 framenumber:166601
05-03 23:11:07.159 E/BLASTBufferQueue( 7566): [SurfaceView[com.solodevlab.solara/com.solodevlab.solara.MainActivity]#3](f:0,a:2) Faking releaseBufferCallback from transactionCompleteCallback 166604
05-03 23:11:07.295 E/BLASTBufferQueue( 7566): [SurfaceView[com.solodevlab.solara/com.solodevlab.solara.MainActivity]#3](f:0,a:1) ERROR: releaseBufferCallback without corresponding submitted buffer bufferId:32495722561547 framenumber:166604
05-03 23:11:07.310 E/BLASTBufferQueue( 7566): [SurfaceView[com.solodevlab.solara/com.solodevlab.solara.MainActivity]#3](f:0,a:2) Faking releaseBufferCallback from transactionCompleteCallback 166613
05-03 23:11:07.377 E/BLASTBufferQueue( 7566): [SurfaceView[com.solodevlab.solara/com.solodevlab.solara.MainActivity]#3](f:0,a:1) ERROR: releaseBufferCallback without corresponding submitted buffer bufferId:32495722561547 framenumber:166613
05-03 23:11:07.393 E/BLASTBufferQueue( 7566): [SurfaceView[com.solodevlab.solara/com.solodevlab.solara.MainActivity]#3](f:0,a:2) Faking releaseBufferCallback from transactionCompleteCallback 166618
05-03 23:11:07.411 E/BLASTBufferQueue( 7566): [SurfaceView[com.solodevlab.solara/com.solodevlab.solara.MainActivity]#3](f:0,a:1) ERROR: releaseBufferCallback without corresponding submitted buffer bufferId:32495722561545 framenumber:166618
05-03 23:11:07.427 E/BLASTBufferQueue( 7566): [SurfaceView[com.solodevlab.solara/com.solodevlab.solara.MainActivity]#3](f:0,a:2) Faking releaseBufferCallback from transactionCompleteCallback 166620
05-03 23:11:07.512 E/BLASTBufferQueue( 7566): [SurfaceView[com.solodevlab.solara/com.solodevlab.solara.MainActivity]#3](f:0,a:1) ERROR: releaseBufferCallback without corresponding submitted buffer bufferId:32495722561548 framenumber:166620
05-03 23:11:07.528 E/BLASTBufferQueue( 7566): [SurfaceView[com.solodevlab.solara/com.solodevlab.solara.MainActivity]#3](f:0,a:2) Faking releaseBufferCallback from transactionCompleteCallback 166626
05-03 23:11:07.561 E/BLASTBufferQueue( 7566): [SurfaceView[com.solodevlab.solara/com.solodevlab.solara.MainActivity]#3](f:0,a:1) ERROR: releaseBufferCallback without corresponding submitted buffer bufferId:32495722561548 framenumber:166626
05-03 23:11:07.577 E/BLASTBufferQueue( 7566): [SurfaceView[com.solodevlab.solara/com.solodevlab.solara.MainActivity]#3](f:0,a:2) Faking releaseBufferCallback from transactionCompleteCallback 166629
05-03 23:11:07.594 E/BLASTBufferQueue( 7566): [SurfaceView[com.solodevlab.solara/com.solodevlab.solara.MainActivity]#3](f:0,a:1) ERROR: releaseBufferCallback without corresponding submitted buffer bufferId:32495722561548 framenumber:166629
05-03 23:11:07.611 E/BLASTBufferQueue( 7566): [SurfaceView[com.solodevlab.solara/com.solodevlab.solara.MainActivity]#3](f:0,a:2) Faking releaseBufferCallback from transactionCompleteCallback 166631
05-03 23:11:07.679 E/BLASTBufferQueue( 7566): [SurfaceView[com.solodevlab.solara/com.solodevlab.solara.MainActivity]#3](f:0,a:1) ERROR: releaseBufferCallback without corresponding submitted buffer bufferId:32495722561547 framenumber:166631
05-03 23:11:07.694 E/BLASTBufferQueue( 7566): [SurfaceView[com.solodevlab.solara/com.solodevlab.solara.MainActivity]#3](f:0,a:2) Faking releaseBufferCallback from transactionCompleteCallback 166636
05-03 23:11:07.712 E/BLASTBufferQueue( 7566): [SurfaceView[com.solodevlab.solara/com.solodevlab.solara.MainActivity]#3](f:0,a:1) ERROR: releaseBufferCallback without corresponding submitted buffer bufferId:32495722561545 framenumber:166636
05-03 23:11:07.729 E/BLASTBufferQueue( 7566): [SurfaceView[com.solodevlab.solara/com.solodevlab.solara.MainActivity]#3](f:0,a:2) Faking releaseBufferCallback from transactionCompleteCallback 166638
05-03 23:11:07.762 E/BLASTBufferQueue( 7566): [SurfaceView[com.solodevlab.solara/com.solodevlab.solara.MainActivity]#3](f:0,a:1) ERROR: releaseBufferCallback without corresponding submitted buffer bufferId:32495722561548 framenumber:166638
05-03 23:11:07.778 E/BLASTBufferQueue( 7566): [SurfaceView[com.solodevlab.solara/com.solodevlab.solara.MainActivity]#3](f:0,a:2) Faking releaseBufferCallback from transactionCompleteCallback 166641
05-03 23:11:07.795 E/BLASTBufferQueue( 7566): [SurfaceView[com.solodevlab.solara/com.solodevlab.solara.MainActivity]#3](f:0,a:1) ERROR: releaseBufferCallback without corresponding submitted buffer bufferId:32495722561548 framenumber:166641
05-03 23:11:07.811 E/BLASTBufferQueue( 7566): [SurfaceView[com.solodevlab.solara/com.solodevlab.solara.MainActivity]#3](f:0,a:2) Faking releaseBufferCallback from transactionCompleteCallback 166643
05-03 23:11:07.896 E/BLASTBufferQueue( 7566): [SurfaceView[com.solodevlab.solara/com.solodevlab.solara.MainActivity]#3](f:0,a:1) ERROR: releaseBufferCallback without corresponding submitted buffer bufferId:32495722561547 framenumber:166643
05-03 23:11:07.911 E/BLASTBufferQueue( 7566): [SurfaceView[com.solodevlab.solara/com.solodevlab.solara.MainActivity]#3](f:0,a:2) Faking releaseBufferCallback from transactionCompleteCallback 166649
05-03 23:11:07.929 E/BLASTBufferQueue( 7566): [SurfaceView[com.solodevlab.solara/com.solodevlab.solara.MainActivity]#3](f:0,a:1) ERROR: releaseBufferCallback without corresponding submitted buffer bufferId:32495722561547 framenumber:166649
05-03 23:11:07.945 E/BLASTBufferQueue( 7566): [SurfaceView[com.solodevlab.solara/com.solodevlab.solara.MainActivity]#3](f:0,a:2) Faking releaseBufferCallback from transactionCompleteCallback 166651
05-03 23:11:07.962 E/BLASTBufferQueue( 7566): [SurfaceView[com.solodevlab.solara/com.solodevlab.solara.MainActivity]#3](f:0,a:1) ERROR: releaseBufferCallback without corresponding submitted buffer bufferId:32495722561545 framenumber:166651
05-03 23:11:07.978 E/BLASTBufferQueue( 7566): [SurfaceView[com.solodevlab.solara/com.solodevlab.solara.MainActivity]#3](f:0,a:2) Faking releaseBufferCallback from transactionCompleteCallback 166653
05-03 23:11:08.030 E/BLASTBufferQueue( 7566): [SurfaceView[com.solodevlab.solara/com.solodevlab.solara.MainActivity]#3](f:0,a:1) ERROR: releaseBufferCallback without corresponding submitted buffer bufferId:32495722561548 framenumber:166653
05-03 23:11:08.045 E/BLASTBufferQueue( 7566): [SurfaceView[com.solodevlab.solara/com.solodevlab.solara.MainActivity]#3](f:0,a:2) Faking releaseBufferCallback from transactionCompleteCallback 166657
05-03 23:11:08.063 E/BLASTBufferQueue( 7566): [SurfaceView[com.solodevlab.solara/com.solodevlab.solara.MainActivity]#3](f:0,a:1) ERROR: releaseBufferCallback without corresponding submitted buffer bufferId:32495722561545 framenumber:166657
05-03 23:11:08.079 E/BLASTBufferQueue( 7566): [SurfaceView[com.solodevlab.solara/com.solodevlab.solara.MainActivity]#3](f:0,a:2) Faking releaseBufferCallback from transactionCompleteCallback 166659
05-03 23:11:08.129 E/BLASTBufferQueue( 7566): [SurfaceView[com.solodevlab.solara/com.solodevlab.solara.MainActivity]#3](f:0,a:1) ERROR: releaseBufferCallback without corresponding submitted buffer bufferId:32495722561548 framenumber:166659
05-03 23:11:08.162 E/BLASTBufferQueue( 7566): [SurfaceView[com.solodevlab.solara/com.solodevlab.solara.MainActivity]#3](f:0,a:2) Faking releaseBufferCallback from transactionCompleteCallback 166664
05-03 23:11:08.230 E/BLASTBufferQueue( 7566): [SurfaceView[com.solodevlab.solara/com.solodevlab.solara.MainActivity]#3](f:0,a:1) ERROR: releaseBufferCallback without corresponding submitted buffer bufferId:32495722561547 framenumber:166664
05-03 23:11:08.246 E/BLASTBufferQueue( 7566): [SurfaceView[com.solodevlab.solara/com.solodevlab.solara.MainActivity]#3](f:0,a:2) Faking releaseBufferCallback from transactionCompleteCallback 166669
05-03 23:11:08.280 E/BLASTBufferQueue( 7566): [SurfaceView[com.solodevlab.solara/com.solodevlab.solara.MainActivity]#3](f:0,a:1) ERROR: releaseBufferCallback without corresponding submitted buffer bufferId:32495722561545 framenumber:166669
05-03 23:11:08.296 E/BLASTBufferQueue( 7566): [SurfaceView[com.solodevlab.solara/com.solodevlab.solara.MainActivity]#3](f:0,a:2) Faking releaseBufferCallback from transactionCompleteCallback 166672
05-03 23:11:08.313 E/BLASTBufferQueue( 7566): [SurfaceView[com.solodevlab.solara/com.solodevlab.solara.MainActivity]#3](f:0,a:1) ERROR: releaseBufferCallback without corresponding submitted buffer bufferId:32495722561545 framenumber:166672
05-03 23:11:08.329 E/BLASTBufferQueue( 7566): [SurfaceView[com.solodevlab.solara/com.solodevlab.solara.MainActivity]#3](f:0,a:2) Faking releaseBufferCallback from transactionCompleteCallback 166674
05-03 23:11:08.346 E/BLASTBufferQueue( 7566): [SurfaceView[com.solodevlab.solara/com.solodevlab.solara.MainActivity]#3](f:0,a:1) ERROR: releaseBufferCallback without corresponding submitted buffer bufferId:32495722561548 framenumber:166674
05-03 23:11:08.363 E/BLASTBufferQueue( 7566): [SurfaceView[com.solodevlab.solara/com.solodevlab.solara.MainActivity]#3](f:0,a:2) Faking releaseBufferCallback from transactionCompleteCallback 166676
05-03 23:11:08.431 E/BLASTBufferQueue( 7566): [SurfaceView[com.solodevlab.solara/com.solodevlab.solara.MainActivity]#3](f:0,a:1) ERROR: releaseBufferCallback without corresponding submitted buffer bufferId:32495722561547 framenumber:166676
05-03 23:11:08.446 E/BLASTBufferQueue( 7566): [SurfaceView[com.solodevlab.solara/com.solodevlab.solara.MainActivity]#3](f:0,a:2) Faking releaseBufferCallback from transactionCompleteCallback 166681
05-03 23:11:08.497 E/BLASTBufferQueue( 7566): [SurfaceView[com.solodevlab.solara/com.solodevlab.solara.MainActivity]#3](f:0,a:1) ERROR: releaseBufferCallback without corresponding submitted buffer bufferId:32495722561545 framenumber:166681
05-03 23:11:08.513 E/BLASTBufferQueue( 7566): [SurfaceView[com.solodevlab.solara/com.solodevlab.solara.MainActivity]#3](f:0,a:2) Faking releaseBufferCallback from transactionCompleteCallback 166685
05-03 23:11:08.530 E/BLASTBufferQueue( 7566): [SurfaceView[com.solodevlab.solara/com.solodevlab.solara.MainActivity]#3](f:0,a:1) ERROR: releaseBufferCallback without corresponding submitted buffer bufferId:32495722561547 framenumber:166685
05-03 23:11:08.546 E/BLASTBufferQueue( 7566): [SurfaceView[com.solodevlab.solara/com.solodevlab.solara.MainActivity]#3](f:0,a:2) Faking releaseBufferCallback from transactionCompleteCallback 166687
05-03 23:11:08.597 E/BLASTBufferQueue( 7566): [SurfaceView[com.solodevlab.solara/com.solodevlab.solara.MainActivity]#3](f:0,a:1) ERROR: releaseBufferCallback without corresponding submitted buffer bufferId:32495722561545 framenumber:166687
05-03 23:11:08.614 E/BLASTBufferQueue( 7566): [SurfaceView[com.solodevlab.solara/com.solodevlab.solara.MainActivity]#3](f:0,a:2) Faking releaseBufferCallback from transactionCompleteCallback 166691
05-03 23:11:08.647 E/BLASTBufferQueue( 7566): [SurfaceView[com.solodevlab.solara/com.solodevlab.solara.MainActivity]#3](f:0,a:1) ERROR: releaseBufferCallback without corresponding submitted buffer bufferId:32495722561547 framenumber:166691
05-03 23:11:08.663 E/BLASTBufferQueue( 7566): [SurfaceView[com.solodevlab.solara/com.solodevlab.solara.MainActivity]#3](f:0,a:2) Faking releaseBufferCallback from transactionCompleteCallback 166694
05-03 23:11:08.681 E/BLASTBufferQueue( 7566): [SurfaceView[com.solodevlab.solara/com.solodevlab.solara.MainActivity]#3](f:0,a:1) ERROR: releaseBufferCallback without corresponding submitted buffer bufferId:32495722561547 framenumber:166694
05-03 23:11:08.697 E/BLASTBufferQueue( 7566): [SurfaceView[com.solodevlab.solara/com.solodevlab.solara.MainActivity]#3](f:0,a:2) Faking releaseBufferCallback from transactionCompleteCallback 166696
05-03 23:11:08.731 E/BLASTBufferQueue( 7566): [SurfaceView[com.solodevlab.solara/com.solodevlab.solara.MainActivity]#3](f:0,a:1) ERROR: releaseBufferCallback without corresponding submitted buffer bufferId:32495722561545 framenumber:166696
05-03 23:11:08.747 E/BLASTBufferQueue( 7566): [SurfaceView[com.solodevlab.solara/com.solodevlab.solara.MainActivity]#3](f:0,a:2) Faking releaseBufferCallback from transactionCompleteCallback 166699
05-03 23:11:08.848 E/BLASTBufferQueue( 7566): [SurfaceView[com.solodevlab.solara/com.solodevlab.solara.MainActivity]#3](f:0,a:1) ERROR: releaseBufferCallback without corresponding submitted buffer bufferId:32495722561545 framenumber:166699
05-03 23:11:08.864 E/BLASTBufferQueue( 7566): [SurfaceView[com.solodevlab.solara/com.solodevlab.solara.MainActivity]#3](f:0,a:2) Faking releaseBufferCallback from transactionCompleteCallback 166706
05-03 23:11:08.932 E/BLASTBufferQueue( 7566): [SurfaceView[com.solodevlab.solara/com.solodevlab.solara.MainActivity]#3](f:0,a:1) ERROR: releaseBufferCallback without corresponding submitted buffer bufferId:32495722561547 framenumber:166706
05-03 23:11:08.947 E/BLASTBufferQueue( 7566): [SurfaceView[com.solodevlab.solara/com.solodevlab.solara.MainActivity]#3](f:0,a:2) Faking releaseBufferCallback from transactionCompleteCallback 166711
05-03 23:11:09.065 E/BLASTBufferQueue( 7566): [SurfaceView[com.solodevlab.solara/com.solodevlab.solara.MainActivity]#3](f:0,a:1) ERROR: releaseBufferCallback without corresponding submitted buffer bufferId:32495722561545 framenumber:166711
05-03 23:11:09.081 E/BLASTBufferQueue( 7566): [SurfaceView[com.solodevlab.solara/com.solodevlab.solara.MainActivity]#3](f:0,a:2) Faking releaseBufferCallback from transactionCompleteCallback 166719
05-03 23:11:09.115 E/BLASTBufferQueue( 7566): [SurfaceView[com.solodevlab.solara/com.solodevlab.solara.MainActivity]#3](f:0,a:1) ERROR: releaseBufferCallback without corresponding submitted buffer bufferId:32495722561548 framenumber:166719
05-03 23:11:09.131 E/BLASTBufferQueue( 7566): [SurfaceView[com.solodevlab.solara/com.solodevlab.solara.MainActivity]#3](f:0,a:2) Faking releaseBufferCallback from transactionCompleteCallback 166722
05-03 23:11:09.165 E/BLASTBufferQueue( 7566): [SurfaceView[com.solodevlab.solara/com.solodevlab.solara.MainActivity]#3](f:0,a:1) ERROR: releaseBufferCallback without corresponding submitted buffer bufferId:32495722561548 framenumber:166722
05-03 23:11:09.181 E/BLASTBufferQueue( 7566): [SurfaceView[com.solodevlab.solara/com.solodevlab.solara.MainActivity]#3](f:0,a:2) Faking releaseBufferCallback from transactionCompleteCallback 166725
05-03 23:11:09.249 E/BLASTBufferQueue( 7566): [SurfaceView[com.solodevlab.solara/com.solodevlab.solara.MainActivity]#3](f:0,a:1) ERROR: releaseBufferCallback without corresponding submitted buffer bufferId:32495722561548 framenumber:166725
05-03 23:11:09.265 E/BLASTBufferQueue( 7566): [SurfaceView[com.solodevlab.solara/com.solodevlab.solara.MainActivity]#3](f:0,a:2) Faking releaseBufferCallback from transactionCompleteCallback 166730
05-03 23:11:09.283 E/BLASTBufferQueue( 7566): [SurfaceView[com.solodevlab.solara/com.solodevlab.solara.MainActivity]#3](f:0,a:1) ERROR: releaseBufferCallback without corresponding submitted buffer bufferId:32495722561547 framenumber:166730
05-03 23:11:09.299 E/BLASTBufferQueue( 7566): [SurfaceView[com.solodevlab.solara/com.solodevlab.solara.MainActivity]#3](f:0,a:2) Faking releaseBufferCallback from transactionCompleteCallback 166732
05-03 23:11:09.383 E/BLASTBufferQueue( 7566): [SurfaceView[com.solodevlab.solara/com.solodevlab.solara.MainActivity]#3](f:0,a:1) ERROR: releaseBufferCallback without corresponding submitted buffer bufferId:32495722561545 framenumber:166732
05-03 23:11:09.399 E/BLASTBufferQueue( 7566): [SurfaceView[com.solodevlab.solara/com.solodevlab.solara.MainActivity]#3](f:0,a:2) Faking releaseBufferCallback from transactionCompleteCallback 166738
05-03 23:11:09.550 E/BLASTBufferQueue( 7566): [SurfaceView[com.solodevlab.solara/com.solodevlab.solara.MainActivity]#3](f:0,a:1) ERROR: releaseBufferCallback without corresponding submitted buffer bufferId:32495722561545 framenumber:166738
05-03 23:11:09.565 E/BLASTBufferQueue( 7566): [SurfaceView[com.solodevlab.solara/com.solodevlab.solara.MainActivity]#3](f:0,a:2) Faking releaseBufferCallback from transactionCompleteCallback 166748
05-03 23:11:09.600 E/BLASTBufferQueue( 7566): [SurfaceView[com.solodevlab.solara/com.solodevlab.solara.MainActivity]#3](f:0,a:1) ERROR: releaseBufferCallback without corresponding submitted buffer bufferId:32495722561547 framenumber:166748
05-03 23:11:09.616 E/BLASTBufferQueue( 7566): [SurfaceView[com.solodevlab.solara/com.solodevlab.solara.MainActivity]#3](f:0,a:2) Faking releaseBufferCallback from transactionCompleteCallback 166751
05-03 23:11:09.668 E/BLASTBufferQueue( 7566): [SurfaceView[com.solodevlab.solara/com.solodevlab.solara.MainActivity]#3](f:0,a:1) ERROR: releaseBufferCallback without corresponding submitted buffer bufferId:32495722561547 framenumber:166751
05-03 23:11:09.683 E/BLASTBufferQueue( 7566): [SurfaceView[com.solodevlab.solara/com.solodevlab.solara.MainActivity]#3](f:0,a:2) Faking releaseBufferCallback from transactionCompleteCallback 166755
05-03 23:11:09.700 E/BLASTBufferQueue( 7566): [SurfaceView[com.solodevlab.solara/com.solodevlab.solara.MainActivity]#3](f:0,a:1) ERROR: releaseBufferCallback without corresponding submitted buffer bufferId:32495722561548 framenumber:166755
05-03 23:11:09.716 E/BLASTBufferQueue( 7566): [SurfaceView[com.solodevlab.solara/com.solodevlab.solara.MainActivity]#3](f:0,a:2) Faking releaseBufferCallback from transactionCompleteCallback 166757
05-03 23:11:09.733 E/BLASTBufferQueue( 7566): [SurfaceView[com.solodevlab.solara/com.solodevlab.solara.MainActivity]#3](f:0,a:1) ERROR: releaseBufferCallback without corresponding submitted buffer bufferId:32495722561547 framenumber:166757
05-03 23:11:09.750 E/BLASTBufferQueue( 7566): [SurfaceView[com.solodevlab.solara/com.solodevlab.solara.MainActivity]#3](f:0,a:2) Faking releaseBufferCallback from transactionCompleteCallback 166759
05-03 23:11:09.766 E/BLASTBufferQueue( 7566): [SurfaceView[com.solodevlab.solara/com.solodevlab.solara.MainActivity]#3](f:0,a:1) ERROR: releaseBufferCallback without corresponding submitted buffer bufferId:32495722561545 framenumber:166759
05-03 23:11:09.800 E/BLASTBufferQueue( 7566): [SurfaceView[com.solodevlab.solara/com.solodevlab.solara.MainActivity]#3](f:0,a:2) Faking releaseBufferCallback from transactionCompleteCallback 166762
05-03 23:11:09.867 E/BLASTBufferQueue( 7566): [SurfaceView[com.solodevlab.solara/com.solodevlab.solara.MainActivity]#3](f:0,a:1) ERROR: releaseBufferCallback without corresponding submitted buffer bufferId:32495722561545 framenumber:166762
05-03 23:11:09.883 E/BLASTBufferQueue( 7566): [SurfaceView[com.solodevlab.solara/com.solodevlab.solara.MainActivity]#3](f:0,a:2) Faking releaseBufferCallback from transactionCompleteCallback 166767
05-03 23:11:09.984 E/BLASTBufferQueue( 7566): [SurfaceView[com.solodevlab.solara/com.solodevlab.solara.MainActivity]#3](f:0,a:1) ERROR: releaseBufferCallback without corresponding submitted buffer bufferId:32495722561548 framenumber:166767
05-03 23:11:10.000 E/BLASTBufferQueue( 7566): [SurfaceView[com.solodevlab.solara/com.solodevlab.solara.MainActivity]#3](f:0,a:2) Faking releaseBufferCallback from transactionCompleteCallback 166774
05-03 23:11:10.051 E/BLASTBufferQueue( 7566): [SurfaceView[com.solodevlab.solara/com.solodevlab.solara.MainActivity]#3](f:0,a:1) ERROR: releaseBufferCallback without corresponding submitted buffer bufferId:32495722561545 framenumber:166774
05-03 23:11:10.067 E/BLASTBufferQueue( 7566): [SurfaceView[com.solodevlab.solara/com.solodevlab.solara.MainActivity]#3](f:0,a:2) Faking releaseBufferCallback from transactionCompleteCallback 166778
05-03 23:11:10.135 E/BLASTBufferQueue( 7566): [SurfaceView[com.solodevlab.solara/com.solodevlab.solara.MainActivity]#3](f:0,a:1) ERROR: releaseBufferCallback without corresponding submitted buffer bufferId:32495722561547 framenumber:166778
05-03 23:11:10.151 E/BLASTBufferQueue( 7566): [SurfaceView[com.solodevlab.solara/com.solodevlab.solara.MainActivity]#3](f:0,a:2) Faking releaseBufferCallback from transactionCompleteCallback 166783
05-03 23:11:10.319 E/BLASTBufferQueue( 7566): [SurfaceView[com.solodevlab.solara/com.solodevlab.solara.MainActivity]#3](f:0,a:1) ERROR: releaseBufferCallback without corresponding submitted buffer bufferId:32495722561545 framenumber:166783
05-03 23:11:10.334 E/BLASTBufferQueue( 7566): [SurfaceView[com.solodevlab.solara/com.solodevlab.solara.MainActivity]#3](f:0,a:2) Faking releaseBufferCallback from transactionCompleteCallback 166794
05-03 23:11:10.368 E/BLASTBufferQueue( 7566): [SurfaceView[com.solodevlab.solara/com.solodevlab.solara.MainActivity]#3](f:0,a:1) ERROR: releaseBufferCallback without corresponding submitted buffer bufferId:32495722561548 framenumber:166794
05-03 23:11:10.384 E/BLASTBufferQueue( 7566): [SurfaceView[com.solodevlab.solara/com.solodevlab.solara.MainActivity]#3](f:0,a:2) Faking releaseBufferCallback from transactionCompleteCallback 166797
05-03 23:11:10.402 E/BLASTBufferQueue( 7566): [SurfaceView[com.solodevlab.solara/com.solodevlab.solara.MainActivity]#3](f:0,a:1) ERROR: releaseBufferCallback without corresponding submitted buffer bufferId:32495722561548 framenumber:166797
05-03 23:11:10.417 E/BLASTBufferQueue( 7566): [SurfaceView[com.solodevlab.solara/com.solodevlab.solara.MainActivity]#3](f:0,a:2) Faking releaseBufferCallback from transactionCompleteCallback 166799
05-03 23:11:10.486 E/BLASTBufferQueue( 7566): [SurfaceView[com.solodevlab.solara/com.solodevlab.solara.MainActivity]#3](f:0,a:1) ERROR: releaseBufferCallback without corresponding submitted buffer bufferId:32495722561547 framenumber:166799
05-03 23:11:10.501 E/BLASTBufferQueue( 7566): [SurfaceView[com.solodevlab.solara/com.solodevlab.solara.MainActivity]#3](f:0,a:2) Faking releaseBufferCallback from transactionCompleteCallback 166804
05-03 23:11:10.519 E/BLASTBufferQueue( 7566): [SurfaceView[com.solodevlab.solara/com.solodevlab.solara.MainActivity]#3](f:0,a:1) ERROR: releaseBufferCallback without corresponding submitted buffer bufferId:32495722561545 framenumber:166804
05-03 23:11:10.535 E/BLASTBufferQueue( 7566): [SurfaceView[com.solodevlab.solara/com.solodevlab.solara.MainActivity]#3](f:0,a:2) Faking releaseBufferCallback from transactionCompleteCallback 166806
05-03 23:11:10.552 E/BLASTBufferQueue( 7566): [SurfaceView[com.solodevlab.solara/com.solodevlab.solara.MainActivity]#3](f:0,a:1) ERROR: releaseBufferCallback without corresponding submitted buffer bufferId:32495722561548 framenumber:166806
05-03 23:11:10.568 E/BLASTBufferQueue( 7566): [SurfaceView[com.solodevlab.solara/com.solodevlab.solara.MainActivity]#3](f:0,a:2) Faking releaseBufferCallback from transactionCompleteCallback 166808
05-03 23:11:10.586 E/BLASTBufferQueue( 7566): [SurfaceView[com.solodevlab.solara/com.solodevlab.solara.MainActivity]#3](f:0,a:1) ERROR: releaseBufferCallback without corresponding submitted buffer bufferId:32495722561547 framenumber:166808
05-03 23:11:10.602 E/BLASTBufferQueue( 7566): [SurfaceView[com.solodevlab.solara/com.solodevlab.solara.MainActivity]#3](f:0,a:2) Faking releaseBufferCallback from transactionCompleteCallback 166810
05-03 23:11:10.636 E/BLASTBufferQueue( 7566): [SurfaceView[com.solodevlab.solara/com.solodevlab.solara.MainActivity]#3](f:0,a:1) ERROR: releaseBufferCallback without corresponding submitted buffer bufferId:32495722561545 framenumber:166810
05-03 23:11:10.651 E/BLASTBufferQueue( 7566): [SurfaceView[com.solodevlab.solara/com.solodevlab.solara.MainActivity]#3](f:0,a:2) Faking releaseBufferCallback from transactionCompleteCallback 166813
05-03 23:11:10.720 E/BLASTBufferQueue( 7566): [SurfaceView[com.solodevlab.solara/com.solodevlab.solara.MainActivity]#3](f:0,a:1) ERROR: releaseBufferCallback without corresponding submitted buffer bufferId:32495722561545 framenumber:166813
05-03 23:11:10.735 E/BLASTBufferQueue( 7566): [SurfaceView[com.solodevlab.solara/com.solodevlab.solara.MainActivity]#3](f:0,a:2) Faking releaseBufferCallback from transactionCompleteCallback 166818
05-03 23:11:10.804 E/BLASTBufferQueue( 7566): [SurfaceView[com.solodevlab.solara/com.solodevlab.solara.MainActivity]#3](f:0,a:1) ERROR: releaseBufferCallback without corresponding submitted buffer bufferId:32495722561548 framenumber:166818
05-03 23:11:10.819 E/BLASTBufferQueue( 7566): [SurfaceView[com.solodevlab.solara/com.solodevlab.solara.MainActivity]#3](f:0,a:2) Faking releaseBufferCallback from transactionCompleteCallback 166823
05-03 23:11:10.971 E/BLASTBufferQueue( 7566): [SurfaceView[com.solodevlab.solara/com.solodevlab.solara.MainActivity]#3](f:0,a:1) ERROR: releaseBufferCallback without corresponding submitted buffer bufferId:32495722561547 framenumber:166823
05-03 23:11:10.986 E/BLASTBufferQueue( 7566): [SurfaceView[com.solodevlab.solara/com.solodevlab.solara.MainActivity]#3](f:0,a:2) Faking releaseBufferCallback from transactionCompleteCallback 166833
05-03 23:11:11.003 E/BLASTBufferQueue( 7566): [SurfaceView[com.solodevlab.solara/com.solodevlab.solara.MainActivity]#3](f:0,a:1) ERROR: releaseBufferCallback without corresponding submitted buffer bufferId:32495722561548 framenumber:166833
05-03 23:11:11.019 E/BLASTBufferQueue( 7566): [SurfaceView[com.solodevlab.solara/com.solodevlab.solara.MainActivity]#3](f:0,a:2) Faking releaseBufferCallback from transactionCompleteCallback 166835
05-03 23:11:11.070 E/BLASTBufferQueue( 7566): [SurfaceView[com.solodevlab.solara/com.solodevlab.solara.MainActivity]#3](f:0,a:1) ERROR: releaseBufferCallback without corresponding submitted buffer bufferId:32495722561547 framenumber:166835
05-03 23:11:11.086 E/BLASTBufferQueue( 7566): [SurfaceView[com.solodevlab.solara/com.solodevlab.solara.MainActivity]#3](f:0,a:2) Faking releaseBufferCallback from transactionCompleteCallback 166839
05-03 23:11:11.121 E/BLASTBufferQueue( 7566): [SurfaceView[com.solodevlab.solara/com.solodevlab.solara.MainActivity]#3](f:0,a:1) ERROR: releaseBufferCallback without corresponding submitted buffer bufferId:32495722561548 framenumber:166839
05-03 23:11:11.136 E/BLASTBufferQueue( 7566): [SurfaceView[com.solodevlab.solara/com.solodevlab.solara.MainActivity]#3](f:0,a:2) Faking releaseBufferCallback from transactionCompleteCallback 166842
05-03 23:11:11.188 E/BLASTBufferQueue( 7566): [SurfaceView[com.solodevlab.solara/com.solodevlab.solara.MainActivity]#3](f:0,a:1) ERROR: releaseBufferCallback without corresponding submitted buffer bufferId:32495722561548 framenumber:166842
05-03 23:11:11.203 E/BLASTBufferQueue( 7566): [SurfaceView[com.solodevlab.solara/com.solodevlab.solara.MainActivity]#3](f:0,a:2) Faking releaseBufferCallback from transactionCompleteCallback 166846
05-03 23:11:11.237 E/BLASTBufferQueue( 7566): [SurfaceView[com.solodevlab.solara/com.solodevlab.solara.MainActivity]#3](f:0,a:1) ERROR: releaseBufferCallback without corresponding submitted buffer bufferId:32495722561545 framenumber:166846
05-03 23:11:11.253 E/BLASTBufferQueue( 7566): [SurfaceView[com.solodevlab.solara/com.solodevlab.solara.MainActivity]#3](f:0,a:2) Faking releaseBufferCallback from transactionCompleteCallback 166849
05-03 23:11:11.371 E/BLASTBufferQueue( 7566): [SurfaceView[com.solodevlab.solara/com.solodevlab.solara.MainActivity]#3](f:0,a:1) ERROR: releaseBufferCallback without corresponding submitted buffer bufferId:32495722561545 framenumber:166849
05-03 23:11:11.387 E/BLASTBufferQueue( 7566): [SurfaceView[com.solodevlab.solara/com.solodevlab.solara.MainActivity]#3](f:0,a:2) Faking releaseBufferCallback from transactionCompleteCallback 166857
05-03 23:11:11.421 E/BLASTBufferQueue( 7566): [SurfaceView[com.solodevlab.solara/com.solodevlab.solara.MainActivity]#3](f:0,a:1) ERROR: releaseBufferCallback without corresponding submitted buffer bufferId:32495722561548 framenumber:166857
05-03 23:11:11.437 E/BLASTBufferQueue( 7566): [SurfaceView[com.solodevlab.solara/com.solodevlab.solara.MainActivity]#3](f:0,a:2) Faking releaseBufferCallback from transactionCompleteCallback 166860
05-03 23:11:11.454 E/BLASTBufferQueue( 7566): [SurfaceView[com.solodevlab.solara/com.solodevlab.solara.MainActivity]#3](f:0,a:1) ERROR: releaseBufferCallback without corresponding submitted buffer bufferId:32495722561548 framenumber:166860
05-03 23:11:11.471 E/BLASTBufferQueue( 7566): [SurfaceView[com.solodevlab.solara/com.solodevlab.solara.MainActivity]#3](f:0,a:2) Faking releaseBufferCallback from transactionCompleteCallback 166862
05-03 23:11:11.539 E/BLASTBufferQueue( 7566): [SurfaceView[com.solodevlab.solara/com.solodevlab.solara.MainActivity]#3](f:0,a:1) ERROR: releaseBufferCallback without corresponding submitted buffer bufferId:32495722561547 framenumber:166862
05-03 23:11:11.554 E/BLASTBufferQueue( 7566): [SurfaceView[com.solodevlab.solara/com.solodevlab.solara.MainActivity]#3](f:0,a:2) Faking releaseBufferCallback from transactionCompleteCallback 166867
05-03 23:11:11.621 E/BLASTBufferQueue( 7566): [SurfaceView[com.solodevlab.solara/com.solodevlab.solara.MainActivity]#3](f:0,a:1) ERROR: releaseBufferCallback without corresponding submitted buffer bufferId:32495722561545 framenumber:166867
05-03 23:11:11.637 E/BLASTBufferQueue( 7566): [SurfaceView[com.solodevlab.solara/com.solodevlab.solara.MainActivity]#3](f:0,a:2) Faking releaseBufferCallback from transactionCompleteCallback 166872
05-03 23:11:11.739 E/BLASTBufferQueue( 7566): [SurfaceView[com.solodevlab.solara/com.solodevlab.solara.MainActivity]#3](f:0,a:1) ERROR: releaseBufferCallback without corresponding submitted buffer bufferId:32495722561548 framenumber:166872
05-03 23:11:11.754 E/BLASTBufferQueue( 7566): [SurfaceView[com.solodevlab.solara/com.solodevlab.solara.MainActivity]#3](f:0,a:2) Faking releaseBufferCallback from transactionCompleteCallback 166879
05-03 23:11:11.805 E/BLASTBufferQueue( 7566): [SurfaceView[com.solodevlab.solara/com.solodevlab.solara.MainActivity]#3](f:0,a:1) ERROR: releaseBufferCallback without corresponding submitted buffer bufferId:32495722561545 framenumber:166879
05-03 23:11:11.821 E/BLASTBufferQueue( 7566): [SurfaceView[com.solodevlab.solara/com.solodevlab.solara.MainActivity]#3](f:0,a:2) Faking releaseBufferCallback from transactionCompleteCallback 166883
05-03 23:11:11.889 E/BLASTBufferQueue( 7566): [SurfaceView[com.solodevlab.solara/com.solodevlab.solara.MainActivity]#3](f:0,a:1) ERROR: releaseBufferCallback without corresponding submitted buffer bufferId:32495722561547 framenumber:166883
05-03 23:11:11.905 E/BLASTBufferQueue( 7566): [SurfaceView[com.solodevlab.solara/com.solodevlab.solara.MainActivity]#3](f:0,a:2) Faking releaseBufferCallback from transactionCompleteCallback 166888
05-03 23:11:11.940 E/BLASTBufferQueue( 7566): [SurfaceView[com.solodevlab.solara/com.solodevlab.solara.MainActivity]#3](f:0,a:1) ERROR: releaseBufferCallback without corresponding submitted buffer bufferId:32495722561545 framenumber:166888
05-03 23:11:11.955 E/BLASTBufferQueue( 7566): [SurfaceView[com.solodevlab.solara/com.solodevlab.solara.MainActivity]#3](f:0,a:2) Faking releaseBufferCallback from transactionCompleteCallback 166891
05-03 23:11:12.006 E/BLASTBufferQueue( 7566): [SurfaceView[com.solodevlab.solara/com.solodevlab.solara.MainActivity]#3](f:0,a:1) ERROR: releaseBufferCallback without corresponding submitted buffer bufferId:32495722561545 framenumber:166891
05-03 23:11:12.022 E/BLASTBufferQueue( 7566): [SurfaceView[com.solodevlab.solara/com.solodevlab.solara.MainActivity]#3](f:0,a:2) Faking releaseBufferCallback from transactionCompleteCallback 166895
05-03 23:11:12.124 E/BLASTBufferQueue( 7566): [SurfaceView[com.solodevlab.solara/com.solodevlab.solara.MainActivity]#3](f:0,a:1) ERROR: releaseBufferCallback without corresponding submitted buffer bufferId:32495722561547 framenumber:166895
05-03 23:11:12.139 E/BLASTBufferQueue( 7566): [SurfaceView[com.solodevlab.solara/com.solodevlab.solara.MainActivity]#3](f:0,a:2) Faking releaseBufferCallback from transactionCompleteCallback 166902
05-03 23:11:12.257 E/BLASTBufferQueue( 7566): [SurfaceView[com.solodevlab.solara/com.solodevlab.solara.MainActivity]#3](f:0,a:1) ERROR: releaseBufferCallback without corresponding submitted buffer bufferId:32495722561548 framenumber:166902
05-03 23:11:12.273 E/BLASTBufferQueue( 7566): [SurfaceView[com.solodevlab.solara/com.solodevlab.solara.MainActivity]#3](f:0,a:2) Faking releaseBufferCallback from transactionCompleteCallback 166910
05-03 23:11:12.357 E/BLASTBufferQueue( 7566): [SurfaceView[com.solodevlab.solara/com.solodevlab.solara.MainActivity]#3](f:0,a:1) ERROR: releaseBufferCallback without corresponding submitted buffer bufferId:32495722561547 framenumber:166910
05-03 23:11:12.373 E/BLASTBufferQueue( 7566): [SurfaceView[com.solodevlab.solara/com.solodevlab.solara.MainActivity]#3](f:0,a:2) Faking releaseBufferCallback from transactionCompleteCallback 166916
05-03 23:11:12.391 E/BLASTBufferQueue( 7566): [SurfaceView[com.solodevlab.solara/com.solodevlab.solara.MainActivity]#3](f:0,a:1) ERROR: releaseBufferCallback without corresponding submitted buffer bufferId:32495722561547 framenumber:166916
05-03 23:11:12.406 E/BLASTBufferQueue( 7566): [SurfaceView[com.solodevlab.solara/com.solodevlab.solara.MainActivity]#3](f:0,a:2) Faking releaseBufferCallback from transactionCompleteCallback 166918
05-03 23:11:12.457 E/BLASTBufferQueue( 7566): [SurfaceView[com.solodevlab.solara/com.solodevlab.solara.MainActivity]#3](f:0,a:1) ERROR: releaseBufferCallback without corresponding submitted buffer bufferId:32495722561545 framenumber:166918
05-03 23:11:12.473 E/BLASTBufferQueue( 7566): [SurfaceView[com.solodevlab.solara/com.solodevlab.solara.MainActivity]#3](f:0,a:2) Faking releaseBufferCallback from transactionCompleteCallback 166922
05-03 23:11:12.492 E/BLASTBufferQueue( 7566): [SurfaceView[com.solodevlab.solara/com.solodevlab.solara.MainActivity]#3](f:0,a:1) ERROR: releaseBufferCallback without corresponding submitted buffer bufferId:32495722561547 framenumber:166922
05-03 23:11:12.506 E/BLASTBufferQueue( 7566): [SurfaceView[com.solodevlab.solara/com.solodevlab.solara.MainActivity]#3](f:0,a:2) Faking releaseBufferCallback from transactionCompleteCallback 166924
05-03 23:11:12.557 E/BLASTBufferQueue( 7566): [SurfaceView[com.solodevlab.solara/com.solodevlab.solara.MainActivity]#3](f:0,a:1) ERROR: releaseBufferCallback without corresponding submitted buffer bufferId:32495722561545 framenumber:166924
05-03 23:50:24.256 W/lodevlab.solara( 7566): type=1400 audit(0.0:32816): avc:  denied  { read } for  name="u:object_r:vendor_display_prop:s0" dev="tmpfs" ino=12796 scontext=u:r:untrusted_app:s0:c2,c257,c512,c768 tcontext=u:object_r:vendor_display_prop:s0 tclass=file permissive=0
05-03 23:50:24.262 W/libc    ( 7566): Access denied finding property "vendor.display.enable_optimal_refresh_rate"
05-03 23:50:24.283 E/OpenGLRenderer( 7566): Unable to match the desired swap behavior.
05-03 23:50:24.305 W/libc    ( 7566): Access denied finding property "vendor.display.enable_optimal_refresh_rate"
05-03 23:50:24.300 W/lodevlab.solara( 7566): type=1400 audit(0.0:32817): avc:  denied  { read } for  name="u:object_r:vendor_display_prop:s0" dev="tmpfs" ino=12796 scontext=u:r:untrusted_app:s0:c2,c257,c512,c768 tcontext=u:object_r:vendor_display_prop:s0 tclass=file permissive=0
05-03 23:50:24.437 W/lodevlab.solara( 7566): Reducing the number of considered missed Gc histogram windows from 485 to 100
05-03 23:51:41.400 W/libc    ( 7566): Access denied finding property "vendor.display.enable_optimal_refresh_rate"
05-03 23:51:41.396 W/lodevlab.solara( 7566): type=1400 audit(0.0:32826): avc:  denied  { read } for  name="u:object_r:vendor_display_prop:s0" dev="tmpfs" ino=12796 scontext=u:r:untrusted_app:s0:c2,c257,c512,c768 tcontext=u:object_r:vendor_display_prop:s0 tclass=file permissive=0
05-03 23:51:41.403 E/OpenGLRenderer( 7566): Unable to match the desired swap behavior.
05-03 23:51:41.418 W/libc    ( 7566): Access denied finding property "vendor.display.enable_optimal_refresh_rate"
05-03 23:51:41.412 W/lodevlab.solara( 7566): type=1400 audit(0.0:32827): avc:  denied  { read } for  name="u:object_r:vendor_display_prop:s0" dev="tmpfs" ino=12796 scontext=u:r:untrusted_app:s0:c2,c257,c512,c768 tcontext=u:object_r:vendor_display_prop:s0 tclass=file permissive=0
05-03 23:52:06.264 W/lodevlab.solara( 7566): type=1400 audit(0.0:32831): avc:  denied  { read } for  name="u:object_r:vendor_display_prop:s0" dev="tmpfs" ino=12796 scontext=u:r:untrusted_app:s0:c2,c257,c512,c768 tcontext=u:object_r:vendor_display_prop:s0 tclass=file permissive=0
05-03 23:52:06.268 W/libc    ( 7566): Access denied finding property "vendor.display.enable_optimal_refresh_rate"
05-03 23:52:06.271 E/OpenGLRenderer( 7566): Unable to match the desired swap behavior.
05-03 23:52:06.272 W/lodevlab.solara( 7566): type=1400 audit(0.0:32832): avc:  denied  { read } for  name="u:object_r:vendor_display_prop:s0" dev="tmpfs" ino=12796 scontext=u:r:untrusted_app:s0:c2,c257,c512,c768 tcontext=u:object_r:vendor_display_prop:s0 tclass=file permissive=0
05-03 23:52:06.278 W/libc    ( 7566): Access denied finding property "vendor.display.enable_optimal_refresh_rate"
05-03 23:54:58.835 W/libc    ( 7566): Access denied finding property "vendor.display.enable_optimal_refresh_rate"
05-03 23:54:58.832 W/lodevlab.solara( 7566): type=1400 audit(0.0:32833): avc:  denied  { read } for  name="u:object_r:vendor_display_prop:s0" dev="tmpfs" ino=12796 scontext=u:r:untrusted_app:s0:c2,c257,c512,c768 tcontext=u:object_r:vendor_display_prop:s0 tclass=file permissive=0
05-03 23:54:58.837 E/OpenGLRenderer( 7566): Unable to match the desired swap behavior.
05-03 23:54:58.843 W/libc    ( 7566): Access denied finding property "vendor.display.enable_optimal_refresh_rate"
05-03 23:54:58.840 W/lodevlab.solara( 7566): type=1400 audit(0.0:32834): avc:  denied  { read } for  name="u:object_r:vendor_display_prop:s0" dev="tmpfs" ino=12796 scontext=u:r:untrusted_app:s0:c2,c257,c512,c768 tcontext=u:object_r:vendor_display_prop:s0 tclass=file permissive=0
05-03 23:54:59.373 E/BLASTBufferQueue( 7566): [SurfaceView[com.solodevlab.solara/com.solodevlab.solara.MainActivity]#11](f:0,a:2) Faking releaseBufferCallback from transactionCompleteCallback 10
05-03 23:54:59.503 E/BLASTBufferQueue( 7566): [SurfaceView[com.solodevlab.solara/com.solodevlab.solara.MainActivity]#11](f:0,a:2) Faking releaseBufferCallback from transactionCompleteCallback 16
05-03 23:54:59.586 E/BLASTBufferQueue( 7566): [SurfaceView[com.solodevlab.solara/com.solodevlab.solara.MainActivity]#11](f:0,a:2) Faking releaseBufferCallback from transactionCompleteCallback 18
05-03 23:55:01.924 E/BLASTBufferQueue( 7566): [SurfaceView[com.solodevlab.solara/com.solodevlab.solara.MainActivity]#11](f:0,a:2) Faking releaseBufferCallback from transactionCompleteCallback 142
05-03 23:55:01.975 E/BLASTBufferQueue( 7566): [SurfaceView[com.solodevlab.solara/com.solodevlab.solara.MainActivity]#11](f:0,a:2) Faking releaseBufferCallback from transactionCompleteCallback 144
05-03 23:55:02.008 E/BLASTBufferQueue( 7566): [SurfaceView[com.solodevlab.solara/com.solodevlab.solara.MainActivity]#11](f:0,a:2) ERROR: releaseBufferCallback without corresponding submitted buffer bufferId:32495722561561 framenumber:144
05-03 23:55:02.008 E/BLASTBufferQueue( 7566): [SurfaceView[com.solodevlab.solara/com.solodevlab.solara.MainActivity]#11](f:0,a:2) Faking releaseBufferCallback from transactionCompleteCallback 145
05-03 23:55:02.810 E/BLASTBufferQueue( 7566): [SurfaceView[com.solodevlab.solara/com.solodevlab.solara.MainActivity]#11](f:0,a:2) Faking releaseBufferCallback from transactionCompleteCallback 190
05-03 23:55:03.261 E/BLASTBufferQueue( 7566): [SurfaceView[com.solodevlab.solara/com.solodevlab.solara.MainActivity]#11](f:0,a:2) Faking releaseBufferCallback from transactionCompleteCallback 216
05-03 23:55:03.279 E/BLASTBufferQueue( 7566): [SurfaceView[com.solodevlab.solara/com.solodevlab.solara.MainActivity]#11](f:0,a:1) ERROR: releaseBufferCallback without corresponding submitted buffer bufferId:32495722561561 framenumber:216
05-03 23:55:16.110 E/BLASTBufferQueue( 7566): [SurfaceView[com.solodevlab.solara/com.solodevlab.solara.MainActivity]#11](f:0,a:2) Faking releaseBufferCallback from transactionCompleteCallback 978
05-03 23:55:16.194 E/BLASTBufferQueue( 7566): [SurfaceView[com.solodevlab.solara/com.solodevlab.solara.MainActivity]#11](f:0,a:2) Faking releaseBufferCallback from transactionCompleteCallback 980
05-03 23:55:16.429 E/BLASTBufferQueue( 7566): [SurfaceView[com.solodevlab.solara/com.solodevlab.solara.MainActivity]#11](f:0,a:2) Faking releaseBufferCallback from transactionCompleteCallback 984
05-03 23:55:16.477 E/BLASTBufferQueue( 7566): [SurfaceView[com.solodevlab.solara/com.solodevlab.solara.MainActivity]#11](f:0,a:2) Faking releaseBufferCallback from transactionCompleteCallback 986
05-03 23:55:18.066 E/BLASTBufferQueue( 7566): [SurfaceView[com.solodevlab.solara/com.solodevlab.solara.MainActivity]#11](f:0,a:2) Faking releaseBufferCallback from transactionCompleteCallback 1073
05-03 23:55:18.399 E/BLASTBufferQueue( 7566): [SurfaceView[com.solodevlab.solara/com.solodevlab.solara.MainActivity]#11](f:0,a:3) Faking releaseBufferCallback from transactionCompleteCallback 1091
05-03 23:55:18.416 E/BLASTBufferQueue( 7566): [SurfaceView[com.solodevlab.solara/com.solodevlab.solara.MainActivity]#11](f:0,a:2) ERROR: releaseBufferCallback without corresponding submitted buffer bufferId:32495722561560 framenumber:1091
05-03 23:55:24.497 E/BLASTBufferQueue( 7566): [SurfaceView[com.solodevlab.solara/com.solodevlab.solara.MainActivity]#11](f:0,a:2) Faking releaseBufferCallback from transactionCompleteCallback 1456
05-03 23:55:25.567 E/BLASTBufferQueue( 7566): [SurfaceView[com.solodevlab.solara/com.solodevlab.solara.MainActivity]#11](f:0,a:2) Faking releaseBufferCallback from transactionCompleteCallback 1519
05-03 23:55:25.601 E/BLASTBufferQueue( 7566): [SurfaceView[com.solodevlab.solara/com.solodevlab.solara.MainActivity]#11](f:0,a:1) ERROR: releaseBufferCallback without corresponding submitted buffer bufferId:32495722561558 framenumber:1519
05-03 23:55:39.452 E/BLASTBufferQueue( 7566): [SurfaceView[com.solodevlab.solara/com.solodevlab.solara.MainActivity]#11](f:0,a:3) Faking releaseBufferCallback from transactionCompleteCallback 2350
05-03 23:55:39.469 E/BLASTBufferQueue( 7566): [SurfaceView[com.solodevlab.solara/com.solodevlab.solara.MainActivity]#11](f:0,a:2) ERROR: releaseBufferCallback without corresponding submitted buffer bufferId:32495722561558 framenumber:2350
05-03 23:55:40.521 E/BLASTBufferQueue( 7566): [SurfaceView[com.solodevlab.solara/com.solodevlab.solara.MainActivity]#11](f:0,a:2) Faking releaseBufferCallback from transactionCompleteCallback 2413
05-03 23:55:40.540 E/BLASTBufferQueue( 7566): [SurfaceView[com.solodevlab.solara/com.solodevlab.solara.MainActivity]#11](f:0,a:1) ERROR: releaseBufferCallback without corresponding submitted buffer bufferId:32495722561558 framenumber:2413
05-03 23:56:18.187 E/BLASTBufferQueue( 7566): [SurfaceView[com.solodevlab.solara/com.solodevlab.solara.MainActivity]#11](f:0,a:2) Faking releaseBufferCallback from transactionCompleteCallback 4666
05-03 23:56:18.333 E/BLASTBufferQueue( 7566): [SurfaceView[com.solodevlab.solara/com.solodevlab.solara.MainActivity]#11](f:0,a:1) ERROR: releaseBufferCallback without corresponding submitted buffer bufferId:32495722561558 framenumber:4666
05-03 23:56:18.349 E/BLASTBufferQueue( 7566): [SurfaceView[com.solodevlab.solara/com.solodevlab.solara.MainActivity]#11](f:0,a:2) Faking releaseBufferCallback from transactionCompleteCallback 4676
05-03 23:56:18.383 E/BLASTBufferQueue( 7566): [SurfaceView[com.solodevlab.solara/com.solodevlab.solara.MainActivity]#11](f:0,a:1) ERROR: releaseBufferCallback without corresponding submitted buffer bufferId:32495722561560 framenumber:4676
05-03 23:56:18.399 E/BLASTBufferQueue( 7566): [SurfaceView[com.solodevlab.solara/com.solodevlab.solara.MainActivity]#11](f:0,a:2) Faking releaseBufferCallback from transactionCompleteCallback 4679
05-03 23:56:18.466 E/BLASTBufferQueue( 7566): [SurfaceView[com.solodevlab.solara/com.solodevlab.solara.MainActivity]#11](f:0,a:1) ERROR: releaseBufferCallback without corresponding submitted buffer bufferId:32495722561560 framenumber:4679
05-03 23:56:18.482 E/BLASTBufferQueue( 7566): [SurfaceView[com.solodevlab.solara/com.solodevlab.solara.MainActivity]#11](f:0,a:2) Faking releaseBufferCallback from transactionCompleteCallback 4684
05-03 23:56:18.584 E/BLASTBufferQueue( 7566): [SurfaceView[com.solodevlab.solara/com.solodevlab.solara.MainActivity]#11](f:0,a:1) ERROR: releaseBufferCallback without corresponding submitted buffer bufferId:32495722561558 framenumber:4684
05-03 23:56:18.599 E/BLASTBufferQueue( 7566): [SurfaceView[com.solodevlab.solara/com.solodevlab.solara.MainActivity]#11](f:0,a:2) Faking releaseBufferCallback from transactionCompleteCallback 4691
05-03 23:56:18.667 E/BLASTBufferQueue( 7566): [SurfaceView[com.solodevlab.solara/com.solodevlab.solara.MainActivity]#11](f:0,a:1) ERROR: releaseBufferCallback without corresponding submitted buffer bufferId:32495722561560 framenumber:4691
